Customer ID,Gender,Age,Category,Item Purchased,Purchase Amount,Location,Size,Color,Season,Review Rating,Subscription Status,Shipping Type,Payment Method,Discount Applied,Promo Code Used,Previous Purchases,Preferred Brand,Frequency of Purchases,High Value Customer
CUST-0001,Male,22,Sports,Cycling Bottle,219.3,New York,XL,White,Spring,3.64,No,Pickup,Cash,No,No,13,Aster,Monthly,No
CUST-0002,Female,38,Sports,Running Shoes,316.76,Miami,L,White,Spring,4.12,Yes,Pickup,PayPal,No,No,20,Summit,Bi-Weekly,Yes
CUST-0003,Female,42,Clothing,Sweater,196.48,Chicago,L,Red,Spring,3.88,Yes,Next Day,Cash,No,No,9,Luma,Annually,No
CUST-0004,Male,38,Clothing,Dress,218.38,Miami,M,White,Fall,4.64,No,Standard,Cash,No,No,20,Summit,Annually,No
CUST-0005,Male,63,Beauty,Serum,234.28,Boston,S,Purple,Spring,4.02,Yes,Pickup,Cash,No,No,12,Summit,Monthly,No
CUST-0006,Male,42,Clothing,Jacket,202.27,Boston,XL,Red,Winter,4.76,No,Next Day,PayPal,Yes,Yes,16,Summit,Bi-Weekly,No
CUST-0007,Male,71,Sports,Dumbbells,228.27,New York,M,Purple,Spring,4.36,Yes,Express,Bank Transfer,No,No,4,Vivid,Annually,No
CUST-0008,Female,53,Clothing,Jeans,147.46,New York,S,Black,Winter,4.6,No,Next Day,Cash,Yes,Yes,4,Horizon,Quarterly,No
CUST-0009,Female,30,Electronics,Laptop,331.25,Austin,S,Blue,Spring,5.0,No,Pickup,Debit Card,No,No,11,Northwind,Bi-Weekly,Yes
CUST-0010,Male,60,Electronics,Phone,284.21,New York,L,Gold,Spring,3.82,Yes,Next Day,PayPal,Yes,No,8,Horizon,Annually,Yes
CUST-0011,Female,53,Home,Desk,217.53,New York,XL,Green,Spring,4.51,Yes,Standard,Cash,Yes,No,5,Northwind,Quarterly,No
CUST-0012,Female,23,Home,Desk,294.34,Chicago,XL,Green,Summer,4.85,No,Express,Credit Card,No,No,12,Northwind,Monthly,Yes
CUST-0013,Female,41,Home,Storage Bin,178.44,Houston,M,Gold,Summer,4.36,No,Express,Bank Transfer,Yes,No,9,Summit,Monthly,No
CUST-0014,Female,25,Electronics,Laptop,317.06,Boston,XL,Purple,Winter,3.56,Yes,Next Day,Cash,Yes,Yes,22,Aster,Monthly,Yes
CUST-0015,Male,42,Books,Science Book,186.5,Boston,M,Green,Fall,3.37,Yes,Pickup,Bank Transfer,Yes,No,13,Aster,Annually,No
CUST-0016,Female,71,Books,Novel,167.04,Seattle,L,Blue,Spring,5.0,No,Express,Cash,Yes,No,9,Horizon,Bi-Weekly,No
CUST-0017,Female,19,Clothing,T-Shirt,202.14,Boston,S,Blue,Fall,3.97,No,Standard,Credit Card,Yes,Yes,24,Summit,Monthly,No
CUST-0018,Male,45,Clothing,T-Shirt,171.28,Boston,One Size,Black,Summer,4.01,No,Pickup,PayPal,Yes,No,14,Aster,Quarterly,No
CUST-0019,Female,41,Electronics,Phone,314.81,Austin,M,Black,Summer,4.09,No,Pickup,Debit Card,Yes,No,24,Luma,Monthly,Yes
CUST-0020,Male,47,Electronics,Phone,322.31,Austin,S,Green,Spring,4.48,No,Express,Bank Transfer,No,No,12,Vivid,Weekly,Yes
CUST-0021,Male,31,Home,Cookware,301.26,Houston,XL,Gold,Winter,4.18,No,Express,Debit Card,Yes,No,23,Horizon,Annually,Yes
CUST-0022,Male,64,Sports,Fitness Tracker,236.86,Houston,One Size,Black,Winter,3.54,No,Express,Credit Card,No,No,4,Luma,Weekly,No
CUST-0023,Male,50,Clothing,T-Shirt,203.19,Miami,S,Red,Spring,4.98,Yes,Standard,Credit Card,Yes,Yes,11,Vivid,Annually,No
CUST-0024,Female,39,Sports,Running Shoes,220.46,New York,L,White,Winter,3.7,Yes,Next Day,Debit Card,Yes,No,14,Aster,Bi-Weekly,No
CUST-0025,Male,23,Books,Science Book,163.81,Boston,S,Purple,Winter,4.29,No,Pickup,Debit Card,No,No,14,Summit,Quarterly,No
CUST-0026,Female,60,Home,Storage Bin,170.56,Houston,One Size,Red,Winter,2.99,No,Standard,Debit Card,Yes,Yes,7,Aster,Monthly,No
CUST-0027,Male,45,Electronics,Laptop,332.75,Los Angeles,XL,White,Summer,4.57,No,Pickup,Cash,Yes,No,19,Northwind,Annually,Yes
CUST-0028,Female,63,Beauty,Perfume,297.82,Chicago,S,Purple,Spring,5.0,No,Next Day,Debit Card,Yes,No,21,Vivid,Weekly,Yes
CUST-0029,Male,46,Books,Science Book,143.87,Los Angeles,One Size,Blue,Fall,3.37,No,Pickup,Bank Transfer,No,No,3,Northwind,Weekly,No
CUST-0030,Female,23,Home,Desk,203.91,Miami,XL,Red,Fall,3.82,No,Next Day,Cash,No,No,12,Luma,Weekly,No
CUST-0031,Female,56,Electronics,Phone,342.66,Austin,XL,White,Fall,3.63,Yes,Pickup,Cash,No,No,16,Northwind,Monthly,Yes
CUST-0032,Male,34,Books,History Book,266.12,Miami,XL,Blue,Spring,4.86,No,Pickup,Cash,No,No,23,Aster,Bi-Weekly,No
CUST-0033,Female,18,Clothing,Dress,180.97,Chicago,One Size,Gold,Fall,5.0,Yes,Next Day,PayPal,No,No,14,Aster,Quarterly,No
CUST-0034,Male,62,Home,Lamp,334.22,Chicago,L,Gold,Fall,3.91,Yes,Express,Cash,No,No,24,Summit,Annually,Yes
CUST-0035,Female,53,Beauty,Brush Set,292.02,Seattle,S,Green,Winter,4.84,Yes,Standard,Debit Card,Yes,No,21,Summit,Weekly,Yes
CUST-0036,Male,67,Clothing,Sweater,182.89,Seattle,One Size,Purple,Winter,4.04,No,Standard,Debit Card,No,No,2,Aster,Quarterly,No
CUST-0037,Male,62,Clothing,Sweater,191.45,New York,S,Green,Fall,3.18,No,Next Day,PayPal,No,No,11,Aster,Weekly,No
CUST-0038,Female,28,Books,Self-help,254.05,Seattle,L,Black,Spring,4.92,Yes,Standard,Cash,No,No,22,Horizon,Weekly,No
CUST-0039,Male,38,Sports,Fitness Tracker,251.37,Chicago,XL,Gold,Fall,5.0,Yes,Pickup,Debit Card,Yes,No,11,Vivid,Bi-Weekly,No
CUST-0040,Female,53,Electronics,Smartwatch,290.85,Miami,S,Black,Winter,4.49,Yes,Standard,Credit Card,Yes,Yes,8,Horizon,Quarterly,Yes
CUST-0041,Female,63,Electronics,Laptop,298.81,Austin,S,Blue,Summer,3.96,No,Standard,Credit Card,Yes,No,9,Vivid,Monthly,Yes
CUST-0042,Female,52,Home,Lamp,280.42,Miami,L,Green,Fall,4.67,No,Pickup,Debit Card,No,No,18,Luma,Monthly,Yes
CUST-0043,Male,32,Sports,Cycling Bottle,149.56,Miami,L,Black,Spring,4.58,Yes,Pickup,Bank Transfer,Yes,Yes,2,Northwind,Monthly,No
CUST-0044,Male,27,Sports,Cycling Bottle,122.06,Houston,L,Blue,Fall,3.86,No,Next Day,Credit Card,Yes,No,3,Aster,Annually,No
CUST-0045,Female,59,Electronics,Tablet,340.48,Austin,XL,Blue,Spring,4.9,Yes,Next Day,Cash,Yes,No,18,Aster,Annually,Yes
CUST-0046,Non-binary,71,Clothing,Jacket,214.26,Miami,One Size,Blue,Summer,3.99,No,Standard,Credit Card,Yes,No,11,Northwind,Weekly,No
CUST-0047,Male,52,Home,Chair,310.29,Austin,L,Purple,Summer,4.12,Yes,Standard,Debit Card,No,No,21,Vivid,Monthly,Yes
CUST-0048,Male,54,Electronics,Tablet,326.4,Seattle,One Size,Blue,Winter,4.19,No,Next Day,Bank Transfer,No,No,19,Horizon,Annually,Yes
CUST-0049,Male,24,Home,Storage Bin,263.57,Houston,L,Red,Spring,4.9,Yes,Pickup,Bank Transfer,No,No,10,Northwind,Bi-Weekly,No
CUST-0050,Female,28,Home,Desk,275.3,Chicago,S,Green,Fall,3.2,Yes,Standard,Credit Card,No,No,17,Summit,Quarterly,Yes
CUST-0051,Female,71,Beauty,Skincare Set,283.77,Chicago,One Size,Green,Winter,3.65,No,Standard,Credit Card,No,No,20,Horizon,Annually,Yes
CUST-0052,Non-binary,53,Electronics,Smartwatch,274.79,Boston,One Size,Purple,Fall,3.88,Yes,Express,Debit Card,No,No,1,Luma,Annually,Yes
CUST-0053,Male,35,Sports,Fitness Tracker,136.47,Boston,S,White,Fall,3.04,No,Pickup,Debit Card,No,No,6,Aster,Annually,No
CUST-0054,Female,20,Beauty,Skincare Set,128.38,Houston,S,Gold,Fall,5.0,No,Express,Cash,Yes,Yes,2,Northwind,Annually,No
CUST-0055,Male,32,Electronics,Tablet,314.82,Boston,One Size,Green,Fall,3.96,Yes,Pickup,PayPal,Yes,Yes,19,Luma,Quarterly,Yes
CUST-0056,Female,49,Clothing,Dress,209.61,New York,XL,Blue,Summer,4.01,No,Next Day,Cash,Yes,No,24,Vivid,Weekly,No
CUST-0057,Female,21,Home,Chair,169.86,Chicago,S,Black,Summer,4.38,Yes,Standard,Debit Card,Yes,Yes,8,Horizon,Annually,No
CUST-0058,Female,36,Home,Storage Bin,240.38,Chicago,M,Gold,Summer,2.4,Yes,Pickup,Debit Card,Yes,No,22,Northwind,Monthly,No
CUST-0059,Male,64,Clothing,Jeans,211.77,Chicago,One Size,Black,Summer,4.7,No,Pickup,Debit Card,No,No,16,Horizon,Annually,No
CUST-0060,Female,71,Books,Cookbook,267.51,Houston,L,White,Spring,4.48,Yes,Express,PayPal,No,No,16,Luma,Monthly,No
CUST-0061,Male,68,Clothing,Sweater,112.82,New York,M,Green,Spring,3.51,No,Next Day,Debit Card,Yes,Yes,2,Aster,Quarterly,No
CUST-0062,Male,38,Electronics,Headphones,362.18,Miami,M,Blue,Spring,4.1,Yes,Express,Credit Card,Yes,Yes,21,Northwind,Monthly,Yes
CUST-0063,Female,47,Electronics,Tablet,340.7,Los Angeles,M,Green,Spring,4.8,No,Next Day,Bank Transfer,Yes,No,18,Northwind,Monthly,Yes
CUST-0064,Male,20,Clothing,Jeans,87.46,Los Angeles,S,Gold,Spring,2.63,Yes,Pickup,Credit Card,Yes,No,1,Horizon,Bi-Weekly,No
CUST-0065,Male,55,Sports,Fitness Tracker,194.57,Seattle,XL,Red,Spring,3.52,No,Pickup,Bank Transfer,Yes,No,6,Luma,Annually,No
CUST-0066,Female,50,Electronics,Headphones,302.79,Houston,S,Green,Summer,4.5,Yes,Next Day,Debit Card,Yes,Yes,8,Summit,Bi-Weekly,Yes
CUST-0067,Female,53,Beauty,Skincare Set,223.82,Houston,M,Black,Winter,4.54,No,Standard,Debit Card,Yes,No,17,Summit,Quarterly,No
CUST-0068,Male,45,Books,History Book,170.54,Seattle,M,Black,Fall,4.14,No,Express,Bank Transfer,No,No,13,Summit,Weekly,No
CUST-0069,Female,25,Sports,Dumbbells,238.2,Los Angeles,S,Black,Fall,3.47,Yes,Pickup,Bank Transfer,Yes,No,15,Vivid,Monthly,No
CUST-0070,Female,39,Sports,Cycling Bottle,275.03,Austin,S,Blue,Winter,3.89,Yes,Standard,PayPal,Yes,No,20,Luma,Weekly,Yes
CUST-0071,Male,26,Books,Self-help,98.92,Chicago,S,Green,Spring,2.91,No,Pickup,Bank Transfer,Yes,Yes,9,Horizon,Quarterly,No
CUST-0072,Female,65,Beauty,Makeup Kit,308.02,Houston,One Size,Red,Summer,4.02,No,Next Day,Credit Card,No,No,21,Aster,Bi-Weekly,Yes
CUST-0073,Non-binary,42,Electronics,Phone,346.9,Houston,XL,Gold,Winter,3.74,Yes,Express,Cash,No,No,14,Vivid,Weekly,Yes
CUST-0074,Male,50,Clothing,Jeans,245.47,Miami,M,Blue,Winter,4.73,Yes,Express,Credit Card,Yes,Yes,17,Summit,Bi-Weekly,No
CUST-0075,Male,49,Clothing,Sweater,103.31,Austin,S,Red,Fall,4.77,No,Express,PayPal,Yes,No,1,Horizon,Bi-Weekly,No
CUST-0076,Male,53,Electronics,Laptop,404.93,Houston,M,Gold,Winter,3.46,No,Next Day,Bank Transfer,No,No,24,Horizon,Weekly,Yes
CUST-0077,Male,30,Sports,Running Shoes,137.53,Boston,XL,Blue,Fall,3.76,Yes,Express,Credit Card,Yes,Yes,3,Luma,Monthly,No
CUST-0078,Male,57,Sports,Yoga Mat,285.65,Houston,S,White,Fall,4.3,Yes,Standard,Bank Transfer,Yes,Yes,22,Northwind,Annually,Yes
CUST-0079,Male,21,Beauty,Makeup Kit,183.85,Los Angeles,One Size,Green,Winter,4.02,Yes,Next Day,PayPal,Yes,No,8,Northwind,Weekly,No
CUST-0080,Female,68,Home,Desk,269.39,Seattle,M,Red,Winter,5.0,Yes,Express,PayPal,No,No,4,Luma,Annually,No
CUST-0081,Male,38,Electronics,Headphones,270.17,Houston,S,Blue,Spring,4.46,No,Express,Credit Card,No,No,2,Horizon,Monthly,No
CUST-0082,Non-binary,46,Sports,Fitness Tracker,210.86,Boston,M,Red,Winter,5.0,No,Next Day,Credit Card,Yes,No,9,Aster,Quarterly,No
CUST-0083,Male,52,Books,Self-help,235.16,Seattle,L,Blue,Fall,4.92,Yes,Pickup,PayPal,Yes,Yes,22,Aster,Quarterly,No
CUST-0084,Male,24,Books,Self-help,180.32,Chicago,L,Purple,Fall,4.58,No,Next Day,PayPal,Yes,Yes,15,Vivid,Bi-Weekly,No
CUST-0085,Male,71,Home,Storage Bin,269.7,Chicago,One Size,Purple,Fall,5.0,No,Next Day,PayPal,No,No,5,Northwind,Quarterly,No
CUST-0086,Male,37,Home,Lamp,261.23,Boston,L,Red,Fall,3.95,Yes,Standard,Bank Transfer,Yes,Yes,16,Horizon,Monthly,No
CUST-0087,Female,35,Beauty,Skincare Set,254.79,Chicago,S,Gold,Summer,3.51,Yes,Pickup,Credit Card,No,No,19,Northwind,Weekly,No
CUST-0088,Male,24,Electronics,Laptop,290.25,Boston,One Size,Gold,Fall,2.68,No,Next Day,Debit Card,No,No,17,Summit,Bi-Weekly,Yes
CUST-0089,Non-binary,21,Electronics,Laptop,281.25,Miami,XL,Red,Spring,4.83,Yes,Pickup,Cash,No,No,9,Horizon,Annually,Yes
CUST-0090,Female,64,Home,Desk,314.19,Boston,One Size,Blue,Winter,4.57,No,Pickup,Debit Card,No,No,23,Aster,Quarterly,Yes
CUST-0091,Female,30,Home,Cookware,271.14,Boston,M,Green,Fall,5.0,Yes,Express,Debit Card,No,No,9,Horizon,Quarterly,No
CUST-0092,Male,62,Clothing,T-Shirt,237.36,Chicago,L,Purple,Spring,4.08,Yes,Next Day,Bank Transfer,Yes,Yes,19,Horizon,Annually,No
CUST-0093,Female,19,Books,History Book,170.27,Chicago,One Size,Green,Spring,3.96,Yes,Pickup,PayPal,Yes,No,12,Luma,Monthly,No
CUST-0094,Male,24,Home,Chair,301.44,Seattle,M,Green,Winter,5.0,No,Standard,Cash,Yes,No,24,Summit,Quarterly,Yes
CUST-0095,Male,34,Clothing,Jacket,244.06,Chicago,XL,Purple,Summer,4.85,No,Pickup,Cash,No,No,23,Horizon,Bi-Weekly,No
CUST-0096,Female,58,Books,Cookbook,224.32,Los Angeles,L,Gold,Winter,4.57,Yes,Express,Credit Card,Yes,Yes,13,Northwind,Weekly,No
CUST-0097,Female,23,Sports,Yoga Mat,203.43,Chicago,S,Black,Spring,5.0,No,Pickup,Debit Card,Yes,No,11,Summit,Monthly,No
CUST-0098,Female,39,Home,Desk,257.86,Houston,XL,Red,Summer,4.75,Yes,Next Day,Debit Card,No,No,6,Summit,Weekly,No
CUST-0099,Female,26,Electronics,Phone,224.16,Boston,One Size,Purple,Spring,5.0,No,Express,Credit Card,Yes,Yes,5,Luma,Annually,No
CUST-0100,Female,65,Electronics,Laptop,319.95,Boston,S,Red,Fall,3.99,No,Express,PayPal,Yes,No,18,Luma,Quarterly,Yes
CUST-0101,Female,33,Sports,Running Shoes,169.8,Chicago,L,White,Summer,3.67,Yes,Next Day,Credit Card,Yes,Yes,11,Vivid,Annually,No
CUST-0102,Female,21,Beauty,Skincare Set,215.87,Los Angeles,One Size,Gold,Spring,5.0,No,Pickup,PayPal,Yes,Yes,23,Horizon,Monthly,No
CUST-0103,Male,19,Clothing,Jeans,169.34,New York,L,Red,Spring,3.62,Yes,Pickup,Cash,Yes,Yes,9,Horizon,Monthly,No
CUST-0104,Male,37,Sports,Yoga Mat,262.02,Austin,XL,Black,Winter,5.0,Yes,Express,Credit Card,Yes,No,15,Luma,Quarterly,No
CUST-0105,Male,25,Electronics,Smartwatch,299.38,New York,M,Red,Winter,3.4,No,Pickup,Bank Transfer,Yes,No,20,Luma,Monthly,Yes
CUST-0106,Male,44,Home,Desk,347.0,Los Angeles,XL,Blue,Spring,5.0,Yes,Pickup,Credit Card,No,No,21,Summit,Monthly,Yes
CUST-0107,Female,61,Books,Self-help,148.73,Boston,M,Purple,Summer,3.73,No,Next Day,Bank Transfer,Yes,Yes,7,Vivid,Bi-Weekly,No
CUST-0108,Male,35,Clothing,Jacket,190.54,Boston,One Size,Blue,Winter,3.65,No,Pickup,Debit Card,Yes,No,19,Luma,Annually,No
CUST-0109,Female,71,Electronics,Phone,361.16,New York,One Size,Gold,Fall,4.09,Yes,Standard,Cash,No,No,22,Vivid,Bi-Weekly,Yes
CUST-0110,Female,58,Home,Desk,210.82,New York,L,Purple,Winter,4.37,No,Pickup,Debit Card,Yes,No,9,Summit,Weekly,No
CUST-0111,Female,29,Books,History Book,64.45,Houston,One Size,Purple,Spring,4.69,No,Pickup,Bank Transfer,Yes,No,3,Aster,Monthly,No
CUST-0112,Female,44,Electronics,Smartwatch,337.45,Chicago,S,Blue,Spring,4.66,No,Standard,Credit Card,Yes,Yes,21,Summit,Annually,Yes
CUST-0113,Female,45,Clothing,Jacket,166.85,Boston,XL,Black,Summer,3.11,No,Standard,Credit Card,Yes,Yes,24,Vivid,Monthly,No
CUST-0114,Male,25,Books,Novel,204.79,Miami,M,Purple,Summer,4.1,Yes,Next Day,Bank Transfer,No,No,16,Horizon,Monthly,No
CUST-0115,Female,37,Books,Novel,172.14,Miami,One Size,Green,Spring,4.65,No,Express,PayPal,No,No,10,Aster,Quarterly,No
CUST-0116,Female,63,Clothing,Dress,207.78,Seattle,S,Gold,Winter,3.0,Yes,Pickup,PayPal,Yes,Yes,11,Northwind,Bi-Weekly,No
CUST-0117,Male,28,Sports,Fitness Tracker,253.97,Los Angeles,XL,Red,Winter,4.51,No,Pickup,Cash,No,No,16,Aster,Bi-Weekly,No
CUST-0118,Female,47,Books,History Book,184.48,Boston,XL,Red,Summer,5.0,Yes,Express,PayPal,Yes,No,9,Summit,Weekly,No
CUST-0119,Female,28,Clothing,Sweater,175.35,Chicago,S,Gold,Spring,3.23,No,Standard,Bank Transfer,Yes,Yes,16,Luma,Weekly,No
CUST-0120,Male,30,Clothing,T-Shirt,172.72,Seattle,M,Gold,Summer,5.0,No,Pickup,PayPal,No,No,5,Vivid,Annually,No
CUST-0121,Male,24,Clothing,Jeans,227.59,Miami,L,Green,Winter,5.0,Yes,Pickup,Debit Card,Yes,No,11,Northwind,Weekly,No
CUST-0122,Male,53,Beauty,Brush Set,200.17,Los Angeles,XL,Gold,Winter,4.19,Yes,Next Day,Credit Card,Yes,No,12,Luma,Monthly,No
CUST-0123,Male,45,Clothing,Jacket,143.02,Boston,L,White,Spring,4.03,No,Standard,Cash,No,No,1,Horizon,Bi-Weekly,No
CUST-0124,Female,43,Beauty,Skincare Set,187.76,Houston,One Size,Blue,Summer,4.51,No,Pickup,Cash,Yes,No,16,Summit,Quarterly,No
CUST-0125,Female,50,Home,Desk,263.07,New York,XL,Red,Summer,4.24,Yes,Next Day,PayPal,Yes,No,10,Northwind,Weekly,No
CUST-0126,Male,58,Books,Science Book,279.34,Los Angeles,M,White,Summer,4.81,No,Standard,Debit Card,No,No,22,Luma,Weekly,Yes
CUST-0127,Male,60,Electronics,Headphones,282.55,Los Angeles,M,Blue,Spring,4.48,No,Next Day,Bank Transfer,Yes,No,11,Horizon,Monthly,Yes
CUST-0128,Female,58,Electronics,Laptop,344.56,Chicago,S,White,Spring,5.0,Yes,Next Day,PayPal,No,No,6,Northwind,Bi-Weekly,Yes
CUST-0129,Male,18,Electronics,Headphones,219.88,Austin,M,Red,Winter,3.34,No,Express,Debit Card,No,No,1,Luma,Monthly,No
CUST-0130,Female,51,Sports,Dumbbells,256.58,Miami,XL,Black,Fall,4.47,No,Express,Credit Card,Yes,No,12,Summit,Monthly,No
CUST-0131,Female,56,Sports,Dumbbells,244.34,Houston,One Size,Green,Winter,5.0,No,Express,Credit Card,Yes,Yes,18,Northwind,Quarterly,No
CUST-0132,Male,68,Clothing,Jeans,298.94,Los Angeles,XL,Black,Fall,3.73,Yes,Standard,Bank Transfer,No,No,21,Summit,Weekly,Yes
CUST-0133,Female,70,Clothing,Jeans,250.46,Chicago,XL,Gold,Winter,4.78,Yes,Express,Bank Transfer,No,No,14,Northwind,Annually,No
CUST-0134,Female,41,Sports,Running Shoes,273.82,Miami,XL,Purple,Winter,4.5,Yes,Next Day,Debit Card,No,No,14,Northwind,Bi-Weekly,No
CUST-0135,Male,57,Electronics,Smartwatch,308.59,Chicago,XL,White,Summer,3.23,Yes,Standard,Credit Card,Yes,No,11,Horizon,Monthly,Yes
CUST-0136,Male,52,Electronics,Laptop,272.54,Austin,S,White,Winter,3.23,No,Pickup,Cash,Yes,No,3,Northwind,Weekly,No
CUST-0137,Female,28,Sports,Cycling Bottle,260.18,Boston,M,Green,Summer,5.0,Yes,Standard,Debit Card,No,No,13,Horizon,Monthly,No
CUST-0138,Male,63,Clothing,Dress,304.76,Boston,L,Purple,Spring,5.0,No,Next Day,Debit Card,No,No,21,Vivid,Weekly,Yes
CUST-0139,Female,47,Sports,Dumbbells,110.88,Seattle,S,Black,Winter,4.1,No,Next Day,Credit Card,Yes,No,2,Luma,Annually,No
CUST-0140,Male,58,Clothing,Jeans,254.99,Seattle,XL,Red,Fall,5.0,Yes,Pickup,PayPal,No,No,19,Summit,Quarterly,No
CUST-0141,Male,31,Sports,Running Shoes,218.88,Miami,One Size,Black,Fall,5.0,No,Pickup,Credit Card,Yes,Yes,9,Vivid,Weekly,No
CUST-0142,Female,71,Electronics,Headphones,291.76,Houston,XL,Blue,Fall,3.09,No,Pickup,Bank Transfer,No,No,8,Northwind,Quarterly,Yes
CUST-0143,Male,68,Clothing,Sweater,208.22,Austin,XL,Blue,Fall,4.43,No,Standard,PayPal,Yes,No,20,Luma,Annually,No
CUST-0144,Female,39,Electronics,Headphones,355.67,Houston,M,Purple,Fall,5.0,Yes,Next Day,Bank Transfer,No,No,13,Summit,Bi-Weekly,Yes
CUST-0145,Female,36,Beauty,Brush Set,121.26,Chicago,XL,Gold,Fall,4.13,No,Express,Credit Card,No,No,8,Northwind,Annually,No
CUST-0146,Female,61,Clothing,Jeans,247.86,Austin,S,Gold,Fall,5.0,Yes,Pickup,Bank Transfer,Yes,Yes,5,Northwind,Weekly,No
CUST-0147,Male,22,Sports,Yoga Mat,207.4,Boston,L,Black,Winter,3.21,No,Pickup,PayPal,No,No,11,Vivid,Monthly,No
CUST-0148,Male,42,Clothing,Jacket,237.78,Houston,XL,White,Summer,4.73,Yes,Pickup,Credit Card,Yes,Yes,21,Vivid,Annually,No
CUST-0149,Male,29,Beauty,Serum,162.08,Boston,One Size,Black,Summer,5.0,No,Express,Debit Card,Yes,Yes,7,Vivid,Weekly,No
CUST-0150,Female,51,Beauty,Skincare Set,209.87,New York,XL,Red,Spring,5.0,Yes,Pickup,PayPal,Yes,No,6,Summit,Bi-Weekly,No
CUST-0151,Male,20,Home,Cookware,244.26,New York,XL,Purple,Winter,4.83,No,Next Day,Bank Transfer,No,No,24,Summit,Monthly,No
CUST-0152,Female,45,Home,Desk,184.85,Miami,One Size,Gold,Fall,4.24,Yes,Express,PayPal,Yes,No,6,Vivid,Monthly,No
CUST-0153,Female,56,Clothing,T-Shirt,215.64,New York,One Size,Gold,Spring,4.32,No,Express,Credit Card,No,No,8,Horizon,Weekly,No
CUST-0154,Female,30,Sports,Running Shoes,196.69,Houston,M,Gold,Winter,3.92,Yes,Express,Debit Card,Yes,No,7,Summit,Annually,No
CUST-0155,Female,36,Books,Self-help,99.69,Chicago,M,Blue,Fall,3.62,No,Express,Debit Card,Yes,No,6,Luma,Annually,No
CUST-0156,Male,66,Home,Lamp,277.34,Seattle,S,Red,Fall,3.83,Yes,Next Day,Cash,Yes,Yes,18,Vivid,Weekly,Yes
CUST-0157,Male,71,Sports,Running Shoes,338.27,Austin,L,White,Spring,4.73,Yes,Standard,Credit Card,No,No,22,Northwind,Weekly,Yes
CUST-0158,Male,20,Sports,Yoga Mat,183.08,Los Angeles,L,Green,Spring,4.46,No,Express,PayPal,No,No,2,Aster,Weekly,No
CUST-0159,Female,50,Clothing,Sweater,259.97,Austin,M,Purple,Fall,4.78,No,Next Day,Credit Card,No,No,21,Horizon,Annually,No
CUST-0160,Male,43,Clothing,T-Shirt,208.64,Chicago,L,Green,Summer,4.39,No,Next Day,Credit Card,No,No,16,Vivid,Annually,No
CUST-0161,Male,20,Beauty,Perfume,147.62,Boston,M,White,Spring,3.48,Yes,Express,PayPal,Yes,Yes,2,Northwind,Monthly,No
CUST-0162,Male,67,Books,History Book,214.06,Austin,L,Black,Winter,4.62,No,Standard,Cash,No,No,22,Summit,Weekly,No
CUST-0163,Female,21,Electronics,Tablet,242.55,Boston,L,Red,Spring,5.0,No,Standard,Cash,No,No,5,Luma,Quarterly,No
CUST-0164,Female,45,Beauty,Perfume,228.34,Chicago,One Size,White,Summer,3.28,No,Next Day,Debit Card,No,No,23,Luma,Annually,No
CUST-0165,Male,28,Beauty,Brush Set,189.47,Miami,One Size,Black,Summer,3.71,No,Pickup,Cash,Yes,Yes,11,Aster,Annually,No
CUST-0166,Female,36,Electronics,Headphones,311.98,Chicago,S,Purple,Fall,4.04,No,Standard,PayPal,No,No,11,Northwind,Weekly,Yes
CUST-0167,Male,55,Clothing,Jacket,271.38,Los Angeles,XL,Black,Spring,4.08,Yes,Standard,PayPal,Yes,Yes,17,Horizon,Bi-Weekly,No
CUST-0168,Male,33,Beauty,Skincare Set,171.88,New York,L,Black,Summer,4.27,No,Express,Debit Card,No,No,10,Luma,Monthly,No
CUST-0169,Female,25,Electronics,Phone,318.31,Houston,L,Purple,Spring,4.31,No,Pickup,Bank Transfer,Yes,No,24,Vivid,Annually,Yes
CUST-0170,Female,33,Books,Self-help,203.25,New York,M,Red,Winter,4.18,Yes,Pickup,PayPal,No,No,9,Aster,Monthly,No
CUST-0171,Male,45,Books,Cookbook,208.24,Chicago,L,Black,Spring,3.77,Yes,Pickup,Cash,Yes,No,19,Vivid,Monthly,No
CUST-0172,Non-binary,40,Electronics,Smartwatch,349.99,Seattle,XL,Gold,Spring,3.91,Yes,Express,PayPal,Yes,Yes,21,Luma,Annually,Yes
CUST-0173,Male,28,Clothing,T-Shirt,144.31,Boston,XL,Red,Spring,5.0,No,Express,Debit Card,Yes,Yes,10,Horizon,Monthly,No
CUST-0174,Female,43,Clothing,T-Shirt,85.24,Austin,L,Blue,Fall,4.51,No,Next Day,Credit Card,Yes,No,3,Northwind,Annually,No
CUST-0175,Female,26,Books,Self-help,152.14,Miami,M,Red,Spring,4.23,No,Next Day,Bank Transfer,Yes,Yes,11,Vivid,Weekly,No
CUST-0176,Male,68,Electronics,Laptop,314.5,Chicago,One Size,Black,Summer,2.7,Yes,Pickup,Debit Card,Yes,Yes,10,Horizon,Bi-Weekly,Yes
CUST-0177,Female,30,Books,Cookbook,139.03,Chicago,One Size,Black,Fall,4.7,No,Express,Bank Transfer,No,No,2,Summit,Monthly,No
CUST-0178,Female,66,Sports,Cycling Bottle,259.91,Chicago,S,Gold,Summer,3.74,No,Express,Credit Card,Yes,No,19,Aster,Weekly,No
CUST-0179,Female,61,Clothing,Dress,284.34,Houston,M,Gold,Summer,4.06,Yes,Express,Cash,Yes,Yes,24,Horizon,Weekly,Yes
CUST-0180,Male,65,Electronics,Tablet,266.17,Seattle,S,Blue,Summer,3.87,No,Standard,Debit Card,Yes,No,4,Vivid,Monthly,No
CUST-0181,Female,54,Books,Science Book,241.95,Seattle,One Size,White,Spring,4.18,No,Standard,PayPal,No,No,8,Vivid,Weekly,No
CUST-0182,Female,68,Beauty,Serum,276.17,New York,M,Green,Spring,4.78,Yes,Next Day,Bank Transfer,Yes,No,13,Horizon,Weekly,Yes
CUST-0183,Male,31,Home,Lamp,323.5,Chicago,XL,Red,Summer,5.0,Yes,Standard,Cash,No,No,19,Horizon,Bi-Weekly,Yes
CUST-0184,Male,44,Clothing,Jacket,173.45,Austin,XL,Gold,Summer,3.37,Yes,Next Day,Debit Card,Yes,Yes,11,Vivid,Annually,No
CUST-0185,Male,51,Beauty,Perfume,254.04,New York,M,Green,Fall,4.16,Yes,Pickup,Cash,No,No,10,Luma,Annually,No
CUST-0186,Female,35,Electronics,Smartwatch,269.89,New York,L,Blue,Fall,4.26,Yes,Standard,Debit Card,Yes,Yes,5,Northwind,Bi-Weekly,No
CUST-0187,Male,71,Home,Cookware,321.21,Chicago,One Size,Blue,Fall,4.82,No,Pickup,Bank Transfer,Yes,No,18,Horizon,Monthly,Yes
CUST-0188,Female,71,Clothing,Dress,203.52,Houston,S,Red,Spring,4.31,No,Next Day,Cash,No,No,16,Vivid,Annually,No
CUST-0189,Female,20,Clothing,T-Shirt,150.23,Los Angeles,One Size,Purple,Fall,3.59,No,Standard,Credit Card,Yes,No,17,Summit,Quarterly,No
CUST-0190,Male,23,Electronics,Phone,296.01,Austin,S,Green,Fall,3.11,Yes,Next Day,Cash,Yes,Yes,8,Vivid,Weekly,Yes
CUST-0191,Female,71,Home,Storage Bin,261.3,Los Angeles,L,Gold,Summer,4.65,Yes,Next Day,Cash,Yes,Yes,8,Vivid,Quarterly,No
CUST-0192,Male,71,Electronics,Phone,354.31,Chicago,M,White,Spring,3.46,No,Next Day,Cash,Yes,Yes,23,Aster,Monthly,Yes
CUST-0193,Male,39,Clothing,Sweater,205.49,Los Angeles,L,Blue,Summer,4.58,No,Express,Credit Card,No,No,8,Aster,Weekly,No
CUST-0194,Male,55,Home,Cookware,216.52,New York,M,White,Fall,4.92,No,Pickup,Credit Card,No,No,7,Luma,Annually,No
CUST-0195,Male,22,Clothing,T-Shirt,212.7,Seattle,One Size,Purple,Spring,4.26,No,Express,Cash,No,No,22,Horizon,Annually,No
CUST-0196,Female,71,Clothing,Jeans,214.56,Miami,S,Gold,Spring,5.0,No,Pickup,Cash,Yes,No,7,Horizon,Monthly,No
CUST-0197,Male,55,Electronics,Laptop,355.21,New York,S,Purple,Winter,3.13,No,Standard,PayPal,No,No,24,Luma,Monthly,Yes
CUST-0198,Male,26,Sports,Yoga Mat,257.01,Austin,M,Black,Summer,2.77,Yes,Pickup,Cash,No,No,15,Vivid,Weekly,No
CUST-0199,Male,28,Clothing,Sweater,169.34,Seattle,S,Blue,Fall,3.4,No,Pickup,Debit Card,No,No,12,Luma,Bi-Weekly,No
CUST-0200,Male,31,Electronics,Headphones,316.74,Austin,L,Green,Winter,5.0,Yes,Standard,Bank Transfer,Yes,No,13,Horizon,Bi-Weekly,Yes
CUST-0201,Male,63,Clothing,Sweater,172.56,Houston,XL,Purple,Spring,4.28,No,Next Day,Bank Transfer,Yes,No,2,Summit,Bi-Weekly,No
CUST-0202,Female,58,Electronics,Smartwatch,279.59,Boston,S,Gold,Spring,2.84,No,Express,PayPal,No,No,11,Horizon,Weekly,Yes
CUST-0203,Female,55,Home,Desk,263.83,New York,S,Red,Summer,4.45,No,Next Day,Cash,No,No,15,Summit,Bi-Weekly,No
CUST-0204,Male,60,Electronics,Smartwatch,294.42,Seattle,One Size,Gold,Fall,3.21,Yes,Express,Cash,Yes,No,15,Luma,Annually,Yes
CUST-0205,Male,33,Sports,Dumbbells,251.14,New York,XL,Blue,Fall,5.0,Yes,Standard,Debit Card,Yes,No,10,Northwind,Annually,No
CUST-0206,Male,68,Electronics,Phone,300.37,Houston,One Size,Blue,Winter,3.54,No,Next Day,Cash,No,No,3,Northwind,Monthly,Yes
CUST-0207,Female,70,Home,Storage Bin,273.4,Austin,L,Green,Spring,4.8,No,Express,Cash,Yes,Yes,16,Summit,Monthly,No
CUST-0208,Female,62,Books,Novel,111.7,Seattle,XL,Green,Winter,3.34,Yes,Pickup,PayPal,Yes,Yes,3,Northwind,Annually,No
CUST-0209,Male,67,Clothing,Jacket,201.74,Miami,L,Purple,Summer,4.67,No,Pickup,Debit Card,Yes,No,24,Luma,Annually,No
CUST-0210,Female,62,Beauty,Makeup Kit,227.37,New York,S,Gold,Winter,4.17,No,Standard,PayPal,Yes,Yes,10,Northwind,Monthly,No
CUST-0211,Female,62,Electronics,Laptop,323.36,New York,One Size,Red,Spring,4.16,Yes,Express,Bank Transfer,Yes,Yes,6,Horizon,Quarterly,Yes
CUST-0212,Male,69,Electronics,Laptop,399.47,Miami,One Size,Black,Winter,4.9,No,Standard,Cash,Yes,Yes,18,Northwind,Bi-Weekly,Yes
CUST-0213,Non-binary,42,Clothing,Dress,184.17,Boston,L,Green,Winter,5.0,No,Next Day,Debit Card,No,No,7,Summit,Annually,No
CUST-0214,Male,24,Sports,Dumbbells,193.01,New York,XL,White,Summer,5.0,No,Pickup,Credit Card,Yes,No,9,Aster,Monthly,No
CUST-0215,Male,60,Electronics,Tablet,338.93,Boston,One Size,Red,Spring,4.02,Yes,Pickup,Bank Transfer,No,No,11,Horizon,Monthly,Yes
CUST-0216,Male,42,Clothing,Jacket,221.68,Seattle,One Size,White,Winter,2.75,Yes,Express,Cash,No,No,22,Northwind,Quarterly,No
CUST-0217,Male,25,Sports,Running Shoes,182.11,Seattle,One Size,Gold,Winter,3.57,No,Pickup,Bank Transfer,Yes,No,15,Luma,Weekly,No
CUST-0218,Male,40,Electronics,Smartwatch,272.69,New York,L,Red,Winter,3.56,No,Next Day,Bank Transfer,Yes,No,13,Vivid,Bi-Weekly,No
CUST-0219,Female,56,Home,Cookware,224.0,Chicago,One Size,White,Summer,3.65,No,Next Day,Debit Card,No,No,1,Vivid,Weekly,No
CUST-0220,Female,71,Sports,Yoga Mat,242.98,Miami,One Size,Gold,Spring,5.0,No,Next Day,Debit Card,Yes,Yes,3,Summit,Bi-Weekly,No
CUST-0221,Female,27,Books,History Book,120.84,Seattle,S,Purple,Fall,2.91,No,Next Day,Debit Card,Yes,No,7,Horizon,Bi-Weekly,No
CUST-0222,Female,49,Sports,Yoga Mat,266.25,Chicago,XL,Purple,Fall,5.0,Yes,Standard,Bank Transfer,Yes,No,14,Horizon,Bi-Weekly,No
CUST-0223,Female,44,Electronics,Headphones,296.62,New York,One Size,White,Winter,4.1,No,Standard,Credit Card,No,No,14,Aster,Annually,Yes
CUST-0224,Female,65,Electronics,Tablet,239.82,Houston,L,Green,Spring,4.46,No,Express,PayPal,Yes,Yes,6,Summit,Annually,No
CUST-0225,Male,19,Home,Storage Bin,166.35,Seattle,One Size,Blue,Spring,3.75,No,Next Day,PayPal,No,No,7,Horizon,Monthly,No
CUST-0226,Female,27,Clothing,T-Shirt,195.09,Miami,L,Gold,Winter,3.92,Yes,Standard,Credit Card,Yes,Yes,14,Vivid,Monthly,No
CUST-0227,Female,31,Clothing,Dress,140.93,Chicago,One Size,Red,Spring,4.35,No,Express,Bank Transfer,No,No,5,Northwind,Quarterly,No
CUST-0228,Male,44,Beauty,Makeup Kit,258.88,Houston,S,Black,Fall,4.61,No,Pickup,Bank Transfer,No,No,21,Vivid,Monthly,No
CUST-0229,Male,58,Electronics,Smartwatch,373.6,New York,S,Green,Winter,4.47,No,Next Day,Credit Card,No,No,20,Luma,Bi-Weekly,Yes
CUST-0230,Male,61,Sports,Cycling Bottle,155.63,Chicago,XL,Green,Fall,3.47,Yes,Next Day,PayPal,Yes,Yes,4,Aster,Quarterly,No
CUST-0231,Female,59,Home,Cookware,263.59,Seattle,One Size,Red,Summer,5.0,No,Standard,Cash,No,No,6,Luma,Weekly,No
CUST-0232,Male,49,Beauty,Skincare Set,242.0,Houston,M,Gold,Spring,2.97,Yes,Express,PayPal,Yes,No,15,Vivid,Bi-Weekly,No
CUST-0233,Male,66,Sports,Yoga Mat,306.88,Los Angeles,XL,Blue,Spring,3.39,Yes,Next Day,PayPal,Yes,Yes,19,Vivid,Weekly,Yes
CUST-0234,Male,67,Books,Science Book,287.7,Austin,One Size,Purple,Spring,5.0,Yes,Pickup,PayPal,No,No,20,Luma,Monthly,Yes
CUST-0235,Female,28,Beauty,Brush Set,175.38,Austin,XL,Red,Summer,3.52,Yes,Standard,Cash,No,No,10,Horizon,Quarterly,No
CUST-0236,Female,31,Clothing,Jacket,186.68,New York,S,Purple,Fall,5.0,Yes,Express,Debit Card,No,No,11,Vivid,Quarterly,No
CUST-0237,Male,43,Sports,Cycling Bottle,183.66,New York,L,Gold,Summer,4.95,No,Express,Debit Card,Yes,No,10,Horizon,Annually,No
CUST-0238,Male,40,Beauty,Brush Set,165.35,Miami,S,Black,Summer,3.95,Yes,Pickup,Debit Card,Yes,Yes,6,Northwind,Monthly,No
CUST-0239,Female,28,Electronics,Phone,279.41,Miami,L,Blue,Spring,4.17,Yes,Pickup,PayPal,Yes,No,17,Aster,Annually,Yes
CUST-0240,Non-binary,70,Clothing,Jeans,203.0,Austin,L,White,Winter,4.42,No,Standard,Cash,No,No,10,Horizon,Annually,No
CUST-0241,Female,54,Clothing,Dress,191.12,Miami,One Size,Blue,Fall,4.95,No,Standard,Bank Transfer,Yes,Yes,4,Summit,Bi-Weekly,No
CUST-0242,Male,26,Beauty,Skincare Set,220.29,Austin,L,Black,Winter,4.71,No,Next Day,Credit Card,No,No,2,Horizon,Monthly,No
CUST-0243,Female,36,Clothing,Dress,139.9,Austin,L,Purple,Winter,2.89,No,Express,Cash,Yes,No,18,Aster,Quarterly,No
CUST-0244,Female,18,Clothing,Dress,221.77,Chicago,XL,Blue,Spring,4.47,No,Standard,Debit Card,No,No,23,Aster,Quarterly,No
CUST-0245,Female,43,Electronics,Smartwatch,332.09,Boston,S,Red,Spring,3.38,Yes,Pickup,Cash,No,No,16,Luma,Quarterly,Yes
CUST-0246,Female,49,Electronics,Smartwatch,340.98,Chicago,S,Green,Winter,5.0,No,Standard,Credit Card,Yes,No,16,Luma,Monthly,Yes
CUST-0247,Female,54,Sports,Cycling Bottle,244.46,Los Angeles,XL,Purple,Summer,4.91,Yes,Next Day,Cash,Yes,Yes,18,Northwind,Annually,No
CUST-0248,Female,47,Sports,Yoga Mat,250.97,Chicago,One Size,Red,Winter,4.88,No,Pickup,PayPal,Yes,No,16,Summit,Weekly,No
CUST-0249,Female,43,Clothing,Jeans,216.99,Miami,XL,Green,Fall,4.15,Yes,Standard,Debit Card,No,No,7,Northwind,Monthly,No
CUST-0250,Male,59,Beauty,Skincare Set,215.64,Austin,M,Black,Fall,2.72,Yes,Express,Debit Card,No,No,10,Aster,Monthly,No
CUST-0251,Male,40,Sports,Yoga Mat,228.35,New York,XL,Green,Summer,5.0,No,Standard,Debit Card,Yes,No,10,Northwind,Weekly,No
CUST-0252,Male,56,Beauty,Brush Set,214.53,Miami,M,Gold,Fall,3.69,No,Express,Cash,No,No,18,Northwind,Quarterly,No
CUST-0253,Female,60,Clothing,Jeans,218.17,Houston,XL,Black,Winter,5.0,No,Express,Bank Transfer,No,No,5,Aster,Monthly,No
CUST-0254,Male,32,Electronics,Phone,347.4,Austin,M,Blue,Spring,4.84,Yes,Next Day,PayPal,No,No,5,Northwind,Weekly,Yes
CUST-0255,Female,21,Sports,Fitness Tracker,186.27,New York,One Size,Green,Summer,5.0,No,Next Day,Credit Card,Yes,No,6,Northwind,Bi-Weekly,No
CUST-0256,Male,53,Clothing,Jacket,239.36,Miami,XL,Red,Winter,3.37,No,Standard,Bank Transfer,No,No,22,Aster,Monthly,No
CUST-0257,Male,32,Electronics,Phone,317.35,Los Angeles,S,Gold,Winter,4.66,Yes,Pickup,Credit Card,No,No,7,Vivid,Monthly,Yes
CUST-0258,Male,35,Books,Cookbook,148.99,Chicago,XL,White,Summer,3.61,No,Standard,Cash,No,No,11,Summit,Quarterly,No
CUST-0259,Male,71,Electronics,Laptop,293.56,Houston,M,Purple,Summer,3.93,Yes,Standard,Cash,Yes,Yes,7,Aster,Quarterly,Yes
CUST-0260,Male,68,Clothing,Jeans,251.62,Boston,L,Purple,Fall,4.43,Yes,Standard,Bank Transfer,Yes,No,19,Vivid,Weekly,No
CUST-0261,Female,32,Beauty,Brush Set,208.62,New York,XL,White,Winter,5.0,Yes,Standard,Debit Card,No,No,8,Horizon,Bi-Weekly,No
CUST-0262,Male,28,Clothing,Dress,170.95,Austin,L,Blue,Winter,5.0,No,Pickup,Bank Transfer,No,No,4,Aster,Quarterly,No
CUST-0263,Male,21,Beauty,Perfume,173.61,Chicago,One Size,Green,Fall,4.81,No,Pickup,PayPal,No,No,9,Aster,Quarterly,No
CUST-0264,Female,37,Books,Self-help,197.88,Chicago,One Size,Red,Winter,4.81,Yes,Pickup,Credit Card,No,No,2,Aster,Weekly,No
CUST-0265,Male,33,Home,Lamp,239.89,Miami,XL,White,Fall,4.65,Yes,Next Day,Debit Card,Yes,No,14,Aster,Monthly,No
CUST-0266,Female,59,Books,Science Book,161.82,Miami,S,Black,Spring,5.0,Yes,Pickup,Credit Card,Yes,No,3,Luma,Quarterly,No
CUST-0267,Male,64,Clothing,Dress,187.52,Houston,M,Black,Summer,4.42,Yes,Pickup,PayPal,No,No,7,Summit,Quarterly,No
CUST-0268,Male,61,Beauty,Serum,169.76,Miami,S,Red,Spring,4.21,No,Express,Credit Card,Yes,Yes,3,Horizon,Annually,No
CUST-0269,Female,56,Home,Chair,266.17,Boston,One Size,Purple,Summer,4.28,Yes,Next Day,Bank Transfer,Yes,No,7,Summit,Bi-Weekly,No
CUST-0270,Male,43,Home,Cookware,232.33,New York,M,Purple,Spring,3.27,Yes,Express,Credit Card,Yes,Yes,14,Aster,Quarterly,No
CUST-0271,Male,63,Clothing,Jeans,205.51,Austin,XL,Blue,Winter,4.99,Yes,Pickup,Bank Transfer,No,No,5,Vivid,Monthly,No
CUST-0272,Female,56,Home,Lamp,238.38,Chicago,One Size,Black,Fall,3.86,Yes,Standard,Cash,Yes,No,7,Luma,Quarterly,No
CUST-0273,Male,20,Electronics,Phone,242.57,Seattle,XL,Purple,Fall,3.05,No,Express,Debit Card,No,No,9,Summit,Annually,No
CUST-0274,Female,43,Electronics,Headphones,294.01,Chicago,One Size,Gold,Spring,5.0,Yes,Pickup,Cash,Yes,No,2,Northwind,Weekly,Yes
CUST-0275,Female,46,Electronics,Headphones,268.19,Miami,S,White,Fall,4.6,Yes,Standard,Credit Card,Yes,No,8,Aster,Quarterly,No
CUST-0276,Female,56,Electronics,Phone,269.26,Houston,One Size,Red,Fall,3.78,No,Express,Debit Card,Yes,Yes,7,Horizon,Bi-Weekly,No
CUST-0277,Male,48,Home,Storage Bin,261.04,Los Angeles,M,Purple,Winter,3.66,Yes,Standard,Credit Card,Yes,No,11,Summit,Weekly,No
CUST-0278,Male,49,Clothing,Sweater,201.75,New York,S,Blue,Spring,4.8,Yes,Next Day,PayPal,Yes,Yes,14,Northwind,Quarterly,No
CUST-0279,Female,32,Electronics,Headphones,207.03,Boston,M,Green,Fall,3.83,No,Standard,Debit Card,Yes,Yes,1,Luma,Annually,No
CUST-0280,Male,64,Clothing,Dress,266.7,Austin,L,Red,Summer,4.6,Yes,Standard,Bank Transfer,No,No,21,Vivid,Bi-Weekly,No
CUST-0281,Female,70,Home,Desk,223.74,Los Angeles,M,Gold,Spring,5.0,No,Pickup,Debit Card,Yes,Yes,6,Summit,Annually,No
CUST-0282,Female,22,Clothing,Jacket,178.6,Houston,L,Red,Summer,4.26,No,Pickup,Bank Transfer,Yes,Yes,20,Luma,Monthly,No
CUST-0283,Female,71,Clothing,T-Shirt,168.67,Miami,M,Green,Spring,4.81,No,Pickup,Credit Card,Yes,No,2,Luma,Monthly,No
CUST-0284,Male,36,Home,Cookware,190.37,New York,One Size,Gold,Fall,2.3,No,Next Day,Bank Transfer,Yes,Yes,14,Horizon,Bi-Weekly,No
CUST-0285,Male,71,Clothing,Jeans,189.13,Seattle,L,Blue,Summer,4.05,Yes,Standard,Credit Card,Yes,No,3,Luma,Weekly,No
CUST-0286,Female,54,Beauty,Brush Set,273.49,Seattle,XL,Black,Spring,4.05,No,Next Day,Credit Card,No,No,19,Aster,Weekly,No
CUST-0287,Female,31,Clothing,Jacket,143.7,Miami,M,Purple,Winter,3.01,No,Next Day,Credit Card,Yes,Yes,12,Northwind,Annually,No
CUST-0288,Male,41,Home,Cookware,250.09,Miami,One Size,Purple,Summer,5.0,No,Express,Bank Transfer,Yes,No,14,Aster,Annually,No
CUST-0289,Female,28,Sports,Cycling Bottle,195.76,Houston,M,Green,Summer,4.34,No,Standard,Bank Transfer,No,No,13,Vivid,Monthly,No
CUST-0290,Female,62,Electronics,Headphones,365.12,Houston,One Size,Blue,Winter,3.55,Yes,Next Day,PayPal,No,No,16,Summit,Monthly,Yes
CUST-0291,Male,51,Books,Self-help,260.22,Seattle,XL,Black,Winter,4.63,No,Pickup,PayPal,No,No,22,Vivid,Weekly,No
CUST-0292,Female,47,Sports,Fitness Tracker,170.08,New York,L,Blue,Winter,3.95,No,Next Day,PayPal,Yes,Yes,3,Luma,Monthly,No
CUST-0293,Male,19,Beauty,Makeup Kit,140.71,Chicago,XL,Green,Spring,4.81,No,Standard,Bank Transfer,Yes,Yes,9,Luma,Monthly,No
CUST-0294,Male,65,Home,Storage Bin,237.89,Austin,S,Black,Spring,4.03,No,Next Day,Bank Transfer,Yes,No,14,Northwind,Bi-Weekly,No
CUST-0295,Female,46,Home,Storage Bin,271.89,Seattle,XL,Green,Fall,4.88,No,Standard,Bank Transfer,No,No,8,Summit,Weekly,No
CUST-0296,Male,44,Sports,Fitness Tracker,263.14,Los Angeles,M,Blue,Winter,4.22,Yes,Next Day,PayPal,No,No,10,Summit,Quarterly,No
CUST-0297,Female,20,Electronics,Tablet,315.52,Seattle,XL,Blue,Winter,4.57,No,Express,Bank Transfer,Yes,Yes,18,Summit,Monthly,Yes
CUST-0298,Male,61,Clothing,Jacket,163.57,Austin,L,Gold,Fall,4.21,No,Standard,Bank Transfer,Yes,Yes,11,Aster,Monthly,No
CUST-0299,Male,59,Electronics,Phone,313.74,Seattle,S,White,Spring,5.0,No,Express,Debit Card,No,No,1,Luma,Monthly,Yes
CUST-0300,Male,55,Electronics,Laptop,363.15,Austin,L,Green,Spring,4.5,No,Standard,Debit Card,No,No,21,Summit,Annually,Yes
CUST-0301,Male,67,Clothing,Dress,205.48,Houston,One Size,Red,Fall,3.02,Yes,Next Day,PayPal,Yes,No,14,Summit,Bi-Weekly,No
CUST-0302,Male,61,Sports,Cycling Bottle,269.71,Los Angeles,L,Black,Fall,5.0,Yes,Standard,Cash,Yes,Yes,10,Summit,Bi-Weekly,No
CUST-0303,Male,47,Clothing,Jeans,243.11,Seattle,S,Gold,Summer,4.38,No,Standard,PayPal,Yes,Yes,22,Luma,Bi-Weekly,No
CUST-0304,Male,54,Clothing,Sweater,186.03,Miami,S,Green,Winter,3.86,No,Next Day,Debit Card,Yes,Yes,8,Summit,Annually,No
CUST-0305,Male,34,Beauty,Serum,185.71,New York,S,Gold,Summer,3.25,No,Standard,Credit Card,Yes,Yes,15,Horizon,Quarterly,No
CUST-0306,Female,51,Clothing,Dress,123.36,Seattle,M,Purple,Winter,2.92,Yes,Next Day,PayPal,Yes,No,2,Horizon,Monthly,No
CUST-0307,Male,22,Beauty,Perfume,183.91,Houston,L,Gold,Fall,3.58,No,Pickup,Credit Card,No,No,14,Summit,Annually,No
CUST-0308,Female,62,Books,History Book,145.76,Miami,S,Green,Fall,4.42,No,Standard,PayPal,No,No,11,Luma,Annually,No
CUST-0309,Female,48,Books,Self-help,169.26,Los Angeles,One Size,Red,Fall,5.0,No,Standard,Bank Transfer,No,No,6,Northwind,Annually,No
CUST-0310,Male,60,Clothing,T-Shirt,205.51,Houston,One Size,Red,Spring,4.54,No,Standard,Credit Card,No,No,7,Vivid,Bi-Weekly,No
CUST-0311,Male,58,Sports,Running Shoes,250.12,Boston,L,Blue,Summer,2.86,Yes,Express,Debit Card,No,No,6,Aster,Monthly,No
CUST-0312,Male,35,Clothing,Jacket,159.14,Houston,One Size,Red,Spring,3.49,No,Express,Debit Card,No,No,16,Horizon,Quarterly,No
CUST-0313,Female,43,Beauty,Skincare Set,168.4,Seattle,S,Purple,Winter,3.75,No,Standard,Cash,No,No,7,Luma,Bi-Weekly,No
CUST-0314,Female,46,Clothing,Sweater,162.55,Chicago,XL,Green,Spring,4.68,Yes,Standard,Debit Card,Yes,No,1,Aster,Quarterly,No
CUST-0315,Male,52,Clothing,Jacket,210.62,Chicago,M,Black,Summer,4.28,Yes,Standard,Debit Card,Yes,No,11,Vivid,Quarterly,No
CUST-0316,Male,68,Home,Chair,253.12,New York,XL,Red,Summer,5.0,No,Standard,Debit Card,No,No,7,Vivid,Quarterly,No
CUST-0317,Male,23,Beauty,Makeup Kit,199.86,Chicago,L,Blue,Summer,5.0,Yes,Pickup,Bank Transfer,No,No,15,Horizon,Quarterly,No
CUST-0318,Male,40,Home,Cookware,278.67,Boston,One Size,Black,Winter,3.89,Yes,Express,Cash,No,No,17,Aster,Quarterly,Yes
CUST-0319,Female,38,Clothing,Dress,221.19,New York,M,Red,Summer,4.92,Yes,Express,Bank Transfer,Yes,Yes,11,Vivid,Bi-Weekly,No
CUST-0320,Male,61,Home,Storage Bin,184.43,New York,One Size,Green,Spring,4.2,No,Next Day,Debit Card,Yes,No,8,Aster,Quarterly,No
CUST-0321,Male,63,Clothing,Jeans,231.16,Seattle,One Size,Green,Summer,5.0,Yes,Pickup,Credit Card,Yes,No,20,Horizon,Monthly,No
CUST-0322,Non-binary,67,Clothing,Jacket,219.6,Austin,S,Purple,Winter,4.09,Yes,Next Day,Bank Transfer,No,No,4,Summit,Monthly,No
CUST-0323,Male,69,Electronics,Tablet,361.84,Houston,S,Red,Spring,5.0,Yes,Pickup,Cash,No,No,6,Vivid,Weekly,Yes
CUST-0324,Female,61,Sports,Yoga Mat,245.79,Seattle,S,Red,Winter,4.07,Yes,Next Day,Bank Transfer,Yes,No,10,Luma,Monthly,No
CUST-0325,Female,44,Electronics,Laptop,232.82,Chicago,One Size,Black,Spring,4.02,No,Next Day,Debit Card,No,No,3,Aster,Quarterly,No
CUST-0326,Female,46,Clothing,Dress,154.31,Miami,S,White,Summer,3.67,No,Express,Debit Card,Yes,Yes,12,Luma,Weekly,No
CUST-0327,Female,62,Clothing,T-Shirt,222.64,Boston,S,Gold,Winter,3.4,Yes,Express,Credit Card,No,No,16,Luma,Weekly,No
CUST-0328,Non-binary,21,Books,Self-help,178.12,New York,S,Blue,Summer,3.38,Yes,Standard,Debit Card,Yes,No,17,Horizon,Weekly,No
CUST-0329,Male,28,Books,History Book,199.19,Seattle,S,Gold,Fall,4.29,Yes,Standard,PayPal,Yes,No,22,Aster,Quarterly,No
CUST-0330,Male,44,Home,Chair,282.02,Los Angeles,S,Blue,Spring,5.0,Yes,Standard,Credit Card,No,No,12,Luma,Annually,Yes
CUST-0331,Male,56,Clothing,T-Shirt,163.99,Los Angeles,S,Green,Spring,3.17,No,Express,Cash,Yes,Yes,16,Summit,Annually,No
CUST-0332,Male,64,Home,Cookware,267.82,Los Angeles,L,White,Spring,4.02,Yes,Pickup,Cash,No,No,5,Horizon,Monthly,No
CUST-0333,Male,53,Clothing,Jeans,268.87,Chicago,XL,Gold,Spring,5.0,Yes,Express,PayPal,No,No,18,Summit,Monthly,No
CUST-0334,Female,53,Books,Cookbook,154.97,Seattle,S,Blue,Winter,4.76,No,Pickup,Cash,Yes,Yes,3,Summit,Annually,No
CUST-0335,Female,66,Clothing,Jacket,161.86,Boston,One Size,Purple,Summer,2.81,Yes,Standard,Cash,Yes,No,9,Horizon,Monthly,No
CUST-0336,Male,69,Sports,Dumbbells,294.37,Houston,S,Blue,Summer,3.5,Yes,Express,Bank Transfer,No,No,20,Summit,Weekly,Yes
CUST-0337,Female,29,Electronics,Phone,361.03,Boston,XL,Purple,Winter,4.81,Yes,Express,Cash,No,No,15,Horizon,Weekly,Yes
CUST-0338,Female,19,Home,Lamp,239.37,Los Angeles,One Size,Red,Spring,4.45,Yes,Express,Debit Card,Yes,No,18,Luma,Annually,No
CUST-0339,Male,26,Clothing,T-Shirt,174.04,Boston,XL,Green,Winter,5.0,Yes,Standard,Credit Card,Yes,No,6,Vivid,Bi-Weekly,No
CUST-0340,Female,55,Home,Desk,306.89,Chicago,M,Gold,Fall,4.17,No,Standard,Credit Card,No,No,18,Northwind,Bi-Weekly,Yes
CUST-0341,Female,66,Sports,Cycling Bottle,232.14,Chicago,M,Gold,Fall,4.71,No,Express,Bank Transfer,Yes,Yes,17,Luma,Monthly,No
CUST-0342,Male,65,Home,Storage Bin,258.12,Miami,L,Purple,Fall,4.12,No,Pickup,Bank Transfer,Yes,Yes,16,Aster,Monthly,No
CUST-0343,Female,22,Sports,Fitness Tracker,238.49,Boston,M,Black,Fall,4.54,Yes,Express,Credit Card,Yes,Yes,11,Northwind,Weekly,No
CUST-0344,Male,55,Home,Chair,312.85,Miami,L,Red,Fall,3.78,Yes,Express,PayPal,Yes,No,22,Northwind,Bi-Weekly,Yes
CUST-0345,Male,46,Beauty,Brush Set,254.3,New York,M,Green,Spring,3.66,Yes,Next Day,Debit Card,Yes,Yes,22,Luma,Bi-Weekly,No
CUST-0346,Female,71,Beauty,Makeup Kit,175.25,Austin,One Size,Green,Fall,3.01,No,Pickup,Bank Transfer,No,No,4,Horizon,Annually,No
CUST-0347,Male,53,Clothing,T-Shirt,235.77,Austin,L,White,Spring,4.09,No,Next Day,Bank Transfer,No,No,22,Northwind,Annually,No
CUST-0348,Male,24,Clothing,Dress,217.49,Los Angeles,S,Purple,Winter,4.65,No,Standard,Credit Card,No,No,18,Summit,Weekly,No
CUST-0349,Female,58,Electronics,Laptop,321.18,New York,L,White,Spring,3.53,No,Standard,Credit Card,No,No,9,Aster,Bi-Weekly,Yes
CUST-0350,Male,54,Electronics,Headphones,280.33,Los Angeles,One Size,White,Fall,4.2,No,Pickup,Bank Transfer,Yes,Yes,5,Summit,Annually,Yes
CUST-0351,Male,39,Clothing,Dress,259.63,Miami,M,Purple,Winter,2.92,No,Next Day,Cash,No,No,24,Summit,Monthly,No
CUST-0352,Male,45,Sports,Dumbbells,198.8,New York,One Size,White,Fall,4.51,Yes,Express,Bank Transfer,Yes,Yes,4,Aster,Annually,No
CUST-0353,Female,48,Electronics,Headphones,380.87,Seattle,One Size,Purple,Winter,4.61,Yes,Pickup,PayPal,No,No,17,Vivid,Monthly,Yes
CUST-0354,Female,62,Books,History Book,133.67,Miami,S,Purple,Fall,2.74,Yes,Pickup,Bank Transfer,Yes,No,2,Luma,Bi-Weekly,No
CUST-0355,Female,70,Clothing,Jeans,261.09,New York,One Size,Gold,Spring,4.84,No,Standard,Bank Transfer,No,No,22,Vivid,Bi-Weekly,No
CUST-0356,Female,21,Sports,Running Shoes,205.76,Miami,M,Red,Spring,4.64,No,Express,PayPal,Yes,Yes,17,Northwind,Annually,No
CUST-0357,Female,28,Electronics,Phone,313.41,Houston,One Size,Black,Fall,4.29,No,Pickup,Bank Transfer,Yes,No,19,Summit,Monthly,Yes
CUST-0358,Female,51,Electronics,Headphones,309.15,Houston,One Size,Red,Spring,4.54,Yes,Pickup,Cash,Yes,No,5,Aster,Quarterly,Yes
CUST-0359,Female,68,Clothing,T-Shirt,233.58,Austin,L,Black,Winter,4.71,Yes,Standard,Debit Card,Yes,Yes,20,Vivid,Annually,No
CUST-0360,Male,24,Beauty,Serum,224.25,Austin,One Size,Purple,Summer,5.0,No,Express,Bank Transfer,Yes,Yes,20,Summit,Quarterly,No
CUST-0361,Female,30,Electronics,Tablet,351.03,Boston,L,Green,Fall,3.91,Yes,Next Day,Cash,No,No,22,Luma,Bi-Weekly,Yes
CUST-0362,Male,43,Home,Lamp,311.52,Chicago,One Size,Black,Summer,5.0,Yes,Pickup,PayPal,Yes,No,15,Summit,Weekly,Yes
CUST-0363,Male,69,Clothing,Jacket,233.62,Los Angeles,L,Black,Winter,3.74,No,Express,PayPal,Yes,No,20,Summit,Monthly,No
CUST-0364,Female,28,Electronics,Headphones,371.83,Miami,XL,White,Summer,5.0,Yes,Pickup,Cash,No,No,19,Vivid,Weekly,Yes
CUST-0365,Female,59,Books,History Book,233.24,Miami,M,Blue,Winter,4.48,Yes,Express,PayPal,Yes,No,18,Summit,Quarterly,No
CUST-0366,Male,31,Clothing,Dress,171.03,Seattle,M,Blue,Fall,4.32,No,Standard,Credit Card,No,No,6,Vivid,Weekly,No
CUST-0367,Male,25,Electronics,Laptop,363.27,Houston,One Size,Purple,Winter,4.99,Yes,Next Day,Cash,Yes,Yes,20,Summit,Bi-Weekly,Yes
CUST-0368,Male,34,Sports,Cycling Bottle,231.89,Austin,L,Black,Winter,4.51,Yes,Express,PayPal,Yes,No,12,Aster,Annually,No
CUST-0369,Female,66,Electronics,Tablet,358.88,Boston,S,Green,Fall,3.93,Yes,Pickup,Cash,Yes,Yes,16,Horizon,Bi-Weekly,Yes
CUST-0370,Male,70,Beauty,Brush Set,267.78,Austin,One Size,White,Spring,3.13,Yes,Standard,Bank Transfer,Yes,No,16,Aster,Quarterly,No
CUST-0371,Non-binary,52,Home,Storage Bin,225.66,Austin,XL,Gold,Winter,3.75,Yes,Pickup,Debit Card,Yes,No,8,Summit,Quarterly,No
CUST-0372,Female,33,Books,Self-help,182.16,New York,S,White,Spring,4.43,No,Standard,Debit Card,No,No,12,Horizon,Weekly,No
CUST-0373,Male,59,Clothing,Dress,260.84,Miami,M,Purple,Summer,4.43,Yes,Pickup,Debit Card,Yes,Yes,19,Vivid,Annually,No
CUST-0374,Male,65,Home,Storage Bin,307.81,Chicago,XL,Purple,Winter,5.0,Yes,Next Day,Debit Card,No,No,10,Horizon,Quarterly,Yes
CUST-0375,Female,20,Clothing,Dress,185.16,Austin,L,Green,Winter,3.06,Yes,Next Day,Cash,Yes,No,13,Vivid,Weekly,No
CUST-0376,Male,53,Clothing,T-Shirt,192.24,New York,L,Gold,Fall,4.22,Yes,Next Day,PayPal,No,No,7,Aster,Quarterly,No
CUST-0377,Female,29,Clothing,T-Shirt,155.81,Miami,XL,Blue,Summer,4.67,No,Pickup,Bank Transfer,No,No,10,Aster,Quarterly,No
CUST-0378,Male,71,Sports,Yoga Mat,316.91,Los Angeles,L,Green,Winter,4.64,Yes,Next Day,Cash,Yes,Yes,14,Aster,Annually,Yes
CUST-0379,Male,41,Sports,Fitness Tracker,306.04,Austin,S,Purple,Summer,4.8,Yes,Next Day,Cash,No,No,23,Luma,Quarterly,Yes
CUST-0380,Female,54,Books,Novel,169.24,Boston,S,Gold,Winter,4.02,No,Pickup,Debit Card,Yes,Yes,18,Aster,Annually,No
CUST-0381,Male,67,Beauty,Serum,274.38,Chicago,One Size,Green,Winter,3.31,No,Next Day,Debit Card,Yes,No,23,Luma,Quarterly,Yes
CUST-0382,Male,23,Beauty,Skincare Set,208.19,Miami,One Size,Blue,Fall,4.32,Yes,Express,Debit Card,Yes,No,14,Northwind,Bi-Weekly,No
CUST-0383,Male,67,Beauty,Brush Set,167.33,Chicago,One Size,Gold,Summer,3.4,Yes,Express,Credit Card,Yes,No,4,Horizon,Monthly,No
CUST-0384,Male,32,Beauty,Perfume,214.35,Los Angeles,One Size,White,Fall,4.47,Yes,Standard,Debit Card,Yes,No,12,Vivid,Annually,No
CUST-0385,Male,58,Sports,Dumbbells,223.53,Seattle,One Size,Red,Spring,3.66,Yes,Express,Cash,No,No,10,Luma,Annually,No
CUST-0386,Female,49,Books,History Book,234.4,Miami,S,Black,Summer,4.71,Yes,Next Day,PayPal,Yes,Yes,20,Horizon,Bi-Weekly,No
CUST-0387,Male,19,Clothing,Dress,153.73,Miami,S,Green,Spring,5.0,No,Pickup,Cash,Yes,Yes,9,Summit,Quarterly,No
CUST-0388,Male,71,Sports,Cycling Bottle,275.38,Boston,S,Red,Fall,4.83,No,Pickup,Debit Card,Yes,No,21,Horizon,Monthly,Yes
CUST-0389,Non-binary,65,Home,Cookware,304.85,Houston,M,Gold,Summer,4.04,Yes,Express,Bank Transfer,Yes,No,13,Horizon,Weekly,Yes
CUST-0390,Female,36,Books,History Book,145.47,Seattle,S,White,Winter,4.65,No,Standard,Debit Card,Yes,Yes,13,Northwind,Monthly,No
CUST-0391,Male,59,Sports,Yoga Mat,229.28,Chicago,M,Black,Fall,2.23,Yes,Express,Credit Card,No,No,3,Horizon,Annually,No
CUST-0392,Female,67,Clothing,Jeans,239.3,Los Angeles,M,Green,Fall,4.82,Yes,Express,Debit Card,Yes,Yes,19,Northwind,Weekly,No
CUST-0393,Male,39,Clothing,Sweater,178.72,Los Angeles,L,Black,Summer,5.0,No,Pickup,Bank Transfer,Yes,No,12,Horizon,Monthly,No
CUST-0394,Female,21,Books,Science Book,141.26,Seattle,S,Red,Fall,4.56,No,Standard,Debit Card,Yes,Yes,14,Aster,Quarterly,No
CUST-0395,Male,18,Clothing,Jacket,253.04,Miami,L,Red,Spring,4.89,Yes,Next Day,Cash,Yes,No,16,Luma,Bi-Weekly,No
CUST-0396,Male,49,Sports,Dumbbells,238.26,Los Angeles,S,Green,Summer,4.53,Yes,Pickup,PayPal,No,No,7,Northwind,Weekly,No
CUST-0397,Female,42,Sports,Running Shoes,320.92,Seattle,L,White,Spring,4.11,Yes,Express,Debit Card,No,No,24,Summit,Quarterly,Yes
CUST-0398,Female,50,Home,Chair,145.85,Boston,One Size,Red,Summer,4.26,No,Standard,Bank Transfer,Yes,No,1,Luma,Monthly,No
CUST-0399,Female,42,Beauty,Serum,281.63,Austin,L,Blue,Summer,5.0,Yes,Express,Bank Transfer,No,No,19,Luma,Weekly,Yes
CUST-0400,Female,34,Electronics,Tablet,313.07,Houston,One Size,Black,Summer,3.99,Yes,Pickup,Credit Card,No,No,4,Vivid,Bi-Weekly,Yes
CUST-0401,Male,32,Clothing,Jeans,144.25,New York,XL,Blue,Spring,4.25,No,Standard,Credit Card,No,No,2,Summit,Annually,No
CUST-0402,Male,22,Beauty,Skincare Set,178.55,New York,L,White,Winter,4.79,No,Express,PayPal,No,No,7,Luma,Weekly,No
CUST-0403,Male,39,Beauty,Serum,213.96,Chicago,L,Red,Spring,3.54,No,Next Day,Debit Card,Yes,Yes,8,Vivid,Monthly,No
CUST-0404,Male,54,Home,Cookware,239.96,Seattle,M,Blue,Fall,4.39,No,Pickup,Bank Transfer,No,No,3,Vivid,Annually,No
CUST-0405,Male,71,Electronics,Laptop,396.16,Boston,XL,White,Summer,5.0,Yes,Next Day,Bank Transfer,No,No,18,Summit,Quarterly,Yes
CUST-0406,Female,33,Beauty,Brush Set,151.09,Seattle,M,Gold,Fall,4.78,No,Express,Credit Card,Yes,No,6,Aster,Bi-Weekly,No
CUST-0407,Female,21,Beauty,Brush Set,272.56,Seattle,One Size,Black,Summer,4.95,Yes,Standard,Cash,Yes,Yes,14,Luma,Weekly,No
CUST-0408,Female,36,Electronics,Headphones,296.96,Houston,One Size,Green,Fall,2.55,Yes,Express,Cash,Yes,No,16,Luma,Quarterly,Yes
CUST-0409,Male,39,Home,Storage Bin,260.79,Boston,One Size,Gold,Fall,5.0,No,Next Day,Credit Card,No,No,20,Vivid,Monthly,No
CUST-0410,Male,30,Books,Self-help,177.17,Los Angeles,One Size,White,Summer,4.54,Yes,Standard,Bank Transfer,No,No,9,Summit,Weekly,No
CUST-0411,Male,48,Clothing,Jeans,208.85,New York,M,Black,Summer,4.11,Yes,Next Day,Cash,No,No,20,Aster,Quarterly,No
CUST-0412,Male,65,Home,Desk,238.37,Los Angeles,XL,Purple,Summer,4.73,No,Pickup,Bank Transfer,Yes,Yes,6,Northwind,Bi-Weekly,No
CUST-0413,Female,47,Clothing,T-Shirt,174.61,Miami,S,Blue,Winter,3.93,No,Express,PayPal,No,No,8,Northwind,Annually,No
CUST-0414,Female,43,Clothing,Jacket,199.19,Boston,M,Purple,Fall,4.41,Yes,Next Day,Credit Card,No,No,11,Luma,Quarterly,No
CUST-0415,Female,28,Clothing,Jeans,189.11,Austin,XL,Purple,Spring,4.47,Yes,Next Day,Bank Transfer,Yes,No,12,Vivid,Monthly,No
CUST-0416,Female,67,Beauty,Serum,147.48,Seattle,XL,Red,Summer,3.69,No,Next Day,Debit Card,Yes,No,1,Aster,Weekly,No
CUST-0417,Female,30,Clothing,T-Shirt,223.38,Seattle,One Size,Gold,Winter,3.3,Yes,Standard,Debit Card,Yes,Yes,14,Horizon,Weekly,No
CUST-0418,Male,71,Books,Science Book,245.73,Los Angeles,One Size,Blue,Summer,3.77,Yes,Next Day,PayPal,Yes,No,20,Summit,Monthly,No
CUST-0419,Male,48,Electronics,Phone,281.78,Miami,S,White,Winter,4.23,No,Next Day,Bank Transfer,Yes,Yes,10,Northwind,Bi-Weekly,Yes
CUST-0420,Female,33,Books,Self-help,178.84,Los Angeles,M,Red,Summer,3.77,Yes,Pickup,Credit Card,Yes,Yes,18,Horizon,Monthly,No
CUST-0421,Female,22,Electronics,Headphones,275.27,Boston,One Size,Purple,Summer,2.28,Yes,Pickup,Credit Card,Yes,No,11,Horizon,Weekly,Yes
CUST-0422,Female,48,Sports,Dumbbells,251.25,Seattle,One Size,Blue,Fall,4.55,No,Next Day,Credit Card,Yes,No,20,Summit,Bi-Weekly,No
CUST-0423,Female,36,Sports,Yoga Mat,262.89,Chicago,One Size,Black,Spring,4.29,No,Next Day,Credit Card,No,No,23,Aster,Quarterly,No
CUST-0424,Male,51,Home,Cookware,320.4,Seattle,L,Black,Fall,4.47,Yes,Pickup,PayPal,No,No,23,Luma,Weekly,Yes
CUST-0425,Female,35,Home,Desk,191.42,Seattle,S,White,Spring,3.69,Yes,Pickup,Debit Card,No,No,1,Vivid,Quarterly,No
CUST-0426,Female,68,Books,Self-help,194.11,Miami,L,Gold,Winter,4.84,No,Standard,Debit Card,Yes,Yes,3,Aster,Weekly,No
CUST-0427,Male,46,Electronics,Headphones,320.41,Austin,One Size,Red,Winter,2.72,Yes,Express,Bank Transfer,No,No,8,Summit,Bi-Weekly,Yes
CUST-0428,Female,58,Beauty,Skincare Set,192.43,Houston,One Size,Black,Fall,4.24,Yes,Standard,Credit Card,Yes,No,5,Luma,Monthly,No
CUST-0429,Female,49,Clothing,T-Shirt,190.85,New York,One Size,Blue,Spring,3.76,No,Pickup,PayPal,Yes,No,18,Vivid,Quarterly,No
CUST-0430,Non-binary,24,Home,Chair,207.43,Chicago,XL,Purple,Spring,3.54,Yes,Next Day,PayPal,Yes,Yes,5,Horizon,Weekly,No
CUST-0431,Male,36,Clothing,Sweater,192.4,Austin,L,Gold,Spring,4.25,No,Pickup,Cash,Yes,Yes,14,Horizon,Quarterly,No
CUST-0432,Male,20,Home,Storage Bin,162.72,New York,L,Black,Summer,3.66,No,Pickup,PayPal,Yes,No,4,Aster,Bi-Weekly,No
CUST-0433,Male,29,Beauty,Makeup Kit,162.47,Seattle,XL,Purple,Spring,3.74,Yes,Express,Cash,Yes,Yes,7,Aster,Weekly,No
CUST-0434,Female,34,Home,Desk,125.62,Los Angeles,L,Black,Fall,3.58,No,Next Day,Bank Transfer,Yes,No,2,Horizon,Quarterly,No
CUST-0435,Male,37,Clothing,Jacket,198.51,Austin,XL,Blue,Fall,5.0,Yes,Pickup,Bank Transfer,Yes,No,7,Aster,Annually,No
CUST-0436,Female,64,Sports,Running Shoes,246.65,Houston,One Size,Gold,Summer,3.62,No,Pickup,Debit Card,No,No,14,Vivid,Quarterly,No
CUST-0437,Non-binary,35,Electronics,Laptop,283.78,Austin,S,Purple,Spring,3.46,No,Next Day,Cash,Yes,No,13,Vivid,Quarterly,Yes
CUST-0438,Female,42,Home,Chair,275.07,Austin,XL,White,Summer,3.77,Yes,Next Day,Debit Card,No,No,14,Vivid,Bi-Weekly,Yes
CUST-0439,Non-binary,37,Electronics,Tablet,272.31,Austin,S,Gold,Summer,3.5,No,Express,Bank Transfer,Yes,Yes,7,Vivid,Weekly,No
CUST-0440,Male,39,Electronics,Headphones,228.38,New York,XL,Green,Winter,3.91,Yes,Express,Bank Transfer,Yes,Yes,4,Northwind,Annually,No
CUST-0441,Female,49,Electronics,Tablet,269.41,Miami,S,Blue,Summer,4.64,No,Next Day,Debit Card,No,No,7,Summit,Annually,No
CUST-0442,Female,36,Home,Storage Bin,242.26,Chicago,M,Black,Fall,4.53,No,Standard,Cash,Yes,No,16,Horizon,Quarterly,No
CUST-0443,Female,60,Home,Storage Bin,257.48,Chicago,L,Green,Summer,3.72,No,Next Day,PayPal,Yes,No,21,Aster,Monthly,No
CUST-0444,Female,65,Sports,Yoga Mat,309.67,Chicago,L,White,Summer,3.62,Yes,Next Day,Bank Transfer,No,No,15,Northwind,Bi-Weekly,Yes
CUST-0445,Female,26,Clothing,Jeans,242.24,Houston,XL,Gold,Winter,4.9,Yes,Standard,Debit Card,No,No,16,Aster,Monthly,No
CUST-0446,Female,42,Electronics,Smartwatch,271.36,Austin,S,Red,Spring,3.8,Yes,Express,PayPal,Yes,No,8,Aster,Weekly,No
CUST-0447,Male,51,Home,Chair,304.0,Miami,XL,Red,Summer,4.52,Yes,Standard,Cash,No,No,22,Northwind,Quarterly,Yes
CUST-0448,Female,35,Home,Chair,251.35,New York,S,Gold,Summer,3.72,Yes,Pickup,Credit Card,Yes,No,10,Aster,Weekly,No
CUST-0449,Female,67,Books,Science Book,182.38,Los Angeles,XL,Black,Summer,4.76,No,Next Day,Bank Transfer,Yes,Yes,9,Summit,Monthly,No
CUST-0450,Male,62,Clothing,Jeans,149.21,Houston,S,Purple,Spring,3.15,No,Express,Cash,No,No,7,Summit,Monthly,No
CUST-0451,Female,21,Sports,Yoga Mat,194.2,Austin,S,Gold,Winter,5.0,No,Standard,Credit Card,No,No,11,Northwind,Quarterly,No
CUST-0452,Male,55,Beauty,Serum,278.14,New York,M,Purple,Spring,4.19,Yes,Pickup,Cash,Yes,No,13,Vivid,Weekly,Yes
CUST-0453,Male,67,Clothing,Dress,172.03,New York,L,Red,Fall,2.86,No,Standard,Cash,Yes,No,10,Horizon,Weekly,No
CUST-0454,Male,65,Electronics,Tablet,342.07,Boston,L,Blue,Winter,4.25,Yes,Pickup,Cash,No,No,8,Luma,Annually,Yes
CUST-0455,Male,30,Clothing,T-Shirt,85.41,Boston,L,Green,Spring,4.07,No,Pickup,Debit Card,Yes,No,1,Northwind,Annually,No
CUST-0456,Female,60,Home,Cookware,237.72,Chicago,M,Black,Spring,5.0,Yes,Express,Bank Transfer,Yes,Yes,5,Vivid,Monthly,No
CUST-0457,Male,42,Books,Self-help,144.35,Austin,M,Black,Spring,4.03,No,Pickup,Bank Transfer,Yes,No,12,Luma,Annually,No
CUST-0458,Male,36,Beauty,Makeup Kit,246.68,Chicago,XL,Black,Spring,3.86,No,Standard,Bank Transfer,No,No,15,Vivid,Bi-Weekly,No
CUST-0459,Female,56,Home,Cookware,255.98,Austin,M,Gold,Spring,4.77,Yes,Standard,Cash,No,No,7,Luma,Monthly,No
CUST-0460,Male,35,Books,Cookbook,148.73,Chicago,XL,Black,Summer,3.76,No,Pickup,Credit Card,No,No,6,Summit,Weekly,No
CUST-0461,Male,21,Home,Lamp,223.18,Chicago,One Size,Purple,Summer,4.23,Yes,Pickup,Credit Card,No,No,6,Luma,Monthly,No
CUST-0462,Male,55,Beauty,Skincare Set,258.25,Boston,L,Gold,Spring,4.7,Yes,Next Day,PayPal,No,No,12,Vivid,Quarterly,No
CUST-0463,Female,49,Beauty,Perfume,172.02,Boston,One Size,Black,Summer,4.04,No,Express,PayPal,Yes,No,10,Aster,Monthly,No
CUST-0464,Male,67,Home,Desk,266.66,Miami,M,Green,Fall,4.26,No,Pickup,Credit Card,No,No,7,Luma,Bi-Weekly,No
CUST-0465,Female,22,Clothing,Sweater,212.26,Boston,L,White,Summer,4.81,No,Next Day,Credit Card,Yes,Yes,22,Vivid,Quarterly,No
CUST-0466,Male,59,Clothing,Sweater,181.87,Miami,S,Black,Winter,3.88,No,Next Day,Credit Card,No,No,7,Northwind,Monthly,No
CUST-0467,Female,24,Electronics,Tablet,252.82,Chicago,XL,Purple,Spring,4.3,No,Standard,Bank Transfer,Yes,No,7,Northwind,Weekly,No
CUST-0468,Male,42,Clothing,Dress,197.05,Austin,XL,Purple,Spring,4.09,No,Next Day,Credit Card,Yes,Yes,11,Aster,Weekly,No
CUST-0469,Female,69,Beauty,Serum,185.1,Boston,One Size,Gold,Fall,4.52,No,Express,Cash,Yes,No,6,Vivid,Monthly,No
CUST-0470,Male,26,Sports,Running Shoes,132.12,Chicago,One Size,White,Fall,3.79,No,Pickup,PayPal,Yes,No,1,Luma,Quarterly,No
CUST-0471,Female,22,Sports,Yoga Mat,246.14,Los Angeles,XL,Black,Summer,4.62,Yes,Pickup,PayPal,No,No,15,Aster,Weekly,No
CUST-0472,Female,23,Home,Lamp,241.04,Miami,One Size,Gold,Summer,4.54,Yes,Next Day,Bank Transfer,No,No,15,Northwind,Annually,No
CUST-0473,Male,52,Sports,Yoga Mat,216.28,Los Angeles,One Size,Black,Spring,4.12,Yes,Pickup,Cash,Yes,No,8,Aster,Annually,No
CUST-0474,Male,61,Books,Cookbook,230.47,Chicago,S,White,Fall,5.0,No,Pickup,Bank Transfer,Yes,No,22,Luma,Quarterly,No
CUST-0475,Female,27,Beauty,Serum,259.66,Houston,XL,Blue,Winter,5.0,No,Standard,PayPal,Yes,Yes,23,Luma,Weekly,No
CUST-0476,Female,70,Sports,Yoga Mat,231.5,New York,M,Green,Spring,5.0,No,Express,Credit Card,Yes,No,6,Northwind,Annually,No
CUST-0477,Male,62,Electronics,Headphones,385.86,Houston,XL,Green,Summer,4.57,No,Pickup,Bank Transfer,No,No,21,Northwind,Bi-Weekly,Yes
CUST-0478,Female,30,Home,Chair,216.42,Boston,One Size,Black,Summer,3.64,No,Standard,Bank Transfer,No,No,12,Aster,Quarterly,No
CUST-0479,Female,70,Home,Storage Bin,251.07,Houston,One Size,Black,Fall,4.37,Yes,Standard,Credit Card,No,No,3,Vivid,Quarterly,No
CUST-0480,Male,66,Electronics,Tablet,364.27,Seattle,XL,Purple,Fall,3.85,No,Express,PayPal,No,No,18,Horizon,Weekly,Yes
CUST-0481,Male,62,Beauty,Makeup Kit,149.2,Seattle,XL,Red,Fall,3.98,No,Express,Debit Card,Yes,No,9,Horizon,Monthly,No
CUST-0482,Male,55,Electronics,Headphones,373.51,Los Angeles,L,Green,Fall,4.72,No,Next Day,Debit Card,No,No,20,Summit,Bi-Weekly,Yes
CUST-0483,Male,51,Sports,Running Shoes,269.09,Austin,L,Gold,Summer,4.98,Yes,Express,Debit Card,Yes,No,15,Northwind,Weekly,No
CUST-0484,Male,42,Clothing,Sweater,205.18,Houston,XL,Gold,Winter,5.0,Yes,Pickup,Bank Transfer,Yes,No,7,Luma,Monthly,No
CUST-0485,Female,68,Clothing,Jeans,218.97,Chicago,XL,Green,Fall,4.27,No,Express,PayPal,No,No,12,Summit,Bi-Weekly,No
CUST-0486,Male,28,Clothing,Jacket,174.18,Los Angeles,S,White,Spring,4.67,No,Express,PayPal,No,No,5,Northwind,Bi-Weekly,No
CUST-0487,Female,44,Home,Cookware,204.53,Miami,S,Blue,Summer,3.62,Yes,Pickup,Cash,Yes,No,3,Luma,Bi-Weekly,No
CUST-0488,Female,45,Clothing,T-Shirt,124.18,Houston,L,Red,Winter,3.9,No,Next Day,Credit Card,Yes,No,1,Summit,Monthly,No
CUST-0489,Male,25,Clothing,Dress,124.56,Boston,One Size,Red,Spring,3.82,No,Express,PayPal,Yes,No,14,Vivid,Annually,No
CUST-0490,Male,59,Clothing,T-Shirt,304.46,Boston,One Size,Blue,Summer,4.27,Yes,Next Day,PayPal,No,No,20,Northwind,Weekly,Yes
CUST-0491,Male,52,Electronics,Laptop,387.17,New York,M,White,Fall,4.75,Yes,Express,PayPal,No,No,24,Luma,Quarterly,Yes
CUST-0492,Female,50,Clothing,Jacket,232.4,Chicago,S,Black,Fall,4.89,Yes,Pickup,Cash,Yes,Yes,16,Vivid,Monthly,No
CUST-0493,Female,29,Clothing,Dress,156.34,Miami,XL,Blue,Summer,4.95,Yes,Standard,Credit Card,Yes,No,4,Northwind,Bi-Weekly,No
CUST-0494,Female,30,Sports,Dumbbells,251.46,Miami,M,Black,Fall,4.23,No,Standard,PayPal,Yes,Yes,24,Horizon,Bi-Weekly,No
CUST-0495,Female,66,Sports,Running Shoes,246.07,Seattle,M,Green,Fall,5.0,Yes,Standard,PayPal,Yes,No,13,Luma,Quarterly,No
CUST-0496,Female,23,Home,Lamp,269.71,Miami,XL,Green,Winter,4.6,No,Express,Bank Transfer,Yes,No,20,Vivid,Weekly,No
CUST-0497,Female,71,Sports,Fitness Tracker,298.06,Miami,XL,Gold,Fall,3.89,Yes,Next Day,Credit Card,Yes,No,18,Aster,Monthly,Yes
CUST-0498,Non-binary,62,Books,Self-help,206.05,Los Angeles,XL,Gold,Spring,4.9,No,Pickup,Bank Transfer,Yes,Yes,4,Northwind,Weekly,No
CUST-0499,Male,32,Books,Novel,150.9,Chicago,One Size,Red,Winter,4.29,Yes,Standard,Cash,Yes,No,10,Horizon,Quarterly,No
CUST-0500,Male,60,Electronics,Headphones,374.49,New York,M,White,Summer,5.0,No,Standard,PayPal,No,No,14,Northwind,Weekly,Yes
CUST-0501,Female,68,Sports,Yoga Mat,292.06,New York,One Size,Purple,Fall,5.0,Yes,Standard,Debit Card,Yes,Yes,20,Northwind,Bi-Weekly,Yes
CUST-0502,Male,44,Books,Novel,159.64,New York,L,Black,Spring,3.11,No,Standard,Credit Card,No,No,13,Luma,Weekly,No
CUST-0503,Male,21,Home,Lamp,319.99,Boston,S,Gold,Spring,4.86,No,Express,PayPal,Yes,Yes,21,Horizon,Quarterly,Yes
CUST-0504,Female,21,Books,Self-help,95.33,Chicago,L,Black,Spring,4.81,No,Express,PayPal,Yes,No,4,Vivid,Annually,No
CUST-0505,Non-binary,65,Clothing,Sweater,204.16,New York,M,Gold,Fall,4.57,Yes,Express,PayPal,Yes,Yes,5,Luma,Weekly,No
CUST-0506,Female,59,Clothing,Jeans,175.29,New York,L,Blue,Spring,4.1,Yes,Pickup,Cash,Yes,Yes,2,Luma,Monthly,No
CUST-0507,Female,35,Electronics,Tablet,228.01,Chicago,M,Purple,Spring,3.19,No,Standard,Cash,Yes,Yes,4,Horizon,Quarterly,No
CUST-0508,Female,26,Beauty,Serum,223.69,Houston,XL,Blue,Fall,3.23,No,Pickup,Bank Transfer,No,No,20,Luma,Bi-Weekly,No
CUST-0509,Male,29,Clothing,T-Shirt,116.02,Chicago,S,Blue,Winter,4.13,No,Next Day,Credit Card,Yes,No,5,Vivid,Annually,No
CUST-0510,Female,53,Books,Cookbook,273.5,Miami,L,Blue,Winter,5.0,No,Standard,PayPal,No,No,24,Luma,Bi-Weekly,No
CUST-0511,Female,19,Sports,Yoga Mat,233.11,Seattle,XL,Green,Spring,3.28,No,Next Day,Credit Card,Yes,Yes,17,Vivid,Weekly,No
CUST-0512,Female,63,Clothing,T-Shirt,262.88,Miami,L,Purple,Fall,4.71,No,Pickup,Credit Card,Yes,No,24,Northwind,Weekly,No
CUST-0513,Male,22,Sports,Dumbbells,186.88,Seattle,S,Red,Fall,4.71,Yes,Next Day,Cash,Yes,Yes,7,Aster,Bi-Weekly,No
CUST-0514,Male,55,Clothing,Jeans,171.44,Seattle,S,White,Fall,5.0,Yes,Pickup,PayPal,Yes,No,12,Horizon,Monthly,No
CUST-0515,Male,70,Electronics,Smartwatch,358.08,New York,S,Green,Summer,3.32,No,Pickup,Credit Card,Yes,No,24,Vivid,Monthly,Yes
CUST-0516,Male,20,Books,Self-help,105.26,Austin,M,Green,Spring,5.0,No,Standard,Debit Card,Yes,No,5,Northwind,Annually,No
CUST-0517,Female,62,Electronics,Phone,313.04,New York,One Size,Red,Spring,3.3,Yes,Next Day,PayPal,Yes,Yes,9,Luma,Weekly,Yes
CUST-0518,Male,61,Clothing,Dress,186.06,Seattle,One Size,Black,Spring,5.0,No,Next Day,Credit Card,No,No,6,Horizon,Quarterly,No
CUST-0519,Male,58,Sports,Dumbbells,283.94,Los Angeles,L,Purple,Fall,5.0,No,Express,Debit Card,No,No,13,Summit,Annually,Yes
CUST-0520,Male,67,Sports,Dumbbells,195.83,Houston,One Size,Green,Winter,4.03,No,Pickup,Debit Card,Yes,No,5,Vivid,Weekly,No
CUST-0521,Female,22,Electronics,Tablet,268.18,New York,XL,Gold,Spring,4.3,No,Pickup,Credit Card,Yes,No,4,Summit,Weekly,No
CUST-0522,Female,46,Clothing,Jeans,156.54,Miami,XL,Gold,Summer,5.0,No,Express,Credit Card,No,No,5,Northwind,Monthly,No
CUST-0523,Male,32,Sports,Running Shoes,301.06,Houston,M,White,Summer,4.42,Yes,Standard,PayPal,No,No,13,Luma,Weekly,Yes
CUST-0524,Male,65,Beauty,Brush Set,263.78,Austin,L,Purple,Fall,4.15,No,Pickup,PayPal,No,No,19,Horizon,Monthly,No
CUST-0525,Male,65,Books,History Book,183.89,New York,L,Purple,Summer,3.08,Yes,Next Day,Credit Card,Yes,Yes,11,Aster,Annually,No
CUST-0526,Female,37,Beauty,Makeup Kit,163.64,Austin,M,Black,Summer,4.04,No,Pickup,Bank Transfer,Yes,Yes,7,Summit,Annually,No
CUST-0527,Female,45,Beauty,Skincare Set,251.2,Miami,XL,Green,Spring,3.77,No,Express,PayPal,Yes,No,23,Luma,Monthly,No
CUST-0528,Male,25,Beauty,Perfume,265.03,Houston,L,Purple,Summer,5.0,No,Next Day,Credit Card,Yes,No,20,Aster,Weekly,No
CUST-0529,Female,24,Clothing,Dress,139.49,Miami,XL,Black,Spring,3.84,Yes,Pickup,Debit Card,Yes,Yes,12,Luma,Annually,No
CUST-0530,Female,26,Beauty,Perfume,118.45,Chicago,XL,Red,Fall,3.42,No,Express,Cash,Yes,No,2,Northwind,Bi-Weekly,No
CUST-0531,Male,68,Clothing,Jacket,313.27,Seattle,One Size,Red,Fall,4.95,Yes,Next Day,Credit Card,Yes,No,21,Luma,Quarterly,Yes
CUST-0532,Female,44,Clothing,T-Shirt,181.33,Los Angeles,M,Green,Fall,3.86,No,Express,PayPal,Yes,Yes,19,Luma,Monthly,No
CUST-0533,Male,71,Beauty,Skincare Set,302.86,Houston,L,Black,Fall,3.47,Yes,Next Day,Credit Card,No,No,17,Northwind,Monthly,Yes
CUST-0534,Female,64,Electronics,Phone,357.2,Seattle,XL,Gold,Fall,4.65,Yes,Standard,PayPal,No,No,2,Horizon,Bi-Weekly,Yes
CUST-0535,Male,55,Sports,Cycling Bottle,256.79,Houston,XL,Black,Winter,5.0,No,Express,Bank Transfer,No,No,12,Aster,Bi-Weekly,No
CUST-0536,Female,32,Clothing,Jeans,201.83,Houston,S,Black,Fall,4.52,No,Standard,PayPal,No,No,9,Aster,Bi-Weekly,No
CUST-0537,Female,46,Clothing,Sweater,170.37,Austin,One Size,White,Spring,4.71,No,Next Day,Bank Transfer,No,No,1,Aster,Bi-Weekly,No
CUST-0538,Male,58,Beauty,Brush Set,202.26,Boston,XL,White,Summer,3.64,No,Standard,Debit Card,Yes,No,11,Aster,Bi-Weekly,No
CUST-0539,Female,32,Clothing,T-Shirt,160.09,Chicago,M,Blue,Winter,5.0,No,Standard,Cash,Yes,No,13,Northwind,Annually,No
CUST-0540,Female,49,Electronics,Phone,265.63,Austin,XL,Red,Fall,3.41,No,Pickup,Debit Card,Yes,No,1,Luma,Bi-Weekly,No
CUST-0541,Male,22,Clothing,Sweater,192.23,Los Angeles,M,Red,Winter,5.0,Yes,Pickup,PayPal,Yes,No,4,Horizon,Weekly,No
CUST-0542,Female,24,Home,Cookware,257.12,Seattle,XL,Green,Winter,3.44,No,Standard,Bank Transfer,No,No,13,Horizon,Monthly,No
CUST-0543,Female,68,Books,Self-help,226.33,Chicago,One Size,Gold,Fall,4.22,No,Standard,Debit Card,Yes,No,18,Northwind,Weekly,No
CUST-0544,Male,70,Beauty,Makeup Kit,243.55,Miami,M,Purple,Winter,3.6,Yes,Pickup,Bank Transfer,Yes,Yes,6,Aster,Bi-Weekly,No
CUST-0545,Male,71,Beauty,Serum,273.66,New York,S,Green,Winter,4.18,Yes,Standard,PayPal,Yes,Yes,12,Summit,Monthly,No
CUST-0546,Male,45,Electronics,Phone,274.38,Houston,One Size,White,Spring,3.77,No,Express,Debit Card,Yes,No,7,Vivid,Weekly,Yes
CUST-0547,Male,46,Beauty,Makeup Kit,225.12,Boston,XL,Green,Spring,5.0,No,Next Day,Cash,No,No,11,Northwind,Annually,No
CUST-0548,Male,55,Clothing,Dress,117.46,Houston,L,White,Fall,4.07,No,Standard,Debit Card,Yes,Yes,3,Luma,Annually,No
CUST-0549,Female,49,Home,Storage Bin,209.27,Chicago,L,Gold,Summer,3.46,No,Pickup,Cash,No,No,7,Horizon,Quarterly,No
CUST-0550,Female,65,Electronics,Tablet,376.14,Boston,XL,Purple,Winter,4.8,Yes,Pickup,PayPal,Yes,Yes,21,Vivid,Monthly,Yes
CUST-0551,Male,20,Books,Novel,106.42,Boston,S,Black,Summer,3.42,No,Pickup,Credit Card,No,No,1,Summit,Bi-Weekly,No
CUST-0552,Female,37,Home,Desk,270.86,Miami,L,Red,Winter,4.52,No,Pickup,Credit Card,Yes,Yes,20,Summit,Bi-Weekly,No
CUST-0553,Male,48,Beauty,Makeup Kit,192.08,Miami,One Size,Black,Spring,3.13,No,Express,Bank Transfer,Yes,Yes,11,Vivid,Monthly,No
CUST-0554,Male,26,Beauty,Perfume,195.84,Boston,M,Purple,Fall,4.06,No,Next Day,Cash,Yes,Yes,16,Aster,Bi-Weekly,No
CUST-0555,Male,35,Clothing,Jacket,199.73,Chicago,M,White,Winter,4.68,No,Pickup,Cash,Yes,No,19,Luma,Monthly,No
CUST-0556,Female,23,Sports,Dumbbells,100.91,Chicago,M,Green,Spring,2.98,Yes,Pickup,Debit Card,Yes,No,1,Horizon,Quarterly,No
CUST-0557,Male,24,Electronics,Tablet,286.79,New York,XL,Green,Winter,4.53,No,Standard,Bank Transfer,No,No,8,Luma,Annually,Yes
CUST-0558,Female,31,Books,Science Book,178.9,Boston,XL,Blue,Winter,4.03,No,Express,Cash,No,No,12,Aster,Bi-Weekly,No
CUST-0559,Non-binary,66,Home,Desk,253.88,Seattle,M,Purple,Summer,4.3,No,Express,Debit Card,No,No,7,Horizon,Monthly,No
CUST-0560,Female,51,Home,Lamp,232.18,Miami,XL,Purple,Fall,4.53,No,Express,Cash,Yes,No,9,Vivid,Monthly,No
CUST-0561,Male,45,Home,Cookware,182.36,Austin,S,Red,Summer,4.02,No,Express,Debit Card,Yes,No,1,Luma,Quarterly,No
CUST-0562,Female,46,Clothing,Dress,186.28,Chicago,S,Blue,Spring,3.55,No,Express,Credit Card,No,No,5,Aster,Weekly,No
CUST-0563,Female,37,Home,Cookware,217.17,Miami,S,Purple,Fall,5.0,No,Standard,Cash,No,No,18,Vivid,Quarterly,No
CUST-0564,Male,44,Books,Cookbook,191.85,Miami,One Size,White,Summer,4.62,No,Express,Credit Card,No,No,24,Vivid,Annually,No
CUST-0565,Female,25,Clothing,Jeans,212.2,Seattle,M,Black,Summer,3.25,Yes,Pickup,Debit Card,No,No,21,Horizon,Monthly,No
CUST-0566,Male,40,Clothing,T-Shirt,241.8,Chicago,L,White,Spring,4.7,Yes,Pickup,Credit Card,Yes,Yes,22,Horizon,Monthly,No
CUST-0567,Female,55,Home,Lamp,243.14,Seattle,XL,Blue,Fall,3.9,No,Express,Credit Card,Yes,No,11,Vivid,Annually,No
CUST-0568,Male,35,Beauty,Makeup Kit,166.16,Miami,S,Purple,Fall,2.87,No,Pickup,Bank Transfer,Yes,No,11,Horizon,Quarterly,No
CUST-0569,Male,70,Clothing,T-Shirt,198.8,New York,S,Purple,Winter,4.18,Yes,Next Day,Bank Transfer,No,No,10,Horizon,Quarterly,No
CUST-0570,Male,55,Sports,Dumbbells,288.42,Boston,One Size,Purple,Winter,3.69,Yes,Express,Bank Transfer,No,No,18,Horizon,Quarterly,Yes
CUST-0571,Male,20,Home,Cookware,158.49,Seattle,XL,White,Winter,4.2,No,Next Day,PayPal,Yes,Yes,6,Northwind,Monthly,No
CUST-0572,Male,67,Beauty,Brush Set,247.33,Seattle,M,Green,Fall,5.0,No,Standard,Cash,Yes,No,22,Luma,Bi-Weekly,No
CUST-0573,Female,45,Electronics,Headphones,381.87,Houston,XL,Purple,Fall,5.0,No,Next Day,Bank Transfer,No,No,24,Vivid,Bi-Weekly,Yes
CUST-0574,Female,24,Home,Chair,203.78,Chicago,One Size,Red,Spring,4.79,No,Express,Debit Card,Yes,Yes,9,Horizon,Bi-Weekly,No
CUST-0575,Male,30,Home,Desk,250.32,Houston,L,Purple,Winter,4.16,Yes,Standard,Cash,No,No,8,Vivid,Quarterly,No
CUST-0576,Female,62,Beauty,Skincare Set,209.26,Austin,S,Gold,Fall,3.48,No,Pickup,Debit Card,No,No,8,Summit,Weekly,No
CUST-0577,Male,48,Electronics,Phone,274.55,Houston,One Size,White,Fall,5.0,No,Pickup,Credit Card,No,No,13,Horizon,Monthly,Yes
CUST-0578,Female,58,Home,Lamp,214.13,Seattle,S,Gold,Fall,4.5,No,Standard,PayPal,Yes,No,2,Vivid,Weekly,No
CUST-0579,Male,39,Books,Self-help,243.35,Seattle,M,Red,Spring,5.0,Yes,Next Day,Credit Card,No,No,13,Luma,Annually,No
CUST-0580,Male,44,Beauty,Brush Set,190.99,Austin,One Size,Black,Fall,4.24,Yes,Express,Debit Card,Yes,No,3,Northwind,Weekly,No
CUST-0581,Female,29,Clothing,Sweater,155.19,Miami,S,Red,Spring,4.11,No,Pickup,Bank Transfer,Yes,No,8,Northwind,Monthly,No
CUST-0582,Male,33,Electronics,Phone,312.18,Los Angeles,S,Blue,Summer,4.09,Yes,Pickup,Bank Transfer,Yes,Yes,15,Luma,Weekly,Yes
CUST-0583,Female,38,Beauty,Serum,172.1,Seattle,One Size,Blue,Summer,3.98,No,Next Day,Credit Card,Yes,No,15,Northwind,Bi-Weekly,No
CUST-0584,Non-binary,61,Clothing,Jeans,180.19,Austin,XL,Purple,Summer,4.29,No,Pickup,Bank Transfer,No,No,5,Northwind,Quarterly,No
CUST-0585,Male,24,Home,Lamp,282.02,Boston,L,Red,Winter,5.0,No,Next Day,Bank Transfer,Yes,Yes,15,Horizon,Weekly,Yes
CUST-0586,Male,30,Home,Storage Bin,205.24,New York,XL,White,Summer,4.33,No,Pickup,Credit Card,Yes,No,14,Luma,Annually,No
CUST-0587,Female,21,Books,History Book,216.55,Seattle,M,Red,Fall,5.0,Yes,Next Day,Debit Card,Yes,Yes,16,Aster,Monthly,No
CUST-0588,Male,64,Home,Storage Bin,170.05,Houston,L,Blue,Winter,4.7,No,Pickup,PayPal,Yes,Yes,4,Horizon,Quarterly,No
CUST-0589,Male,32,Electronics,Tablet,278.64,Chicago,XL,White,Winter,4.4,Yes,Pickup,Cash,No,No,4,Horizon,Bi-Weekly,Yes
CUST-0590,Female,57,Beauty,Perfume,252.61,Austin,One Size,Green,Winter,3.85,No,Express,Bank Transfer,No,No,21,Aster,Weekly,No
CUST-0591,Female,36,Sports,Running Shoes,205.14,New York,One Size,Black,Summer,4.27,No,Standard,Cash,Yes,No,12,Aster,Bi-Weekly,No
CUST-0592,Male,47,Clothing,Jeans,192.79,New York,One Size,Gold,Winter,4.76,Yes,Express,Bank Transfer,Yes,Yes,7,Horizon,Bi-Weekly,No
CUST-0593,Male,71,Clothing,Jeans,216.23,Seattle,XL,Blue,Fall,3.67,Yes,Next Day,Cash,Yes,No,10,Summit,Quarterly,No
CUST-0594,Female,25,Electronics,Laptop,288.14,Chicago,One Size,Black,Fall,4.61,No,Pickup,Bank Transfer,Yes,No,10,Luma,Weekly,Yes
CUST-0595,Female,70,Beauty,Skincare Set,158.93,Seattle,One Size,Gold,Spring,2.7,No,Next Day,Bank Transfer,Yes,No,5,Northwind,Monthly,No
CUST-0596,Female,28,Clothing,Dress,153.89,New York,M,Blue,Winter,4.9,No,Pickup,Credit Card,Yes,No,8,Vivid,Bi-Weekly,No
CUST-0597,Female,69,Home,Chair,239.26,Chicago,One Size,Gold,Fall,2.69,Yes,Next Day,PayPal,No,No,1,Horizon,Weekly,No
CUST-0598,Female,65,Beauty,Skincare Set,210.46,Seattle,L,Red,Summer,3.59,No,Next Day,Bank Transfer,Yes,No,13,Horizon,Annually,No
CUST-0599,Female,58,Home,Storage Bin,242.43,Los Angeles,S,Purple,Fall,3.04,Yes,Express,Bank Transfer,No,No,9,Luma,Bi-Weekly,No
CUST-0600,Male,64,Clothing,Sweater,247.26,Boston,M,Purple,Spring,4.66,No,Next Day,Debit Card,No,No,15,Aster,Weekly,No
CUST-0601,Female,59,Books,Novel,94.84,Chicago,XL,Gold,Spring,3.17,No,Standard,Bank Transfer,Yes,No,5,Northwind,Quarterly,No
CUST-0602,Female,25,Clothing,Dress,186.16,Austin,M,Green,Spring,3.97,No,Standard,PayPal,Yes,Yes,22,Summit,Monthly,No
CUST-0603,Male,59,Electronics,Phone,349.36,Seattle,M,Black,Summer,4.55,No,Express,Debit Card,Yes,Yes,21,Luma,Weekly,Yes
CUST-0604,Male,42,Electronics,Smartwatch,333.76,Austin,One Size,Purple,Fall,4.69,No,Express,Debit Card,Yes,No,11,Vivid,Bi-Weekly,Yes
CUST-0605,Male,33,Books,Self-help,183.82,Los Angeles,XL,Gold,Summer,4.27,Yes,Pickup,Cash,Yes,Yes,12,Northwind,Bi-Weekly,No
CUST-0606,Male,20,Home,Desk,299.24,Chicago,M,Black,Spring,4.57,Yes,Next Day,Credit Card,Yes,No,23,Luma,Bi-Weekly,Yes
CUST-0607,Female,18,Home,Chair,272.89,Boston,XL,Green,Winter,3.84,No,Standard,PayPal,Yes,No,23,Northwind,Monthly,No
CUST-0608,Female,67,Home,Lamp,327.39,Houston,M,Red,Fall,4.78,Yes,Pickup,Credit Card,Yes,Yes,23,Vivid,Bi-Weekly,Yes
CUST-0609,Male,29,Sports,Yoga Mat,181.33,Miami,L,Purple,Spring,3.56,Yes,Standard,PayPal,Yes,No,5,Aster,Bi-Weekly,No
CUST-0610,Male,57,Electronics,Tablet,332.39,Austin,S,Purple,Winter,3.68,Yes,Standard,PayPal,Yes,No,8,Summit,Weekly,Yes
CUST-0611,Male,66,Sports,Running Shoes,235.14,Chicago,XL,Purple,Spring,4.28,No,Next Day,Cash,No,No,11,Northwind,Quarterly,No
CUST-0612,Male,42,Clothing,T-Shirt,242.56,Chicago,XL,Red,Spring,4.9,Yes,Next Day,Cash,Yes,No,24,Luma,Annually,No
CUST-0613,Male,57,Clothing,Dress,213.89,Miami,L,Gold,Spring,5.0,Yes,Standard,Credit Card,No,No,10,Luma,Annually,No
CUST-0614,Male,56,Beauty,Skincare Set,181.44,Boston,M,Blue,Fall,4.66,No,Next Day,PayPal,Yes,No,6,Aster,Quarterly,No
CUST-0615,Female,45,Clothing,Dress,204.43,Chicago,XL,Red,Summer,4.28,No,Standard,Cash,No,No,14,Luma,Quarterly,No
CUST-0616,Female,29,Home,Chair,197.59,Los Angeles,One Size,Purple,Summer,3.63,No,Express,Debit Card,Yes,Yes,10,Horizon,Bi-Weekly,No
CUST-0617,Female,46,Home,Desk,254.98,Los Angeles,XL,Blue,Summer,4.48,No,Express,Debit Card,Yes,No,12,Aster,Weekly,No
CUST-0618,Male,69,Books,Self-help,125.8,Boston,One Size,Blue,Fall,3.38,No,Express,PayPal,Yes,Yes,1,Vivid,Weekly,No
CUST-0619,Female,52,Sports,Cycling Bottle,237.0,Boston,XL,Black,Fall,5.0,No,Next Day,Cash,Yes,No,17,Summit,Quarterly,No
CUST-0620,Male,45,Clothing,Sweater,182.27,New York,L,Blue,Spring,4.73,Yes,Express,PayPal,Yes,Yes,5,Summit,Quarterly,No
CUST-0621,Male,55,Electronics,Phone,281.05,Boston,S,White,Summer,4.39,No,Next Day,Cash,No,No,3,Aster,Monthly,Yes
CUST-0622,Female,69,Books,History Book,185.11,Seattle,One Size,Blue,Summer,4.31,Yes,Express,PayPal,Yes,Yes,3,Vivid,Quarterly,No
CUST-0623,Female,52,Electronics,Tablet,247.49,Seattle,M,Green,Winter,3.28,No,Pickup,Bank Transfer,Yes,No,3,Aster,Weekly,No
CUST-0624,Female,33,Books,History Book,142.33,Austin,S,Green,Spring,3.36,Yes,Standard,Bank Transfer,Yes,Yes,9,Vivid,Annually,No
CUST-0625,Male,62,Sports,Dumbbells,229.14,Seattle,S,Gold,Winter,3.18,No,Express,Bank Transfer,Yes,Yes,15,Luma,Bi-Weekly,No
CUST-0626,Female,41,Sports,Dumbbells,175.15,Seattle,One Size,Gold,Fall,2.99,No,Next Day,Debit Card,No,No,10,Aster,Annually,No
CUST-0627,Female,40,Books,History Book,166.55,Boston,XL,Black,Spring,4.6,Yes,Pickup,Cash,No,No,2,Summit,Bi-Weekly,No
CUST-0628,Female,40,Electronics,Headphones,325.71,Boston,S,Purple,Winter,4.33,Yes,Express,Bank Transfer,Yes,Yes,18,Luma,Monthly,Yes
CUST-0629,Male,47,Sports,Fitness Tracker,169.51,Miami,L,Red,Fall,2.57,No,Next Day,Cash,Yes,No,18,Aster,Quarterly,No
CUST-0630,Male,69,Books,Novel,132.22,Chicago,XL,Green,Fall,5.0,Yes,Express,Cash,Yes,No,2,Luma,Quarterly,No
CUST-0631,Male,40,Clothing,Jacket,211.12,Los Angeles,XL,White,Winter,5.0,No,Standard,Credit Card,Yes,No,19,Horizon,Annually,No
CUST-0632,Male,53,Sports,Running Shoes,202.53,Chicago,L,Green,Fall,4.59,No,Express,PayPal,No,No,5,Horizon,Monthly,No
CUST-0633,Female,32,Books,Cookbook,212.37,Seattle,One Size,Blue,Winter,3.88,No,Express,PayPal,No,No,20,Aster,Quarterly,No
CUST-0634,Male,44,Electronics,Phone,300.8,New York,S,Blue,Fall,3.71,Yes,Express,PayPal,No,No,6,Summit,Annually,Yes
CUST-0635,Male,30,Home,Desk,214.82,Austin,L,Gold,Fall,2.35,No,Next Day,Cash,Yes,Yes,16,Horizon,Bi-Weekly,No
CUST-0636,Male,53,Clothing,Jeans,193.35,Chicago,XL,Black,Spring,3.17,No,Pickup,PayPal,Yes,Yes,19,Vivid,Annually,No
CUST-0637,Male,61,Clothing,Sweater,220.05,Chicago,M,Gold,Fall,5.0,Yes,Next Day,Cash,Yes,Yes,4,Horizon,Weekly,No
CUST-0638,Male,62,Clothing,T-Shirt,276.63,Miami,L,Red,Winter,5.0,No,Next Day,PayPal,No,No,22,Aster,Monthly,Yes
CUST-0639,Female,18,Sports,Dumbbells,254.01,Houston,M,White,Winter,4.65,No,Express,Bank Transfer,No,No,15,Aster,Bi-Weekly,No
CUST-0640,Male,36,Books,Self-help,172.67,Chicago,XL,White,Summer,5.0,Yes,Pickup,Cash,Yes,Yes,18,Luma,Quarterly,No
CUST-0641,Female,60,Beauty,Perfume,148.03,Austin,L,Red,Spring,3.95,No,Standard,Cash,No,No,2,Summit,Monthly,No
CUST-0642,Male,45,Books,History Book,175.66,Boston,One Size,Purple,Fall,3.86,Yes,Express,PayPal,Yes,No,18,Summit,Monthly,No
CUST-0643,Female,21,Electronics,Laptop,256.64,New York,M,Gold,Spring,4.85,No,Express,Bank Transfer,Yes,Yes,3,Northwind,Monthly,No
CUST-0644,Male,60,Clothing,Sweater,142.94,Seattle,XL,Green,Fall,4.03,No,Next Day,Debit Card,Yes,No,8,Horizon,Annually,No
CUST-0645,Male,51,Electronics,Headphones,317.25,Seattle,One Size,Green,Spring,3.29,No,Standard,PayPal,No,No,14,Northwind,Monthly,Yes
CUST-0646,Female,55,Beauty,Makeup Kit,206.16,Chicago,M,White,Summer,4.2,No,Express,Cash,No,No,8,Summit,Weekly,No
CUST-0647,Male,54,Home,Lamp,245.21,Austin,M,Red,Spring,5.0,No,Next Day,Debit Card,No,No,5,Vivid,Weekly,No
CUST-0648,Male,32,Electronics,Tablet,272.28,Houston,S,Purple,Winter,5.0,Yes,Next Day,Cash,Yes,Yes,4,Summit,Monthly,No
CUST-0649,Female,63,Clothing,Jacket,193.16,Austin,S,Gold,Summer,4.61,Yes,Next Day,PayPal,Yes,No,1,Vivid,Weekly,No
CUST-0650,Male,70,Electronics,Tablet,328.49,Boston,S,Black,Fall,4.72,Yes,Express,Debit Card,No,No,6,Aster,Monthly,Yes
CUST-0651,Male,40,Electronics,Phone,286.91,Houston,XL,Red,Fall,4.99,Yes,Pickup,Cash,Yes,No,9,Horizon,Quarterly,Yes
CUST-0652,Male,69,Beauty,Brush Set,137.47,Houston,S,Red,Spring,2.76,No,Standard,Debit Card,Yes,No,4,Luma,Annually,No
CUST-0653,Female,47,Electronics,Phone,271.79,Seattle,XL,Green,Summer,5.0,No,Next Day,Bank Transfer,No,No,2,Northwind,Quarterly,No
CUST-0654,Female,41,Electronics,Phone,277.69,Seattle,XL,Black,Winter,4.7,No,Standard,Credit Card,Yes,No,8,Aster,Bi-Weekly,Yes
CUST-0655,Female,57,Home,Chair,202.22,Seattle,L,Black,Summer,3.86,No,Express,Credit Card,Yes,No,11,Luma,Quarterly,No
CUST-0656,Female,51,Beauty,Serum,188.08,Chicago,L,White,Summer,5.0,No,Next Day,Credit Card,Yes,Yes,4,Luma,Quarterly,No
CUST-0657,Female,54,Clothing,Jacket,156.66,Miami,S,Blue,Fall,4.08,Yes,Next Day,PayPal,Yes,No,6,Summit,Annually,No
CUST-0658,Male,63,Electronics,Phone,253.22,Austin,L,Gold,Summer,3.39,No,Pickup,Bank Transfer,No,No,5,Luma,Quarterly,No
CUST-0659,Female,32,Clothing,T-Shirt,237.92,New York,M,Blue,Spring,4.53,No,Standard,Credit Card,No,No,24,Vivid,Annually,No
CUST-0660,Female,33,Beauty,Makeup Kit,266.59,Seattle,M,Purple,Summer,4.59,No,Express,Bank Transfer,No,No,24,Aster,Bi-Weekly,No
CUST-0661,Female,49,Beauty,Serum,206.24,Chicago,M,Green,Fall,5.0,Yes,Express,PayPal,No,No,3,Horizon,Quarterly,No
CUST-0662,Female,44,Books,Science Book,123.54,Seattle,S,Green,Fall,2.53,No,Pickup,Debit Card,Yes,No,8,Summit,Monthly,No
CUST-0663,Male,29,Electronics,Smartwatch,264.02,Seattle,One Size,Gold,Summer,3.97,No,Standard,Cash,No,No,6,Luma,Monthly,No
CUST-0664,Female,55,Books,Self-help,148.64,Boston,XL,Gold,Spring,4.22,No,Express,PayPal,No,No,8,Aster,Quarterly,No
CUST-0665,Female,27,Books,History Book,149.2,Chicago,S,Black,Spring,4.62,Yes,Standard,Bank Transfer,No,No,1,Horizon,Annually,No
CUST-0666,Non-binary,30,Home,Cookware,184.5,New York,One Size,White,Fall,3.25,No,Next Day,Bank Transfer,No,No,6,Vivid,Monthly,No
CUST-0667,Female,47,Clothing,Sweater,244.05,Seattle,L,White,Spring,3.87,Yes,Standard,Cash,Yes,Yes,21,Luma,Weekly,No
CUST-0668,Male,64,Books,Self-help,174.94,Los Angeles,XL,White,Summer,4.13,No,Standard,Cash,Yes,No,17,Luma,Annually,No
CUST-0669,Male,48,Books,Cookbook,86.91,Los Angeles,XL,Gold,Spring,3.1,No,Next Day,Debit Card,Yes,No,6,Horizon,Bi-Weekly,No
CUST-0670,Male,38,Books,Novel,180.04,Chicago,L,Blue,Winter,4.5,No,Pickup,Cash,No,No,11,Aster,Annually,No
CUST-0671,Male,61,Home,Chair,265.95,New York,S,Red,Winter,5.0,Yes,Express,Credit Card,Yes,No,9,Northwind,Quarterly,No
CUST-0672,Male,50,Sports,Fitness Tracker,228.67,New York,L,Red,Spring,3.14,No,Next Day,PayPal,No,No,22,Northwind,Annually,No
CUST-0673,Male,58,Electronics,Laptop,374.11,Seattle,L,White,Spring,4.72,Yes,Express,Bank Transfer,No,No,19,Summit,Annually,Yes
CUST-0674,Female,28,Beauty,Serum,208.97,Seattle,S,Red,Spring,4.51,No,Next Day,Credit Card,Yes,Yes,16,Northwind,Bi-Weekly,No
CUST-0675,Male,66,Electronics,Headphones,360.42,New York,One Size,Gold,Summer,5.0,Yes,Next Day,PayPal,No,No,5,Summit,Weekly,Yes
CUST-0676,Female,24,Home,Cookware,198.16,Seattle,XL,White,Summer,4.32,Yes,Express,PayPal,No,No,1,Summit,Monthly,No
CUST-0677,Male,71,Electronics,Laptop,435.88,Houston,XL,Blue,Winter,5.0,No,Pickup,Credit Card,No,No,20,Vivid,Weekly,Yes
CUST-0678,Female,21,Electronics,Tablet,354.44,Houston,One Size,Blue,Winter,4.35,Yes,Standard,Cash,Yes,Yes,23,Summit,Quarterly,Yes
CUST-0679,Male,41,Clothing,Dress,159.76,Seattle,One Size,Blue,Fall,4.79,No,Standard,Credit Card,No,No,8,Vivid,Quarterly,No
CUST-0680,Female,38,Books,Cookbook,134.25,Chicago,S,Gold,Summer,4.65,Yes,Pickup,Credit Card,Yes,Yes,2,Vivid,Bi-Weekly,No
CUST-0681,Female,50,Clothing,Sweater,117.05,Seattle,XL,Green,Spring,4.49,No,Next Day,Credit Card,Yes,No,2,Aster,Monthly,No
CUST-0682,Female,68,Clothing,Dress,315.28,Boston,One Size,Blue,Winter,4.21,Yes,Express,PayPal,No,No,24,Vivid,Bi-Weekly,Yes
CUST-0683,Female,64,Electronics,Tablet,442.54,Seattle,L,Black,Fall,4.58,Yes,Next Day,Credit Card,Yes,Yes,16,Northwind,Bi-Weekly,Yes
CUST-0684,Male,67,Clothing,Jacket,221.55,Boston,XL,Blue,Winter,5.0,Yes,Pickup,Cash,Yes,Yes,1,Aster,Bi-Weekly,No
CUST-0685,Male,59,Beauty,Skincare Set,173.66,Miami,XL,Green,Summer,3.65,No,Pickup,Bank Transfer,Yes,No,8,Aster,Annually,No
CUST-0686,Female,29,Electronics,Tablet,371.77,Miami,One Size,Black,Spring,3.15,Yes,Pickup,PayPal,No,No,23,Luma,Quarterly,Yes
CUST-0687,Male,53,Clothing,Sweater,241.16,New York,XL,Gold,Spring,4.74,No,Standard,Credit Card,No,No,8,Summit,Weekly,No
CUST-0688,Male,39,Home,Chair,259.81,Boston,One Size,Blue,Fall,4.57,No,Express,Bank Transfer,Yes,No,16,Aster,Weekly,No
CUST-0689,Male,57,Home,Storage Bin,302.48,Boston,XL,Black,Fall,3.84,Yes,Pickup,PayPal,Yes,Yes,20,Northwind,Monthly,Yes
CUST-0690,Non-binary,44,Clothing,Jeans,145.12,Houston,L,Blue,Summer,4.02,No,Express,Credit Card,Yes,No,14,Northwind,Quarterly,No
CUST-0691,Male,28,Electronics,Smartwatch,289.69,Boston,L,Black,Fall,3.38,Yes,Express,Bank Transfer,Yes,Yes,9,Horizon,Bi-Weekly,Yes
CUST-0692,Female,49,Home,Chair,236.87,Miami,S,Green,Summer,3.32,No,Next Day,Credit Card,No,No,14,Luma,Quarterly,No
CUST-0693,Female,51,Sports,Yoga Mat,315.37,Boston,One Size,Gold,Winter,5.0,Yes,Next Day,Debit Card,No,No,17,Summit,Weekly,Yes
CUST-0694,Male,45,Clothing,Jeans,174.78,Houston,XL,Gold,Winter,3.35,Yes,Standard,Bank Transfer,Yes,No,3,Vivid,Quarterly,No
CUST-0695,Female,34,Clothing,Jacket,186.69,Seattle,One Size,Green,Fall,4.31,Yes,Standard,Debit Card,No,No,11,Vivid,Quarterly,No
CUST-0696,Female,60,Books,Novel,207.96,Los Angeles,XL,Purple,Fall,4.36,Yes,Express,Debit Card,No,No,10,Aster,Monthly,No
CUST-0697,Female,33,Books,Novel,114.76,Seattle,S,Gold,Spring,4.1,No,Standard,PayPal,Yes,No,8,Luma,Monthly,No
CUST-0698,Female,53,Beauty,Serum,249.53,Houston,M,Green,Fall,5.0,Yes,Standard,PayPal,Yes,No,13,Northwind,Monthly,No
CUST-0699,Male,60,Clothing,T-Shirt,237.3,Seattle,XL,Red,Summer,4.54,Yes,Pickup,Bank Transfer,Yes,No,20,Northwind,Quarterly,No
CUST-0700,Female,47,Clothing,Jeans,198.87,Houston,S,Green,Summer,5.0,No,Pickup,Debit Card,No,No,10,Vivid,Monthly,No
CUST-0701,Female,25,Clothing,Sweater,196.96,Austin,S,Purple,Winter,4.48,Yes,Next Day,Bank Transfer,No,No,9,Northwind,Quarterly,No
CUST-0702,Female,30,Electronics,Laptop,328.22,Seattle,XL,Red,Summer,3.81,Yes,Standard,Bank Transfer,No,No,14,Luma,Monthly,Yes
CUST-0703,Male,43,Books,Self-help,228.4,Miami,L,Blue,Spring,4.08,No,Pickup,Credit Card,No,No,23,Summit,Monthly,No
CUST-0704,Male,52,Books,Novel,192.36,Boston,XL,White,Winter,5.0,No,Next Day,Credit Card,Yes,Yes,3,Vivid,Weekly,No
CUST-0705,Female,63,Sports,Dumbbells,203.53,Austin,L,Gold,Fall,3.22,No,Next Day,Debit Card,No,No,7,Summit,Bi-Weekly,No
CUST-0706,Female,60,Beauty,Makeup Kit,301.67,Chicago,One Size,Gold,Winter,4.32,Yes,Pickup,Debit Card,Yes,No,21,Horizon,Bi-Weekly,Yes
CUST-0707,Female,62,Beauty,Skincare Set,286.85,Boston,One Size,Gold,Winter,4.34,Yes,Pickup,PayPal,Yes,Yes,17,Aster,Bi-Weekly,Yes
CUST-0708,Male,51,Home,Chair,278.46,New York,L,Purple,Fall,4.1,Yes,Standard,Debit Card,Yes,Yes,11,Aster,Monthly,Yes
CUST-0709,Male,37,Sports,Running Shoes,238.2,Austin,XL,Purple,Fall,4.61,No,Express,Credit Card,Yes,No,19,Aster,Bi-Weekly,No
CUST-0710,Male,71,Sports,Cycling Bottle,272.28,Chicago,One Size,White,Summer,4.98,No,Next Day,Credit Card,Yes,No,16,Luma,Quarterly,No
CUST-0711,Female,63,Books,Novel,221.77,Los Angeles,XL,Black,Spring,3.98,No,Express,Cash,Yes,No,21,Northwind,Bi-Weekly,No
CUST-0712,Female,40,Clothing,Sweater,208.24,Boston,L,Black,Spring,4.13,Yes,Next Day,PayPal,Yes,No,10,Aster,Bi-Weekly,No
CUST-0713,Male,28,Electronics,Laptop,344.9,Boston,XL,Black,Spring,5.0,No,Next Day,Credit Card,Yes,Yes,15,Luma,Monthly,Yes
CUST-0714,Male,24,Home,Lamp,273.97,Seattle,One Size,Blue,Summer,3.45,Yes,Pickup,Debit Card,No,No,24,Horizon,Quarterly,No
CUST-0715,Female,44,Sports,Cycling Bottle,253.4,New York,S,Black,Summer,4.54,No,Standard,PayPal,Yes,No,12,Summit,Bi-Weekly,No
CUST-0716,Male,54,Beauty,Skincare Set,270.66,Houston,M,Gold,Summer,4.39,Yes,Express,Debit Card,Yes,No,19,Aster,Annually,No
CUST-0717,Male,28,Sports,Yoga Mat,243.79,Seattle,L,White,Spring,4.07,Yes,Standard,PayPal,Yes,Yes,11,Northwind,Monthly,No
CUST-0718,Male,29,Clothing,Jacket,137.19,New York,XL,Black,Spring,3.19,No,Express,Debit Card,No,No,4,Horizon,Weekly,No
CUST-0719,Male,37,Home,Lamp,243.18,Austin,S,Red,Winter,4.54,No,Next Day,Bank Transfer,No,No,17,Vivid,Annually,No
CUST-0720,Male,71,Electronics,Phone,364.15,Los Angeles,S,Red,Fall,4.72,No,Pickup,Debit Card,Yes,No,19,Summit,Bi-Weekly,Yes
CUST-0721,Female,39,Clothing,T-Shirt,152.97,Boston,XL,Gold,Fall,4.93,Yes,Next Day,Cash,No,No,1,Summit,Monthly,No
CUST-0722,Female,57,Sports,Dumbbells,290.6,Los Angeles,One Size,White,Spring,5.0,Yes,Standard,Debit Card,Yes,Yes,10,Aster,Weekly,Yes
CUST-0723,Male,63,Sports,Dumbbells,280.29,Austin,One Size,Black,Fall,4.27,Yes,Standard,Bank Transfer,No,No,14,Summit,Weekly,Yes
CUST-0724,Male,54,Sports,Dumbbells,320.07,Houston,S,White,Summer,5.0,Yes,Next Day,PayPal,Yes,No,23,Aster,Bi-Weekly,Yes
CUST-0725,Female,40,Sports,Dumbbells,217.77,Los Angeles,One Size,White,Summer,3.66,No,Next Day,PayPal,No,No,12,Horizon,Bi-Weekly,No
CUST-0726,Male,25,Electronics,Tablet,245.53,Los Angeles,One Size,White,Summer,3.85,No,Pickup,Cash,No,No,1,Luma,Annually,No
CUST-0727,Female,38,Books,Science Book,214.28,Seattle,One Size,Blue,Summer,4.32,No,Pickup,PayPal,No,No,18,Luma,Weekly,No
CUST-0728,Female,39,Sports,Running Shoes,301.33,Austin,S,Purple,Fall,4.8,Yes,Next Day,Bank Transfer,Yes,No,23,Vivid,Weekly,Yes
CUST-0729,Female,36,Beauty,Perfume,305.78,Austin,S,Green,Fall,4.43,Yes,Standard,Debit Card,Yes,No,22,Vivid,Weekly,Yes
CUST-0730,Female,50,Books,Cookbook,134.49,Miami,S,White,Summer,4.18,No,Express,Credit Card,Yes,Yes,14,Aster,Annually,No
CUST-0731,Male,48,Sports,Dumbbells,216.62,Miami,L,Black,Spring,4.68,No,Standard,Debit Card,Yes,No,12,Horizon,Quarterly,No
CUST-0732,Female,47,Clothing,Sweater,223.34,Chicago,One Size,Gold,Spring,5.0,Yes,Express,Cash,No,No,12,Summit,Quarterly,No
CUST-0733,Male,25,Clothing,Jacket,230.8,Chicago,L,Purple,Winter,5.0,Yes,Pickup,Debit Card,No,No,17,Summit,Weekly,No
CUST-0734,Male,39,Electronics,Smartwatch,361.46,Chicago,One Size,White,Spring,4.71,No,Standard,Credit Card,Yes,Yes,19,Summit,Bi-Weekly,Yes
CUST-0735,Male,64,Electronics,Headphones,352.98,Chicago,L,White,Fall,3.91,Yes,Express,Cash,Yes,No,17,Vivid,Weekly,Yes
CUST-0736,Female,64,Clothing,T-Shirt,209.2,Chicago,XL,Red,Fall,3.17,No,Next Day,PayPal,Yes,Yes,24,Luma,Quarterly,No
CUST-0737,Female,46,Books,Science Book,122.18,Austin,M,Gold,Spring,4.45,No,Pickup,Debit Card,Yes,No,4,Aster,Bi-Weekly,No
CUST-0738,Male,59,Beauty,Serum,233.64,Miami,L,White,Spring,3.69,No,Express,Debit Card,No,No,8,Summit,Bi-Weekly,No
CUST-0739,Male,59,Beauty,Skincare Set,152.51,Miami,M,Gold,Summer,4.29,No,Next Day,PayPal,Yes,No,4,Northwind,Monthly,No
CUST-0740,Female,35,Electronics,Smartwatch,256.1,Houston,One Size,Black,Spring,3.89,Yes,Standard,Debit Card,No,No,1,Northwind,Quarterly,No
CUST-0741,Female,64,Sports,Running Shoes,142.57,Miami,L,Gold,Fall,4.2,Yes,Pickup,Bank Transfer,Yes,Yes,3,Horizon,Annually,No
CUST-0742,Male,27,Books,Novel,246.04,Houston,M,Red,Spring,4.98,No,Next Day,Bank Transfer,Yes,Yes,21,Horizon,Weekly,No
CUST-0743,Female,62,Beauty,Perfume,207.82,Boston,S,Green,Summer,5.0,No,Pickup,Credit Card,Yes,Yes,6,Luma,Bi-Weekly,No
CUST-0744,Female,53,Electronics,Laptop,292.68,Austin,XL,Gold,Summer,3.35,No,Standard,PayPal,No,No,13,Luma,Weekly,Yes
CUST-0745,Female,37,Electronics,Laptop,326.41,New York,One Size,Blue,Summer,4.74,Yes,Pickup,PayPal,Yes,Yes,22,Horizon,Annually,Yes
CUST-0746,Female,23,Electronics,Phone,266.68,New York,L,White,Spring,3.5,No,Next Day,PayPal,Yes,No,10,Aster,Annually,No
CUST-0747,Female,37,Books,Science Book,166.65,Los Angeles,S,Red,Winter,5.0,No,Pickup,PayPal,Yes,Yes,5,Summit,Bi-Weekly,No
CUST-0748,Female,50,Electronics,Tablet,316.74,Los Angeles,S,Blue,Fall,5.0,No,Standard,Cash,Yes,Yes,18,Horizon,Quarterly,Yes
CUST-0749,Male,60,Clothing,Jacket,159.22,Austin,M,Gold,Spring,3.68,Yes,Express,PayPal,No,No,1,Vivid,Annually,No
CUST-0750,Male,53,Clothing,Sweater,248.12,Seattle,One Size,Red,Spring,4.12,No,Express,Debit Card,Yes,No,24,Northwind,Monthly,No
CUST-0751,Male,68,Home,Cookware,311.01,Chicago,One Size,Gold,Summer,4.66,No,Express,Credit Card,Yes,Yes,20,Horizon,Monthly,Yes
CUST-0752,Female,63,Sports,Cycling Bottle,317.4,Seattle,M,Gold,Winter,4.14,Yes,Standard,Bank Transfer,No,No,21,Horizon,Quarterly,Yes
CUST-0753,Male,29,Beauty,Skincare Set,234.12,New York,L,Black,Fall,3.9,Yes,Next Day,PayPal,Yes,Yes,20,Vivid,Annually,No
CUST-0754,Male,25,Beauty,Makeup Kit,174.73,New York,One Size,Purple,Summer,3.4,No,Standard,Debit Card,Yes,No,9,Horizon,Bi-Weekly,No
CUST-0755,Female,57,Home,Desk,236.98,Los Angeles,S,Blue,Spring,3.28,Yes,Express,Credit Card,No,No,1,Summit,Bi-Weekly,No
CUST-0756,Female,44,Clothing,Sweater,129.61,Los Angeles,XL,Blue,Summer,4.19,No,Express,Credit Card,Yes,No,1,Luma,Annually,No
CUST-0757,Male,49,Electronics,Tablet,338.25,Seattle,S,Green,Summer,5.0,No,Pickup,Debit Card,No,No,12,Summit,Bi-Weekly,Yes
CUST-0758,Male,58,Electronics,Smartwatch,301.27,Seattle,XL,White,Fall,3.78,Yes,Express,PayPal,Yes,Yes,14,Summit,Monthly,Yes
CUST-0759,Male,58,Clothing,Jacket,147.15,Houston,One Size,Gold,Fall,4.32,Yes,Standard,Debit Card,No,No,1,Luma,Quarterly,No
CUST-0760,Male,25,Sports,Fitness Tracker,294.61,Austin,One Size,Gold,Spring,5.0,Yes,Standard,Cash,Yes,Yes,24,Aster,Quarterly,Yes
CUST-0761,Female,66,Sports,Fitness Tracker,275.66,Chicago,M,Gold,Spring,4.57,No,Next Day,Cash,No,No,19,Aster,Bi-Weekly,Yes
CUST-0762,Female,37,Books,Novel,235.07,Chicago,One Size,Red,Fall,5.0,Yes,Pickup,Credit Card,No,No,9,Luma,Bi-Weekly,No
CUST-0763,Male,27,Electronics,Smartwatch,248.27,Seattle,XL,Gold,Winter,4.12,No,Standard,Credit Card,Yes,No,5,Luma,Quarterly,No
CUST-0764,Female,41,Sports,Dumbbells,270.65,Los Angeles,S,Purple,Spring,3.72,No,Express,PayPal,No,No,22,Summit,Quarterly,No
CUST-0765,Female,23,Clothing,Dress,125.42,Boston,One Size,White,Spring,3.6,Yes,Pickup,Bank Transfer,No,No,6,Luma,Weekly,No
CUST-0766,Male,27,Sports,Yoga Mat,284.08,Seattle,One Size,Blue,Spring,3.72,Yes,Standard,Credit Card,No,No,21,Northwind,Weekly,Yes
CUST-0767,Female,59,Beauty,Perfume,213.26,Seattle,S,Blue,Winter,5.0,Yes,Standard,Credit Card,Yes,No,11,Aster,Monthly,No
CUST-0768,Female,63,Clothing,Dress,279.28,Seattle,S,White,Winter,3.65,Yes,Standard,PayPal,No,No,23,Luma,Quarterly,Yes
CUST-0769,Male,24,Clothing,Dress,158.08,Chicago,XL,Gold,Summer,3.3,No,Next Day,PayPal,Yes,Yes,13,Aster,Weekly,No
CUST-0770,Female,51,Beauty,Perfume,173.82,Houston,L,Blue,Winter,4.23,No,Next Day,PayPal,Yes,Yes,8,Vivid,Annually,No
CUST-0771,Male,18,Sports,Running Shoes,247.13,Austin,XL,Purple,Spring,4.62,No,Next Day,PayPal,Yes,No,17,Summit,Weekly,No
CUST-0772,Female,34,Clothing,Dress,176.59,Chicago,S,Red,Spring,3.47,No,Standard,Cash,Yes,No,19,Horizon,Annually,No
CUST-0773,Male,29,Beauty,Brush Set,179.33,Los Angeles,One Size,Red,Fall,4.59,Yes,Pickup,PayPal,Yes,Yes,4,Horizon,Annually,No
CUST-0774,Female,43,Home,Cookware,251.35,Seattle,One Size,Gold,Summer,5.0,Yes,Pickup,Bank Transfer,No,No,1,Northwind,Monthly,No
CUST-0775,Female,27,Home,Cookware,197.35,Houston,One Size,Black,Winter,4.88,No,Next Day,Credit Card,No,No,11,Vivid,Quarterly,No
CUST-0776,Female,56,Clothing,Jeans,185.04,Boston,One Size,Green,Fall,3.47,Yes,Standard,Debit Card,No,No,6,Summit,Monthly,No
CUST-0777,Female,41,Books,Self-help,251.58,New York,S,Red,Spring,4.22,No,Standard,PayPal,No,No,23,Summit,Bi-Weekly,No
CUST-0778,Female,41,Home,Cookware,225.29,Los Angeles,XL,Green,Fall,4.23,No,Standard,PayPal,Yes,Yes,14,Northwind,Monthly,No
CUST-0779,Female,27,Electronics,Smartwatch,294.21,Miami,XL,Blue,Summer,4.59,No,Next Day,Cash,Yes,No,10,Horizon,Bi-Weekly,Yes
CUST-0780,Female,31,Clothing,Jacket,291.06,Los Angeles,S,White,Winter,4.08,No,Express,PayPal,Yes,No,22,Northwind,Weekly,Yes
CUST-0781,Female,71,Home,Chair,331.38,Seattle,M,Green,Fall,3.73,Yes,Standard,Credit Card,Yes,No,22,Horizon,Quarterly,Yes
CUST-0782,Female,47,Books,History Book,154.42,Chicago,One Size,Gold,Spring,4.11,No,Pickup,Cash,No,No,7,Aster,Annually,No
CUST-0783,Female,50,Sports,Dumbbells,249.08,Miami,L,Green,Spring,2.97,Yes,Standard,Cash,Yes,No,19,Luma,Monthly,No
CUST-0784,Male,55,Home,Storage Bin,242.51,Boston,L,Red,Fall,4.5,No,Standard,Credit Card,No,No,2,Aster,Bi-Weekly,No
CUST-0785,Female,43,Sports,Yoga Mat,251.61,Miami,M,Blue,Summer,4.14,Yes,Pickup,Bank Transfer,No,No,21,Aster,Annually,No
CUST-0786,Female,22,Clothing,Jacket,185.06,Houston,S,White,Summer,4.71,No,Express,PayPal,Yes,No,24,Luma,Bi-Weekly,No
CUST-0787,Male,31,Books,Self-help,133.2,Houston,One Size,White,Summer,3.66,No,Next Day,Credit Card,Yes,Yes,8,Summit,Monthly,No
CUST-0788,Male,46,Beauty,Perfume,206.98,New York,XL,White,Spring,3.77,Yes,Express,Credit Card,Yes,Yes,16,Vivid,Quarterly,No
CUST-0789,Female,42,Home,Cookware,200.54,Miami,M,Green,Winter,4.02,Yes,Next Day,Credit Card,Yes,Yes,1,Vivid,Bi-Weekly,No
CUST-0790,Male,56,Beauty,Makeup Kit,213.9,New York,XL,Black,Spring,3.76,Yes,Pickup,Cash,No,No,6,Horizon,Annually,No
CUST-0791,Female,28,Clothing,Jacket,112.64,Houston,XL,Red,Spring,3.39,No,Next Day,Debit Card,Yes,No,6,Horizon,Annually,No
CUST-0792,Female,36,Clothing,Jeans,179.65,Boston,One Size,Blue,Winter,5.0,No,Express,Credit Card,Yes,No,13,Northwind,Bi-Weekly,No
CUST-0793,Male,65,Clothing,Dress,167.84,Los Angeles,L,Black,Spring,4.72,Yes,Next Day,Credit Card,No,No,1,Northwind,Bi-Weekly,No
CUST-0794,Female,69,Beauty,Brush Set,279.67,Los Angeles,S,Blue,Summer,5.0,No,Pickup,Bank Transfer,No,No,19,Summit,Bi-Weekly,Yes
CUST-0795,Female,35,Sports,Yoga Mat,236.67,Boston,XL,Purple,Summer,3.41,No,Standard,Credit Card,No,No,24,Aster,Quarterly,No
CUST-0796,Female,44,Clothing,T-Shirt,212.25,Miami,S,Purple,Winter,3.55,Yes,Next Day,Bank Transfer,No,No,17,Aster,Monthly,No
CUST-0797,Male,56,Electronics,Smartwatch,279.99,Chicago,XL,Green,Summer,4.63,No,Standard,PayPal,No,No,7,Luma,Annually,Yes
CUST-0798,Female,65,Books,History Book,222.63,Seattle,S,Blue,Fall,3.95,No,Standard,Credit Card,Yes,Yes,17,Vivid,Monthly,No
CUST-0799,Male,66,Clothing,Jeans,151.88,Miami,One Size,Purple,Winter,3.06,Yes,Standard,Credit Card,Yes,No,2,Northwind,Quarterly,No
CUST-0800,Male,21,Electronics,Phone,349.09,Los Angeles,M,White,Summer,3.81,Yes,Standard,Credit Card,Yes,No,24,Northwind,Weekly,Yes
CUST-0801,Female,55,Sports,Cycling Bottle,207.18,Seattle,L,Black,Winter,3.04,No,Standard,Cash,Yes,Yes,6,Northwind,Quarterly,No
CUST-0802,Non-binary,63,Home,Lamp,274.35,Chicago,M,Green,Winter,4.04,Yes,Express,Bank Transfer,No,No,7,Summit,Bi-Weekly,No
CUST-0803,Male,61,Clothing,Sweater,218.69,Boston,L,Green,Spring,4.32,Yes,Next Day,Debit Card,No,No,7,Vivid,Weekly,No
CUST-0804,Female,49,Sports,Dumbbells,275.64,Boston,One Size,Gold,Summer,3.27,Yes,Standard,Bank Transfer,No,No,23,Summit,Weekly,Yes
CUST-0805,Female,52,Home,Desk,314.9,Houston,S,Purple,Spring,3.7,No,Standard,PayPal,No,No,23,Northwind,Weekly,Yes
CUST-0806,Female,46,Beauty,Makeup Kit,239.09,New York,One Size,Blue,Fall,5.0,No,Express,Cash,No,No,14,Horizon,Weekly,No
CUST-0807,Female,62,Clothing,Dress,226.71,Houston,L,Blue,Fall,4.25,Yes,Next Day,Credit Card,No,No,11,Northwind,Bi-Weekly,No
CUST-0808,Male,29,Clothing,Jeans,148.32,New York,One Size,Black,Fall,4.94,No,Pickup,Credit Card,Yes,Yes,1,Northwind,Monthly,No
CUST-0809,Female,27,Clothing,Dress,230.71,Los Angeles,One Size,Red,Fall,4.21,Yes,Express,Credit Card,No,No,19,Northwind,Quarterly,No
CUST-0810,Female,51,Clothing,T-Shirt,221.44,New York,XL,Black,Fall,3.91,No,Next Day,Debit Card,No,No,20,Summit,Monthly,No
CUST-0811,Female,43,Home,Lamp,277.66,Houston,L,Green,Fall,5.0,No,Standard,Credit Card,No,No,23,Summit,Monthly,Yes
CUST-0812,Male,18,Sports,Running Shoes,229.58,Austin,L,Green,Winter,4.47,Yes,Pickup,Debit Card,Yes,Yes,16,Luma,Annually,No
CUST-0813,Male,18,Beauty,Perfume,218.28,Seattle,M,Purple,Spring,4.37,Yes,Standard,PayPal,No,No,6,Vivid,Weekly,No
CUST-0814,Female,45,Clothing,Jacket,260.86,Austin,XL,Black,Winter,3.85,Yes,Express,PayPal,Yes,No,19,Summit,Weekly,No
CUST-0815,Male,31,Electronics,Laptop,377.14,Los Angeles,One Size,Green,Winter,4.43,Yes,Express,Debit Card,Yes,Yes,17,Aster,Monthly,Yes
CUST-0816,Female,36,Sports,Cycling Bottle,162.05,New York,S,Gold,Spring,3.87,No,Standard,PayPal,No,No,1,Luma,Annually,No
CUST-0817,Female,69,Books,Self-help,148.47,New York,M,Blue,Spring,3.85,No,Next Day,Bank Transfer,No,No,1,Summit,Annually,No
CUST-0818,Female,60,Clothing,Jacket,242.42,Boston,One Size,Gold,Spring,4.48,Yes,Express,Debit Card,Yes,No,8,Horizon,Weekly,No
CUST-0819,Female,52,Clothing,Jacket,237.94,New York,S,White,Winter,5.0,No,Standard,Cash,No,No,12,Vivid,Quarterly,No
CUST-0820,Male,54,Sports,Yoga Mat,210.08,Chicago,S,White,Spring,3.04,No,Express,Debit Card,No,No,17,Vivid,Quarterly,No
CUST-0821,Male,39,Sports,Dumbbells,178.8,Boston,M,Black,Fall,2.77,No,Standard,Bank Transfer,No,No,9,Summit,Bi-Weekly,No
CUST-0822,Female,54,Clothing,T-Shirt,155.85,Miami,S,Blue,Spring,4.28,No,Next Day,PayPal,No,No,4,Vivid,Weekly,No
CUST-0823,Male,53,Home,Cookware,311.32,Houston,XL,Green,Spring,4.9,No,Express,PayPal,No,No,23,Aster,Bi-Weekly,Yes
CUST-0824,Male,63,Electronics,Tablet,417.24,New York,M,Gold,Summer,3.67,No,Pickup,PayPal,No,No,24,Vivid,Bi-Weekly,Yes
CUST-0825,Male,39,Electronics,Laptop,296.61,Miami,S,Blue,Summer,4.55,No,Express,Credit Card,Yes,No,4,Horizon,Weekly,Yes
CUST-0826,Male,56,Electronics,Laptop,350.77,Los Angeles,M,Blue,Spring,4.16,Yes,Next Day,Bank Transfer,No,No,8,Aster,Weekly,Yes
CUST-0827,Male,36,Beauty,Brush Set,189.3,Seattle,XL,Red,Summer,2.94,No,Standard,Cash,Yes,Yes,20,Northwind,Monthly,No
CUST-0828,Male,29,Sports,Dumbbells,144.28,Boston,L,Green,Summer,4.89,No,Pickup,Cash,No,No,3,Horizon,Annually,No
CUST-0829,Female,56,Clothing,Jacket,202.92,Los Angeles,L,Blue,Fall,4.65,No,Express,Credit Card,Yes,No,18,Vivid,Annually,No
CUST-0830,Male,69,Beauty,Brush Set,187.68,Miami,One Size,Purple,Summer,3.28,Yes,Pickup,Credit Card,No,No,10,Summit,Annually,No
CUST-0831,Male,69,Home,Storage Bin,262.51,Boston,One Size,Black,Summer,4.3,No,Standard,Credit Card,Yes,No,16,Vivid,Monthly,No
CUST-0832,Female,34,Home,Desk,198.89,Los Angeles,S,Purple,Fall,4.5,No,Pickup,Cash,Yes,No,6,Aster,Quarterly,No
CUST-0833,Male,66,Home,Storage Bin,272.92,Boston,XL,Purple,Spring,4.62,Yes,Next Day,PayPal,No,No,8,Vivid,Annually,No
CUST-0834,Male,70,Books,Self-help,122.41,Houston,L,Gold,Winter,4.84,No,Standard,Bank Transfer,Yes,Yes,7,Horizon,Annually,No
CUST-0835,Male,41,Sports,Dumbbells,214.66,Miami,S,Black,Summer,5.0,No,Next Day,Credit Card,Yes,Yes,11,Northwind,Monthly,No
CUST-0836,Male,30,Electronics,Laptop,346.91,New York,S,Gold,Fall,3.85,Yes,Pickup,Credit Card,Yes,No,22,Vivid,Annually,Yes
CUST-0837,Female,34,Electronics,Tablet,300.21,Austin,S,Gold,Spring,3.75,No,Express,Cash,Yes,Yes,17,Vivid,Quarterly,Yes
CUST-0838,Female,18,Home,Cookware,229.29,Austin,M,Black,Spring,4.66,Yes,Standard,Debit Card,Yes,No,9,Horizon,Bi-Weekly,No
CUST-0839,Male,18,Home,Desk,177.93,New York,S,Purple,Winter,4.22,No,Pickup,PayPal,No,No,4,Aster,Annually,No
CUST-0840,Male,35,Clothing,Dress,216.0,Boston,L,Black,Fall,3.97,Yes,Next Day,Cash,No,No,16,Luma,Bi-Weekly,No
CUST-0841,Male,38,Home,Lamp,247.42,Austin,M,Blue,Spring,2.98,Yes,Pickup,Credit Card,Yes,No,15,Northwind,Quarterly,No
CUST-0842,Female,18,Beauty,Perfume,161.2,Houston,XL,Green,Winter,5.0,No,Next Day,Cash,No,No,12,Aster,Monthly,No
CUST-0843,Male,71,Clothing,Jeans,174.8,Miami,L,Gold,Spring,4.25,No,Next Day,Credit Card,Yes,No,1,Summit,Bi-Weekly,No
CUST-0844,Female,21,Beauty,Brush Set,158.39,Boston,XL,Purple,Summer,5.0,No,Next Day,Cash,Yes,No,2,Horizon,Monthly,No
CUST-0845,Female,56,Electronics,Laptop,337.29,Seattle,One Size,Black,Spring,5.0,Yes,Express,Cash,Yes,Yes,9,Aster,Quarterly,Yes
CUST-0846,Male,36,Electronics,Smartwatch,333.15,New York,XL,Gold,Spring,3.41,No,Next Day,Cash,Yes,No,22,Northwind,Bi-Weekly,Yes
CUST-0847,Female,42,Sports,Dumbbells,186.61,New York,One Size,Black,Spring,4.68,Yes,Express,Bank Transfer,Yes,Yes,3,Horizon,Monthly,No
CUST-0848,Female,60,Beauty,Serum,232.06,Chicago,L,White,Summer,5.0,No,Standard,Credit Card,Yes,No,12,Vivid,Quarterly,No
CUST-0849,Male,56,Clothing,Sweater,128.99,Chicago,One Size,White,Winter,3.65,No,Standard,PayPal,Yes,Yes,2,Summit,Annually,No
CUST-0850,Female,36,Electronics,Laptop,332.75,Seattle,One Size,Gold,Winter,3.71,No,Express,Debit Card,Yes,No,15,Horizon,Quarterly,Yes
CUST-0851,Male,29,Clothing,Dress,166.47,Miami,L,Green,Fall,4.35,No,Next Day,Debit Card,No,No,9,Horizon,Bi-Weekly,No
CUST-0852,Female,70,Home,Storage Bin,209.88,Los Angeles,One Size,Green,Summer,3.33,Yes,Next Day,Debit Card,Yes,Yes,6,Northwind,Annually,No
CUST-0853,Male,55,Clothing,Jacket,126.11,Boston,One Size,Red,Fall,3.01,No,Express,Credit Card,No,No,11,Summit,Quarterly,No
CUST-0854,Male,18,Sports,Running Shoes,135.97,Seattle,S,Red,Fall,3.62,No,Express,Debit Card,Yes,No,7,Luma,Quarterly,No
CUST-0855,Female,58,Beauty,Makeup Kit,215.48,Austin,XL,Red,Winter,3.28,No,Standard,Bank Transfer,No,No,13,Aster,Annually,No
CUST-0856,Female,60,Books,Self-help,236.86,Los Angeles,One Size,Black,Fall,3.53,Yes,Express,Credit Card,No,No,18,Horizon,Bi-Weekly,No
CUST-0857,Female,48,Beauty,Perfume,234.45,Houston,S,Gold,Winter,4.38,No,Express,Credit Card,No,No,21,Vivid,Annually,No
CUST-0858,Female,28,Home,Desk,229.93,Seattle,XL,Green,Fall,4.89,Yes,Express,PayPal,No,No,10,Vivid,Annually,No
CUST-0859,Female,52,Clothing,Jacket,221.41,Los Angeles,M,Black,Winter,4.0,No,Next Day,Bank Transfer,Yes,No,19,Vivid,Weekly,No
CUST-0860,Female,25,Home,Cookware,171.5,New York,One Size,Black,Summer,4.18,Yes,Next Day,Cash,Yes,No,5,Luma,Quarterly,No
CUST-0861,Male,50,Beauty,Skincare Set,221.29,Chicago,S,Purple,Fall,2.8,Yes,Express,Credit Card,Yes,No,13,Luma,Bi-Weekly,No
CUST-0862,Male,67,Electronics,Phone,376.07,Austin,M,Green,Winter,3.67,Yes,Next Day,PayPal,Yes,No,21,Luma,Bi-Weekly,Yes
CUST-0863,Male,35,Electronics,Tablet,434.94,Seattle,XL,Purple,Fall,4.58,Yes,Express,Bank Transfer,No,No,23,Luma,Weekly,Yes
CUST-0864,Male,18,Sports,Yoga Mat,193.17,Miami,One Size,White,Summer,4.44,Yes,Pickup,PayPal,Yes,Yes,6,Summit,Annually,No
CUST-0865,Male,44,Clothing,Jacket,295.92,Austin,One Size,White,Winter,4.16,Yes,Pickup,Debit Card,No,No,20,Northwind,Weekly,Yes
CUST-0866,Non-binary,24,Beauty,Brush Set,248.8,Chicago,XL,Red,Summer,4.98,No,Pickup,Bank Transfer,No,No,22,Northwind,Quarterly,No
CUST-0867,Male,50,Clothing,Dress,241.85,Austin,S,Purple,Fall,4.06,No,Pickup,PayPal,No,No,22,Aster,Monthly,No
CUST-0868,Female,60,Clothing,T-Shirt,189.58,Miami,L,Gold,Summer,5.0,Yes,Express,Credit Card,No,No,16,Northwind,Annually,No
CUST-0869,Female,57,Home,Desk,344.52,Boston,One Size,Gold,Fall,4.03,Yes,Next Day,Cash,No,No,23,Aster,Bi-Weekly,Yes
CUST-0870,Male,56,Beauty,Serum,178.66,Houston,S,Red,Summer,4.08,No,Standard,Bank Transfer,Yes,No,12,Summit,Bi-Weekly,No
CUST-0871,Female,21,Home,Chair,212.94,Boston,One Size,White,Spring,4.06,No,Standard,Credit Card,No,No,14,Luma,Monthly,No
CUST-0872,Female,21,Electronics,Smartwatch,310.5,Seattle,M,Purple,Fall,5.0,No,Express,Credit Card,Yes,No,11,Luma,Bi-Weekly,Yes
CUST-0873,Male,45,Electronics,Headphones,267.31,Boston,One Size,Red,Fall,3.74,No,Express,Debit Card,Yes,No,18,Aster,Annually,No
CUST-0874,Male,40,Beauty,Perfume,153.17,Seattle,S,Gold,Fall,5.0,No,Next Day,Credit Card,No,No,2,Luma,Monthly,No
CUST-0875,Male,21,Home,Desk,186.33,New York,S,White,Winter,4.99,No,Pickup,PayPal,No,No,9,Summit,Quarterly,No
CUST-0876,Female,24,Books,Science Book,120.88,Houston,L,White,Winter,4.24,No,Standard,Credit Card,No,No,4,Northwind,Bi-Weekly,No
CUST-0877,Female,43,Home,Storage Bin,312.41,Boston,L,Green,Winter,3.85,No,Express,Bank Transfer,No,No,17,Northwind,Bi-Weekly,Yes
CUST-0878,Male,64,Electronics,Tablet,434.05,Austin,M,Green,Spring,4.65,Yes,Next Day,Cash,No,No,24,Luma,Bi-Weekly,Yes
CUST-0879,Female,49,Books,Science Book,118.68,Seattle,XL,White,Summer,3.96,No,Pickup,PayPal,Yes,No,1,Northwind,Bi-Weekly,No
CUST-0880,Male,41,Electronics,Smartwatch,191.38,Boston,S,Purple,Fall,3.01,No,Next Day,PayPal,No,No,4,Northwind,Quarterly,No
CUST-0881,Male,69,Clothing,Dress,203.66,New York,S,Green,Spring,4.7,Yes,Pickup,Cash,Yes,No,2,Summit,Weekly,No
CUST-0882,Male,49,Electronics,Tablet,285.38,Miami,L,Purple,Fall,4.7,No,Pickup,Bank Transfer,Yes,No,17,Summit,Annually,Yes
CUST-0883,Female,57,Clothing,Sweater,225.56,Boston,M,Black,Winter,3.66,Yes,Express,PayPal,No,No,10,Luma,Weekly,No
CUST-0884,Male,59,Beauty,Skincare Set,301.15,Los Angeles,S,Red,Fall,5.0,No,Next Day,Bank Transfer,No,No,16,Luma,Monthly,Yes
CUST-0885,Female,62,Electronics,Phone,347.03,New York,L,Green,Winter,3.92,Yes,Next Day,Debit Card,Yes,No,11,Northwind,Annually,Yes
CUST-0886,Female,27,Beauty,Serum,270.98,Houston,S,Gold,Summer,4.33,Yes,Express,PayPal,No,No,18,Horizon,Monthly,No
CUST-0887,Female,64,Electronics,Laptop,441.63,Boston,One Size,Gold,Winter,5.0,Yes,Pickup,PayPal,No,No,24,Vivid,Bi-Weekly,Yes
CUST-0888,Male,63,Electronics,Laptop,331.67,Chicago,One Size,Green,Fall,4.84,No,Next Day,Credit Card,No,No,12,Summit,Annually,Yes
CUST-0889,Female,50,Clothing,T-Shirt,239.17,Austin,One Size,Black,Fall,5.0,Yes,Standard,PayPal,Yes,Yes,14,Summit,Bi-Weekly,No
CUST-0890,Female,19,Clothing,T-Shirt,158.02,Chicago,XL,Gold,Spring,2.72,No,Standard,PayPal,Yes,Yes,12,Vivid,Bi-Weekly,No
CUST-0891,Female,45,Clothing,Sweater,246.32,New York,S,Purple,Spring,4.1,No,Pickup,Debit Card,Yes,Yes,23,Luma,Bi-Weekly,No
CUST-0892,Female,48,Sports,Yoga Mat,290.85,New York,One Size,White,Spring,4.02,Yes,Express,PayPal,No,No,14,Horizon,Bi-Weekly,Yes
CUST-0893,Male,52,Home,Storage Bin,193.2,Boston,M,Black,Fall,4.13,Yes,Standard,Cash,No,No,1,Summit,Quarterly,No
CUST-0894,Male,37,Clothing,Jacket,194.34,Miami,XL,White,Spring,4.63,No,Express,Cash,No,No,13,Aster,Quarterly,No
CUST-0895,Female,25,Electronics,Laptop,297.18,New York,S,Gold,Summer,4.29,No,Standard,Bank Transfer,No,No,7,Summit,Weekly,Yes
CUST-0896,Male,31,Books,Self-help,147.13,Boston,M,Black,Winter,5.0,No,Standard,Cash,Yes,No,11,Northwind,Quarterly,No
CUST-0897,Female,31,Beauty,Skincare Set,148.32,Los Angeles,L,Red,Summer,4.02,No,Express,Bank Transfer,Yes,Yes,10,Vivid,Bi-Weekly,No
CUST-0898,Non-binary,19,Home,Storage Bin,211.17,Los Angeles,XL,Purple,Fall,5.0,No,Standard,Debit Card,Yes,No,14,Northwind,Bi-Weekly,No
CUST-0899,Female,30,Sports,Fitness Tracker,266.08,Chicago,One Size,Gold,Spring,3.52,No,Pickup,Cash,Yes,No,19,Aster,Weekly,No
CUST-0900,Female,31,Books,Cookbook,149.86,Chicago,M,Purple,Summer,4.3,Yes,Pickup,Credit Card,Yes,Yes,4,Horizon,Monthly,No
CUST-0901,Male,57,Sports,Cycling Bottle,209.73,Austin,One Size,White,Fall,3.32,No,Next Day,Debit Card,No,No,23,Luma,Annually,No
CUST-0902,Female,41,Clothing,Jeans,111.52,Seattle,One Size,Green,Spring,3.33,Yes,Pickup,Cash,Yes,No,8,Vivid,Annually,No
CUST-0903,Female,25,Beauty,Serum,305.62,New York,L,Gold,Summer,4.77,Yes,Pickup,Bank Transfer,No,No,23,Horizon,Weekly,Yes
CUST-0904,Male,53,Home,Desk,224.17,Austin,M,Gold,Fall,4.23,No,Express,Bank Transfer,Yes,Yes,12,Luma,Annually,No
CUST-0905,Non-binary,18,Books,Science Book,169.36,Seattle,L,White,Summer,3.76,No,Standard,Debit Card,Yes,Yes,22,Luma,Quarterly,No
CUST-0906,Female,46,Beauty,Makeup Kit,226.84,Miami,S,Red,Summer,4.52,No,Pickup,Bank Transfer,No,No,10,Summit,Monthly,No
CUST-0907,Female,41,Electronics,Headphones,300.91,Austin,M,Blue,Spring,2.0,Yes,Next Day,Debit Card,Yes,No,8,Aster,Bi-Weekly,Yes
CUST-0908,Female,66,Clothing,Jacket,244.22,Houston,S,Purple,Fall,4.73,No,Standard,Debit Card,No,No,14,Vivid,Weekly,No
CUST-0909,Female,29,Clothing,Sweater,156.0,Miami,One Size,Green,Fall,3.83,Yes,Pickup,Credit Card,Yes,No,14,Luma,Quarterly,No
CUST-0910,Female,33,Electronics,Laptop,362.1,Los Angeles,One Size,Green,Fall,4.91,No,Next Day,PayPal,No,No,24,Vivid,Quarterly,Yes
CUST-0911,Female,69,Books,Science Book,181.44,Los Angeles,M,Blue,Summer,4.1,No,Next Day,Bank Transfer,No,No,7,Luma,Monthly,No
CUST-0912,Female,42,Books,Cookbook,233.63,Chicago,S,Purple,Spring,4.8,No,Next Day,Debit Card,No,No,20,Aster,Bi-Weekly,No
CUST-0913,Male,54,Sports,Yoga Mat,223.1,Miami,L,Blue,Summer,3.88,No,Standard,Credit Card,Yes,No,16,Luma,Weekly,No
CUST-0914,Male,40,Clothing,T-Shirt,190.71,Chicago,M,Gold,Winter,5.0,Yes,Next Day,PayPal,No,No,10,Aster,Annually,No
CUST-0915,Male,51,Clothing,Sweater,281.2,Houston,L,Black,Spring,5.0,No,Next Day,Credit Card,No,No,17,Northwind,Weekly,Yes
CUST-0916,Female,34,Home,Desk,245.95,Houston,L,Green,Fall,4.72,Yes,Pickup,PayPal,Yes,Yes,17,Luma,Annually,No
CUST-0917,Male,46,Sports,Yoga Mat,178.92,Seattle,S,Gold,Fall,5.0,No,Pickup,Bank Transfer,Yes,Yes,4,Summit,Quarterly,No
CUST-0918,Female,41,Clothing,Dress,198.35,Miami,M,Green,Spring,4.4,Yes,Pickup,PayPal,Yes,No,9,Vivid,Annually,No
CUST-0919,Female,64,Electronics,Phone,322.2,Los Angeles,M,Black,Spring,4.85,Yes,Pickup,Bank Transfer,Yes,No,7,Northwind,Bi-Weekly,Yes
CUST-0920,Female,70,Books,Cookbook,214.9,Miami,S,White,Winter,4.08,Yes,Express,Debit Card,Yes,Yes,18,Horizon,Quarterly,No
CUST-0921,Female,30,Clothing,T-Shirt,219.92,Chicago,S,Blue,Spring,4.26,No,Standard,Bank Transfer,Yes,Yes,21,Luma,Monthly,No
CUST-0922,Female,27,Electronics,Smartwatch,415.86,Austin,L,Purple,Winter,3.98,Yes,Standard,PayPal,No,No,22,Vivid,Weekly,Yes
CUST-0923,Female,67,Home,Storage Bin,264.55,Chicago,L,Purple,Summer,4.01,No,Pickup,Debit Card,No,No,5,Northwind,Monthly,No
CUST-0924,Male,51,Electronics,Laptop,262.31,Austin,M,Red,Fall,3.69,Yes,Standard,Debit Card,Yes,No,10,Northwind,Monthly,No
CUST-0925,Male,20,Clothing,T-Shirt,151.17,Los Angeles,S,Gold,Fall,4.97,Yes,Next Day,Bank Transfer,Yes,No,9,Aster,Weekly,No
CUST-0926,Male,45,Beauty,Brush Set,192.53,Houston,XL,Blue,Summer,4.29,Yes,Pickup,Credit Card,No,No,3,Horizon,Monthly,No
CUST-0927,Female,46,Clothing,Jeans,167.29,Houston,L,White,Spring,5.0,Yes,Express,Credit Card,No,No,6,Summit,Bi-Weekly,No
CUST-0928,Male,21,Sports,Running Shoes,244.84,Boston,S,Green,Winter,4.7,No,Next Day,PayPal,Yes,No,18,Luma,Weekly,No
CUST-0929,Male,67,Clothing,Sweater,176.76,Houston,L,Red,Summer,3.15,No,Express,PayPal,No,No,8,Northwind,Quarterly,No
CUST-0930,Male,43,Electronics,Phone,313.63,Miami,S,White,Fall,4.73,No,Express,PayPal,Yes,No,14,Horizon,Weekly,Yes
CUST-0931,Male,30,Electronics,Phone,370.83,Houston,M,White,Winter,4.27,Yes,Standard,Debit Card,Yes,Yes,19,Aster,Bi-Weekly,Yes
CUST-0932,Female,40,Home,Cookware,293.14,New York,XL,Gold,Winter,5.0,No,Pickup,Debit Card,Yes,Yes,23,Northwind,Annually,Yes
CUST-0933,Female,53,Sports,Running Shoes,200.91,Austin,XL,Green,Winter,4.47,No,Next Day,Debit Card,Yes,No,11,Luma,Annually,No
CUST-0934,Male,63,Sports,Running Shoes,266.31,New York,S,White,Winter,5.0,No,Pickup,PayPal,Yes,Yes,14,Luma,Bi-Weekly,No
CUST-0935,Male,28,Electronics,Tablet,245.83,Miami,M,Gold,Fall,3.88,No,Standard,Cash,Yes,No,3,Summit,Monthly,No
CUST-0936,Female,62,Electronics,Smartwatch,340.69,Miami,S,Black,Fall,4.5,Yes,Next Day,Credit Card,Yes,Yes,12,Horizon,Quarterly,Yes
CUST-0937,Female,31,Home,Lamp,216.28,New York,XL,White,Spring,3.98,No,Pickup,Debit Card,Yes,No,15,Horizon,Monthly,No
CUST-0938,Female,25,Books,Cookbook,192.69,Los Angeles,XL,Black,Winter,4.26,No,Next Day,Bank Transfer,Yes,Yes,22,Summit,Annually,No
CUST-0939,Female,42,Clothing,Dress,163.4,Boston,L,Purple,Spring,4.62,No,Standard,Bank Transfer,Yes,Yes,3,Luma,Weekly,No
CUST-0940,Male,50,Home,Chair,269.33,Seattle,M,Blue,Winter,4.59,Yes,Next Day,Debit Card,Yes,No,17,Summit,Bi-Weekly,No
CUST-0941,Female,62,Beauty,Makeup Kit,340.18,Austin,One Size,White,Fall,4.14,Yes,Pickup,Debit Card,No,No,24,Vivid,Bi-Weekly,Yes
CUST-0942,Male,27,Beauty,Makeup Kit,125.13,Chicago,M,Red,Spring,3.88,Yes,Standard,Credit Card,No,No,2,Aster,Annually,No
CUST-0943,Female,51,Books,History Book,128.18,Austin,XL,Gold,Spring,3.15,No,Standard,Bank Transfer,Yes,Yes,9,Summit,Annually,No
CUST-0944,Male,26,Clothing,Jacket,126.78,Boston,S,Purple,Summer,4.29,No,Express,PayPal,Yes,Yes,9,Luma,Annually,No
CUST-0945,Male,49,Electronics,Laptop,286.67,Miami,S,Blue,Winter,4.56,Yes,Next Day,PayPal,Yes,Yes,9,Luma,Quarterly,Yes
CUST-0946,Male,37,Clothing,T-Shirt,191.45,Austin,XL,Black,Spring,3.94,No,Pickup,PayPal,Yes,No,16,Summit,Bi-Weekly,No
CUST-0947,Male,35,Clothing,Jeans,252.06,New York,S,White,Spring,3.5,Yes,Standard,Cash,No,No,17,Summit,Monthly,No
CUST-0948,Male,51,Beauty,Skincare Set,209.35,Chicago,XL,Red,Spring,4.47,No,Express,Bank Transfer,No,No,6,Summit,Weekly,No
CUST-0949,Female,70,Electronics,Phone,320.59,Austin,S,Red,Winter,3.53,No,Express,PayPal,Yes,No,18,Vivid,Quarterly,Yes
CUST-0950,Female,51,Clothing,Sweater,229.77,Houston,XL,Blue,Winter,4.3,No,Pickup,Debit Card,Yes,No,15,Summit,Bi-Weekly,No
CUST-0951,Female,40,Electronics,Laptop,389.59,Boston,S,Gold,Winter,4.44,Yes,Pickup,PayPal,No,No,21,Aster,Annually,Yes
CUST-0952,Female,59,Clothing,Jeans,199.06,New York,XL,Purple,Spring,4.74,Yes,Next Day,Credit Card,Yes,No,12,Vivid,Annually,No
CUST-0953,Female,36,Electronics,Headphones,276.87,Houston,XL,Purple,Fall,3.55,Yes,Express,Debit Card,No,No,10,Aster,Monthly,Yes
CUST-0954,Female,49,Home,Cookware,288.75,Los Angeles,M,Gold,Summer,5.0,No,Express,Cash,Yes,Yes,21,Horizon,Weekly,Yes
CUST-0955,Female,57,Home,Desk,273.01,Boston,L,White,Winter,3.85,No,Express,Cash,No,No,13,Summit,Quarterly,No
CUST-0956,Female,36,Home,Chair,277.21,Miami,One Size,Purple,Winter,4.02,Yes,Pickup,Debit Card,No,No,21,Vivid,Bi-Weekly,Yes
CUST-0957,Male,61,Clothing,Jeans,199.07,Chicago,One Size,Purple,Fall,4.77,Yes,Express,Bank Transfer,Yes,No,9,Horizon,Quarterly,No
CUST-0958,Male,22,Books,Self-help,108.43,Los Angeles,XL,Black,Summer,3.26,Yes,Pickup,Cash,Yes,Yes,3,Northwind,Monthly,No
CUST-0959,Male,22,Electronics,Smartwatch,314.44,Chicago,S,Gold,Summer,4.72,Yes,Pickup,Bank Transfer,Yes,Yes,16,Horizon,Weekly,Yes
CUST-0960,Non-binary,62,Electronics,Laptop,277.11,Boston,L,Green,Spring,4.19,Yes,Pickup,PayPal,Yes,No,4,Aster,Quarterly,Yes
CUST-0961,Female,33,Clothing,Sweater,176.83,New York,L,White,Fall,3.63,No,Standard,Debit Card,No,No,10,Horizon,Monthly,No
CUST-0962,Female,63,Home,Chair,270.75,Seattle,XL,White,Spring,3.25,Yes,Next Day,PayPal,Yes,Yes,16,Luma,Quarterly,No
CUST-0963,Female,64,Beauty,Serum,138.71,Houston,XL,Green,Winter,4.02,No,Next Day,PayPal,Yes,Yes,4,Vivid,Monthly,No
CUST-0964,Male,59,Books,Cookbook,220.31,Seattle,One Size,Blue,Winter,4.97,No,Standard,PayPal,No,No,21,Horizon,Annually,No
CUST-0965,Female,38,Beauty,Serum,171.45,Boston,M,Black,Fall,4.75,Yes,Express,Cash,Yes,No,13,Luma,Annually,No
CUST-0966,Male,46,Sports,Cycling Bottle,204.04,Los Angeles,One Size,Red,Spring,4.82,No,Standard,Credit Card,Yes,No,13,Summit,Quarterly,No
CUST-0967,Male,71,Sports,Yoga Mat,219.4,Houston,One Size,Purple,Summer,3.68,No,Next Day,Credit Card,No,No,2,Aster,Monthly,No
CUST-0968,Male,49,Clothing,Dress,245.45,Miami,One Size,Green,Summer,3.13,Yes,Express,Cash,Yes,No,21,Vivid,Weekly,No
CUST-0969,Female,18,Electronics,Smartwatch,307.21,Los Angeles,XL,Black,Fall,4.62,No,Pickup,Bank Transfer,Yes,Yes,21,Horizon,Annually,Yes
CUST-0970,Female,33,Sports,Yoga Mat,260.3,New York,XL,Green,Winter,3.45,No,Pickup,PayPal,No,No,17,Northwind,Bi-Weekly,No
CUST-0971,Male,57,Clothing,Jacket,262.31,Austin,S,White,Winter,5.0,Yes,Next Day,PayPal,No,No,17,Aster,Quarterly,No
CUST-0972,Male,38,Beauty,Makeup Kit,252.84,Los Angeles,L,Black,Winter,4.77,Yes,Next Day,Credit Card,No,No,9,Aster,Monthly,No
CUST-0973,Female,18,Clothing,Dress,189.28,New York,XL,Green,Summer,3.95,No,Standard,Credit Card,No,No,24,Vivid,Annually,No
CUST-0974,Female,27,Home,Lamp,210.46,Chicago,XL,White,Summer,5.0,No,Pickup,Debit Card,No,No,10,Vivid,Quarterly,No
CUST-0975,Female,56,Clothing,Dress,183.41,Houston,One Size,Red,Winter,4.65,No,Pickup,Bank Transfer,No,No,1,Horizon,Bi-Weekly,No
CUST-0976,Male,52,Home,Lamp,254.58,Houston,S,Blue,Spring,3.3,No,Standard,Cash,Yes,Yes,17,Summit,Weekly,No
CUST-0977,Male,20,Home,Lamp,193.59,New York,L,Red,Summer,4.33,No,Next Day,Bank Transfer,No,No,3,Vivid,Quarterly,No
CUST-0978,Female,67,Home,Desk,240.17,Miami,L,Red,Winter,4.26,No,Standard,Cash,Yes,Yes,5,Northwind,Bi-Weekly,No
CUST-0979,Male,28,Clothing,Jeans,151.42,Miami,L,Blue,Fall,5.0,No,Pickup,PayPal,No,No,1,Luma,Quarterly,No
CUST-0980,Male,37,Sports,Fitness Tracker,228.19,Los Angeles,One Size,White,Winter,4.32,No,Next Day,Credit Card,Yes,No,17,Vivid,Bi-Weekly,No
CUST-0981,Female,27,Home,Lamp,259.45,Houston,One Size,Red,Fall,3.54,No,Express,Cash,Yes,Yes,19,Luma,Bi-Weekly,No
CUST-0982,Male,60,Home,Desk,222.02,Houston,One Size,Black,Fall,3.3,Yes,Next Day,Credit Card,Yes,Yes,7,Vivid,Weekly,No
CUST-0983,Male,34,Beauty,Serum,189.71,Los Angeles,XL,Gold,Winter,4.86,Yes,Next Day,Credit Card,No,No,5,Luma,Weekly,No
CUST-0984,Female,32,Sports,Cycling Bottle,227.75,Boston,One Size,Gold,Fall,4.27,No,Pickup,PayPal,No,No,17,Luma,Weekly,No
CUST-0985,Female,61,Beauty,Serum,269.57,New York,One Size,Blue,Winter,4.38,No,Standard,PayPal,No,No,21,Luma,Weekly,No
CUST-0986,Female,66,Home,Chair,242.12,Los Angeles,L,White,Summer,4.03,No,Express,Credit Card,Yes,No,4,Vivid,Monthly,No
CUST-0987,Non-binary,36,Sports,Yoga Mat,209.82,Houston,XL,Red,Winter,4.4,Yes,Pickup,Credit Card,Yes,Yes,2,Horizon,Weekly,No
CUST-0988,Male,58,Beauty,Brush Set,214.56,Chicago,One Size,Red,Spring,5.0,No,Next Day,Debit Card,No,No,6,Aster,Weekly,No
CUST-0989,Male,27,Electronics,Phone,293.84,Boston,One Size,Green,Fall,4.63,Yes,Express,PayPal,Yes,Yes,11,Northwind,Bi-Weekly,Yes
CUST-0990,Female,23,Books,Self-help,182.31,Chicago,L,Purple,Fall,3.78,Yes,Express,Debit Card,Yes,No,20,Horizon,Annually,No
CUST-0991,Male,51,Books,Cookbook,178.15,Miami,S,Blue,Summer,5.0,Yes,Pickup,Debit Card,No,No,2,Horizon,Bi-Weekly,No
CUST-0992,Male,20,Electronics,Headphones,274.01,New York,M,Gold,Spring,5.0,No,Pickup,Bank Transfer,Yes,Yes,6,Vivid,Bi-Weekly,No
CUST-0993,Female,46,Home,Cookware,208.4,Seattle,M,Gold,Fall,3.6,Yes,Next Day,PayPal,No,No,4,Aster,Annually,No
CUST-0994,Female,64,Beauty,Brush Set,158.26,Seattle,M,Black,Fall,3.78,No,Express,Bank Transfer,Yes,Yes,2,Horizon,Quarterly,No
CUST-0995,Female,49,Clothing,Dress,230.99,Los Angeles,S,White,Summer,4.15,No,Next Day,Cash,Yes,Yes,19,Luma,Monthly,No
CUST-0996,Female,45,Sports,Yoga Mat,159.22,Chicago,M,Red,Fall,3.63,No,Standard,Credit Card,No,No,3,Summit,Weekly,No
CUST-0997,Female,63,Books,Novel,198.75,Seattle,L,White,Winter,3.47,Yes,Express,PayPal,No,No,7,Luma,Weekly,No
CUST-0998,Female,54,Beauty,Skincare Set,170.94,Los Angeles,S,Black,Fall,4.48,No,Pickup,Cash,Yes,Yes,6,Horizon,Monthly,No
CUST-0999,Female,53,Beauty,Perfume,286.37,Boston,S,Gold,Summer,3.38,Yes,Next Day,PayPal,No,No,24,Vivid,Weekly,Yes
CUST-1000,Male,23,Home,Lamp,182.62,Miami,XL,Purple,Summer,3.09,No,Pickup,Credit Card,Yes,Yes,8,Summit,Weekly,No
CUST-1001,Male,47,Books,Self-help,216.73,Miami,One Size,White,Winter,4.45,Yes,Next Day,Credit Card,Yes,Yes,16,Luma,Weekly,No
CUST-1002,Female,27,Home,Cookware,225.06,Miami,L,Purple,Spring,3.03,No,Express,Bank Transfer,No,No,10,Aster,Weekly,No
CUST-1003,Male,49,Sports,Yoga Mat,274.08,Austin,S,White,Fall,5.0,Yes,Pickup,PayPal,No,No,11,Vivid,Quarterly,No
CUST-1004,Female,23,Clothing,T-Shirt,224.22,Austin,S,Black,Spring,5.0,Yes,Pickup,Cash,Yes,No,18,Aster,Monthly,No
CUST-1005,Female,35,Sports,Cycling Bottle,130.41,New York,M,White,Fall,3.89,No,Express,Bank Transfer,Yes,Yes,2,Luma,Monthly,No
CUST-1006,Female,38,Beauty,Makeup Kit,190.12,Seattle,One Size,Blue,Spring,4.08,Yes,Standard,Credit Card,Yes,Yes,4,Northwind,Weekly,No
CUST-1007,Male,40,Clothing,Jeans,172.56,Boston,M,Red,Fall,3.6,No,Pickup,PayPal,No,No,9,Vivid,Bi-Weekly,No
CUST-1008,Male,46,Electronics,Headphones,352.74,Chicago,M,White,Fall,3.76,Yes,Standard,Cash,No,No,17,Aster,Weekly,Yes
CUST-1009,Non-binary,44,Beauty,Serum,215.22,Miami,XL,Blue,Fall,4.18,No,Next Day,Credit Card,Yes,No,13,Northwind,Quarterly,No
CUST-1010,Female,45,Books,Self-help,212.46,Los Angeles,XL,Black,Summer,3.18,No,Express,Bank Transfer,Yes,No,17,Aster,Quarterly,No
CUST-1011,Female,23,Sports,Running Shoes,188.68,Chicago,L,Blue,Fall,4.26,No,Next Day,PayPal,Yes,Yes,13,Aster,Annually,No
CUST-1012,Female,59,Beauty,Brush Set,232.51,New York,XL,Blue,Fall,4.91,Yes,Next Day,Cash,Yes,Yes,12,Horizon,Quarterly,No
CUST-1013,Male,55,Clothing,T-Shirt,212.24,Boston,One Size,Red,Spring,3.95,Yes,Standard,Credit Card,No,No,10,Horizon,Quarterly,No
CUST-1014,Female,53,Clothing,Sweater,156.37,Austin,XL,Gold,Fall,4.38,No,Standard,Debit Card,Yes,Yes,5,Aster,Annually,No
CUST-1015,Male,22,Beauty,Skincare Set,147.08,Los Angeles,XL,Blue,Winter,4.51,No,Standard,Bank Transfer,Yes,No,11,Aster,Quarterly,No
CUST-1016,Female,42,Electronics,Smartwatch,386.32,Chicago,S,Purple,Winter,4.64,Yes,Express,Cash,Yes,No,22,Aster,Monthly,Yes
CUST-1017,Female,27,Home,Storage Bin,295.32,Seattle,One Size,Red,Summer,3.84,Yes,Standard,Credit Card,Yes,Yes,21,Horizon,Weekly,Yes
CUST-1018,Female,49,Electronics,Laptop,257.51,Boston,M,Green,Spring,4.33,Yes,Express,Debit Card,Yes,No,12,Summit,Quarterly,No
CUST-1019,Female,51,Electronics,Smartwatch,308.88,Austin,S,Red,Spring,3.58,No,Standard,Bank Transfer,No,No,21,Vivid,Quarterly,Yes
CUST-1020,Male,51,Books,Novel,176.57,Los Angeles,One Size,Gold,Summer,5.0,Yes,Express,Bank Transfer,Yes,No,13,Vivid,Annually,No
CUST-1021,Female,60,Clothing,Jeans,170.53,Chicago,One Size,Purple,Spring,3.34,Yes,Standard,PayPal,Yes,No,6,Northwind,Monthly,No
CUST-1022,Female,64,Electronics,Phone,285.17,Houston,One Size,Blue,Summer,4.24,Yes,Express,PayPal,No,No,5,Vivid,Quarterly,Yes
CUST-1023,Female,37,Clothing,Jacket,225.22,Miami,S,White,Summer,3.4,Yes,Express,PayPal,Yes,No,18,Vivid,Weekly,No
CUST-1024,Female,60,Beauty,Makeup Kit,247.52,Seattle,One Size,White,Winter,4.63,No,Pickup,Cash,No,No,17,Luma,Annually,No
CUST-1025,Female,68,Clothing,Sweater,159.72,Austin,XL,Green,Spring,3.68,Yes,Express,PayPal,Yes,No,3,Aster,Quarterly,No
CUST-1026,Non-binary,19,Home,Lamp,214.96,Chicago,S,Purple,Spring,2.62,No,Pickup,Credit Card,Yes,No,18,Summit,Weekly,No
CUST-1027,Female,60,Home,Storage Bin,258.5,Houston,M,Black,Summer,3.32,Yes,Next Day,Debit Card,No,No,13,Summit,Monthly,No
CUST-1028,Female,33,Beauty,Skincare Set,244.7,Seattle,One Size,Gold,Spring,4.89,Yes,Express,Debit Card,Yes,Yes,20,Summit,Bi-Weekly,No
CUST-1029,Female,52,Electronics,Smartwatch,348.1,Chicago,S,White,Spring,4.04,Yes,Next Day,Credit Card,Yes,No,17,Northwind,Monthly,Yes
CUST-1030,Female,50,Books,Cookbook,254.04,Miami,L,Gold,Winter,4.09,Yes,Pickup,Cash,No,No,20,Luma,Weekly,No
CUST-1031,Male,64,Clothing,Sweater,130.23,Austin,M,Green,Summer,4.13,No,Next Day,Cash,No,No,2,Horizon,Annually,No
CUST-1032,Female,30,Clothing,T-Shirt,217.5,Los Angeles,L,Gold,Spring,3.87,Yes,Next Day,PayPal,Yes,Yes,17,Northwind,Quarterly,No
CUST-1033,Female,44,Home,Chair,304.6,Miami,XL,Gold,Fall,4.96,Yes,Standard,PayPal,Yes,Yes,24,Horizon,Monthly,Yes
CUST-1034,Male,68,Beauty,Makeup Kit,231.1,New York,XL,Green,Fall,3.63,Yes,Next Day,Credit Card,Yes,No,14,Summit,Bi-Weekly,No
CUST-1035,Female,24,Beauty,Makeup Kit,178.57,Los Angeles,M,White,Fall,3.85,Yes,Next Day,PayPal,Yes,Yes,10,Summit,Bi-Weekly,No
CUST-1036,Female,28,Electronics,Smartwatch,302.64,Boston,L,Red,Summer,4.98,Yes,Pickup,Bank Transfer,Yes,Yes,2,Horizon,Bi-Weekly,Yes
CUST-1037,Female,65,Electronics,Tablet,238.08,Seattle,S,Black,Summer,4.49,Yes,Pickup,Debit Card,Yes,Yes,2,Summit,Annually,No
CUST-1038,Male,51,Electronics,Phone,269.41,Austin,M,White,Spring,4.24,Yes,Standard,PayPal,No,No,5,Horizon,Quarterly,No
CUST-1039,Male,40,Home,Lamp,261.63,Houston,XL,Black,Fall,5.0,No,Pickup,Debit Card,Yes,Yes,21,Vivid,Quarterly,No
CUST-1040,Male,69,Beauty,Brush Set,321.66,Austin,S,Gold,Winter,4.12,Yes,Pickup,Credit Card,No,No,19,Aster,Bi-Weekly,Yes
CUST-1041,Male,47,Clothing,Dress,178.21,Houston,XL,Purple,Spring,4.9,No,Next Day,Credit Card,Yes,No,10,Northwind,Quarterly,No
CUST-1042,Female,56,Books,Self-help,157.26,Seattle,L,Red,Winter,3.25,Yes,Standard,Debit Card,Yes,Yes,18,Summit,Annually,No
CUST-1043,Male,48,Sports,Cycling Bottle,221.94,Boston,L,Black,Summer,3.92,No,Next Day,PayPal,Yes,Yes,15,Northwind,Quarterly,No
CUST-1044,Male,66,Electronics,Laptop,278.61,Los Angeles,XL,Purple,Summer,3.32,No,Standard,Credit Card,Yes,No,7,Aster,Quarterly,Yes
CUST-1045,Male,29,Home,Storage Bin,182.14,New York,XL,Black,Spring,4.08,No,Standard,Debit Card,No,No,5,Horizon,Quarterly,No
CUST-1046,Male,32,Beauty,Brush Set,131.01,Chicago,S,White,Summer,2.93,No,Pickup,Credit Card,Yes,Yes,6,Luma,Bi-Weekly,No
CUST-1047,Male,24,Sports,Yoga Mat,186.01,New York,M,Black,Spring,4.69,No,Express,Debit Card,Yes,No,6,Luma,Quarterly,No
CUST-1048,Female,45,Sports,Fitness Tracker,255.82,Seattle,S,Red,Summer,3.44,No,Express,Cash,Yes,Yes,17,Aster,Bi-Weekly,No
CUST-1049,Female,31,Clothing,Jeans,212.35,Houston,XL,Blue,Fall,4.49,Yes,Express,Bank Transfer,Yes,Yes,22,Summit,Monthly,No
CUST-1050,Male,30,Books,Novel,200.15,New York,One Size,Black,Summer,3.84,No,Express,Bank Transfer,No,No,11,Vivid,Weekly,No
CUST-1051,Female,52,Books,Science Book,218.59,Boston,M,White,Winter,3.33,Yes,Next Day,Cash,No,No,22,Northwind,Quarterly,No
CUST-1052,Male,49,Sports,Fitness Tracker,219.59,Chicago,XL,Blue,Spring,3.99,No,Standard,Debit Card,Yes,No,4,Horizon,Annually,No
CUST-1053,Male,66,Electronics,Laptop,316.79,Miami,One Size,Red,Fall,4.81,No,Next Day,Bank Transfer,Yes,No,14,Aster,Quarterly,Yes
CUST-1054,Female,35,Electronics,Laptop,240.24,Boston,M,Black,Summer,3.38,Yes,Pickup,PayPal,Yes,Yes,8,Vivid,Quarterly,No
CUST-1055,Female,52,Home,Desk,237.64,Seattle,M,Red,Fall,3.99,No,Pickup,Cash,Yes,Yes,6,Vivid,Weekly,No
CUST-1056,Female,44,Sports,Yoga Mat,228.21,New York,L,Red,Summer,4.06,No,Standard,Cash,Yes,Yes,16,Vivid,Quarterly,No
CUST-1057,Female,29,Electronics,Smartwatch,304.16,Seattle,XL,Black,Fall,5.0,Yes,Express,Bank Transfer,Yes,Yes,13,Horizon,Quarterly,Yes
CUST-1058,Male,63,Electronics,Tablet,385.77,New York,XL,Green,Fall,5.0,No,Express,Cash,Yes,Yes,21,Vivid,Weekly,Yes
CUST-1059,Male,25,Electronics,Phone,342.16,Boston,S,Red,Winter,4.04,Yes,Next Day,Cash,No,No,23,Vivid,Monthly,Yes
CUST-1060,Male,68,Home,Desk,293.18,Miami,L,Purple,Fall,3.98,No,Next Day,Credit Card,No,No,18,Northwind,Bi-Weekly,Yes
CUST-1061,Male,32,Clothing,Dress,96.71,Houston,XL,White,Fall,3.21,No,Pickup,Bank Transfer,Yes,Yes,5,Aster,Quarterly,No
CUST-1062,Male,65,Clothing,Jacket,223.61,Austin,S,Black,Fall,4.65,No,Express,Credit Card,Yes,No,9,Northwind,Weekly,No
CUST-1063,Female,44,Electronics,Phone,350.78,Miami,One Size,Green,Winter,4.86,No,Express,Credit Card,Yes,No,24,Luma,Quarterly,Yes
CUST-1064,Male,56,Beauty,Brush Set,158.99,Seattle,L,White,Spring,3.21,No,Express,PayPal,Yes,No,9,Horizon,Quarterly,No
CUST-1065,Female,24,Beauty,Brush Set,257.02,Chicago,M,Red,Spring,4.0,No,Express,Debit Card,Yes,No,22,Luma,Bi-Weekly,No
CUST-1066,Male,68,Beauty,Brush Set,319.52,Seattle,S,Gold,Fall,4.31,Yes,Next Day,Credit Card,Yes,Yes,23,Vivid,Weekly,Yes
CUST-1067,Female,45,Home,Desk,215.67,Boston,XL,White,Winter,2.84,Yes,Express,Debit Card,Yes,Yes,11,Summit,Bi-Weekly,No
CUST-1068,Female,54,Home,Desk,326.53,Miami,L,White,Winter,4.21,Yes,Express,PayPal,Yes,No,21,Vivid,Bi-Weekly,Yes
CUST-1069,Male,62,Electronics,Laptop,356.27,Houston,One Size,Purple,Winter,5.0,Yes,Next Day,Bank Transfer,No,No,5,Summit,Quarterly,Yes
CUST-1070,Male,57,Clothing,Dress,219.34,Chicago,XL,Black,Summer,4.58,No,Next Day,Debit Card,Yes,No,21,Luma,Quarterly,No
CUST-1071,Male,24,Clothing,Sweater,187.26,Chicago,XL,Gold,Fall,4.27,Yes,Next Day,Debit Card,No,No,19,Aster,Quarterly,No
CUST-1072,Male,29,Electronics,Phone,266.44,Los Angeles,S,Purple,Summer,3.83,No,Standard,Debit Card,No,No,9,Northwind,Bi-Weekly,No
CUST-1073,Female,67,Electronics,Tablet,398.11,Houston,L,Red,Fall,5.0,No,Pickup,Debit Card,Yes,Yes,20,Horizon,Annually,Yes
CUST-1074,Male,71,Beauty,Makeup Kit,249.69,Miami,XL,Blue,Summer,5.0,No,Next Day,Debit Card,No,No,11,Vivid,Weekly,No
CUST-1075,Male,45,Electronics,Laptop,287.65,Austin,M,Blue,Spring,3.83,Yes,Standard,Cash,Yes,No,16,Aster,Annually,Yes
CUST-1076,Non-binary,68,Books,History Book,218.58,Miami,M,Black,Winter,5.0,No,Standard,Cash,No,No,19,Summit,Annually,No
CUST-1077,Female,21,Clothing,T-Shirt,247.84,New York,M,Green,Summer,4.01,Yes,Standard,Bank Transfer,Yes,No,21,Horizon,Bi-Weekly,No
CUST-1078,Female,34,Electronics,Phone,384.85,New York,S,Purple,Fall,4.49,Yes,Standard,Bank Transfer,No,No,16,Summit,Monthly,Yes
CUST-1079,Female,30,Home,Lamp,298.94,Boston,XL,Gold,Fall,4.25,No,Express,Bank Transfer,Yes,No,23,Northwind,Weekly,Yes
CUST-1080,Male,44,Sports,Dumbbells,261.99,Houston,L,Blue,Summer,3.86,No,Express,Cash,Yes,Yes,19,Aster,Weekly,No
CUST-1081,Male,29,Clothing,Jeans,166.55,Austin,L,Black,Fall,3.76,Yes,Next Day,PayPal,No,No,12,Horizon,Quarterly,No
CUST-1082,Male,24,Clothing,Sweater,227.71,New York,L,Black,Summer,4.31,No,Standard,Bank Transfer,Yes,No,23,Summit,Weekly,No
CUST-1083,Female,62,Clothing,Sweater,201.42,Houston,XL,Gold,Fall,2.93,No,Standard,Cash,No,No,12,Summit,Annually,No
CUST-1084,Female,45,Clothing,Jeans,96.03,Los Angeles,S,Blue,Fall,4.25,No,Pickup,Bank Transfer,Yes,Yes,1,Luma,Monthly,No
CUST-1085,Female,26,Electronics,Phone,309.56,Los Angeles,XL,Blue,Winter,4.04,Yes,Next Day,Debit Card,No,No,10,Summit,Monthly,Yes
CUST-1086,Male,41,Clothing,Dress,239.47,Los Angeles,M,Purple,Spring,3.49,Yes,Standard,Credit Card,Yes,Yes,16,Aster,Monthly,No
CUST-1087,Female,21,Home,Lamp,294.08,Seattle,S,Black,Spring,3.42,No,Express,Bank Transfer,Yes,Yes,24,Luma,Weekly,Yes
CUST-1088,Female,68,Electronics,Tablet,333.29,Los Angeles,XL,Black,Fall,3.79,No,Pickup,Credit Card,No,No,7,Aster,Bi-Weekly,Yes
CUST-1089,Male,43,Electronics,Smartwatch,266.41,Austin,One Size,White,Spring,4.11,No,Express,Cash,Yes,No,9,Horizon,Monthly,No
CUST-1090,Female,66,Electronics,Tablet,404.01,Miami,XL,Blue,Spring,3.51,Yes,Pickup,Bank Transfer,No,No,23,Vivid,Monthly,Yes
CUST-1091,Female,65,Clothing,Dress,121.1,Houston,L,Black,Summer,3.52,No,Next Day,Bank Transfer,Yes,No,3,Summit,Quarterly,No
CUST-1092,Female,47,Clothing,Dress,166.66,New York,M,Green,Summer,2.81,Yes,Next Day,Debit Card,Yes,Yes,4,Aster,Weekly,No
CUST-1093,Male,26,Sports,Fitness Tracker,276.73,Seattle,S,White,Winter,4.49,Yes,Express,PayPal,Yes,No,23,Summit,Bi-Weekly,Yes
CUST-1094,Female,43,Electronics,Tablet,331.31,Los Angeles,One Size,White,Fall,4.75,Yes,Standard,Debit Card,No,No,13,Aster,Monthly,Yes
CUST-1095,Female,55,Books,Cookbook,154.23,Boston,M,White,Fall,4.94,No,Next Day,Cash,No,No,1,Northwind,Bi-Weekly,No
CUST-1096,Non-binary,34,Electronics,Laptop,301.14,Austin,XL,Green,Spring,4.13,No,Pickup,Bank Transfer,No,No,14,Vivid,Monthly,Yes
CUST-1097,Male,32,Electronics,Phone,355.68,Houston,L,Blue,Spring,5.0,No,Next Day,PayPal,No,No,12,Luma,Weekly,Yes
CUST-1098,Male,66,Books,Science Book,248.08,Los Angeles,XL,White,Fall,4.88,No,Express,Debit Card,Yes,Yes,17,Horizon,Weekly,No
CUST-1099,Female,69,Clothing,Jeans,158.44,New York,S,Gold,Spring,3.94,No,Pickup,Cash,No,No,4,Vivid,Monthly,No
CUST-1100,Female,31,Electronics,Smartwatch,298.85,Miami,L,Red,Summer,5.0,No,Express,Debit Card,Yes,Yes,10,Aster,Quarterly,Yes
CUST-1101,Male,34,Clothing,T-Shirt,259.22,Houston,S,Gold,Winter,3.66,No,Pickup,Debit Card,No,No,23,Summit,Annually,No
CUST-1102,Female,66,Sports,Yoga Mat,221.01,Seattle,M,White,Summer,4.17,Yes,Express,Credit Card,Yes,No,3,Aster,Bi-Weekly,No
CUST-1103,Male,63,Electronics,Laptop,346.64,New York,XL,Green,Fall,4.74,Yes,Next Day,Bank Transfer,Yes,Yes,19,Summit,Quarterly,Yes
CUST-1104,Female,67,Sports,Yoga Mat,251.31,Chicago,M,Red,Fall,5.0,Yes,Express,Debit Card,Yes,No,16,Luma,Annually,No
CUST-1105,Female,57,Sports,Cycling Bottle,150.92,Houston,S,Black,Spring,3.16,No,Standard,Credit Card,Yes,No,3,Vivid,Weekly,No
CUST-1106,Female,30,Clothing,T-Shirt,167.3,Miami,L,White,Summer,5.0,Yes,Express,Cash,No,No,5,Aster,Quarterly,No
CUST-1107,Male,52,Sports,Dumbbells,162.84,Austin,M,Gold,Spring,4.38,No,Express,Cash,No,No,3,Luma,Monthly,No
CUST-1108,Non-binary,42,Home,Chair,176.03,Los Angeles,M,Gold,Summer,2.74,No,Pickup,Bank Transfer,No,No,9,Aster,Monthly,No
CUST-1109,Male,64,Clothing,Jeans,173.18,Los Angeles,XL,White,Spring,3.49,Yes,Pickup,Credit Card,Yes,No,5,Northwind,Annually,No
CUST-1110,Male,24,Beauty,Perfume,149.92,Chicago,M,Red,Summer,3.34,No,Express,Debit Card,No,No,4,Aster,Monthly,No
CUST-1111,Female,25,Electronics,Headphones,327.49,Chicago,XL,White,Spring,4.12,Yes,Next Day,Credit Card,Yes,Yes,21,Northwind,Annually,Yes
CUST-1112,Male,57,Home,Lamp,223.69,Miami,M,Green,Fall,4.09,No,Express,Cash,Yes,Yes,9,Luma,Weekly,No
CUST-1113,Male,24,Home,Chair,180.29,New York,One Size,Gold,Spring,3.52,No,Pickup,PayPal,Yes,Yes,7,Vivid,Bi-Weekly,No
CUST-1114,Female,32,Sports,Cycling Bottle,238.53,Chicago,XL,Red,Winter,4.73,Yes,Standard,Debit Card,Yes,No,16,Horizon,Bi-Weekly,No
CUST-1115,Female,59,Home,Chair,286.62,Boston,M,Black,Winter,3.14,Yes,Standard,PayPal,Yes,No,24,Vivid,Annually,Yes
CUST-1116,Male,63,Clothing,Dress,244.71,Boston,L,Black,Spring,4.87,No,Standard,Cash,Yes,No,19,Luma,Annually,No
CUST-1117,Female,26,Electronics,Tablet,284.66,Austin,One Size,Black,Spring,3.8,No,Standard,PayPal,Yes,Yes,17,Aster,Weekly,Yes
CUST-1118,Male,71,Clothing,Jeans,117.46,Houston,S,Black,Summer,3.17,No,Pickup,Bank Transfer,Yes,No,3,Vivid,Annually,No
CUST-1119,Female,52,Electronics,Phone,388.57,Chicago,XL,Gold,Fall,4.9,No,Standard,Credit Card,Yes,No,24,Luma,Weekly,Yes
CUST-1120,Female,21,Sports,Fitness Tracker,168.91,Miami,S,Gold,Winter,3.86,Yes,Standard,Bank Transfer,Yes,No,9,Northwind,Quarterly,No
CUST-1121,Female,41,Beauty,Makeup Kit,191.43,Los Angeles,L,Purple,Spring,5.0,No,Next Day,PayPal,Yes,No,14,Summit,Annually,No
CUST-1122,Female,35,Beauty,Perfume,252.35,New York,One Size,Blue,Spring,4.75,Yes,Pickup,Debit Card,Yes,Yes,16,Luma,Bi-Weekly,No
CUST-1123,Female,30,Beauty,Makeup Kit,286.33,Austin,One Size,White,Spring,2.84,Yes,Pickup,PayPal,Yes,No,24,Summit,Quarterly,Yes
CUST-1124,Male,47,Beauty,Brush Set,207.05,Boston,L,Blue,Spring,4.84,No,Pickup,Bank Transfer,No,No,4,Luma,Weekly,No
CUST-1125,Male,44,Electronics,Laptop,342.74,Chicago,One Size,Red,Spring,5.0,Yes,Next Day,Debit Card,Yes,No,11,Aster,Weekly,Yes
CUST-1126,Male,60,Home,Desk,244.63,Houston,L,White,Spring,5.0,Yes,Pickup,Credit Card,Yes,No,9,Northwind,Monthly,No
CUST-1127,Female,68,Books,Self-help,214.37,Los Angeles,L,Gold,Winter,5.0,Yes,Next Day,Cash,No,No,10,Vivid,Monthly,No
CUST-1128,Male,65,Clothing,Jeans,264.27,Seattle,One Size,Gold,Fall,3.38,Yes,Standard,PayPal,Yes,Yes,13,Northwind,Weekly,No
CUST-1129,Male,26,Home,Chair,213.23,Boston,M,Blue,Summer,3.64,Yes,Standard,Bank Transfer,No,No,4,Aster,Annually,No
CUST-1130,Male,28,Electronics,Headphones,251.08,Los Angeles,S,Black,Spring,2.67,Yes,Next Day,Bank Transfer,Yes,Yes,3,Aster,Quarterly,No
CUST-1131,Male,69,Clothing,Sweater,197.36,Houston,XL,Blue,Winter,4.28,Yes,Next Day,Credit Card,Yes,Yes,3,Vivid,Bi-Weekly,No
CUST-1132,Male,51,Beauty,Skincare Set,220.08,Boston,S,Purple,Spring,4.06,No,Pickup,Bank Transfer,Yes,Yes,17,Summit,Quarterly,No
CUST-1133,Female,51,Sports,Cycling Bottle,223.25,Boston,L,Blue,Summer,4.3,No,Next Day,Credit Card,Yes,No,16,Vivid,Annually,No
CUST-1134,Female,56,Home,Cookware,274.47,Los Angeles,XL,Green,Winter,4.71,No,Next Day,Cash,Yes,No,22,Aster,Annually,Yes
CUST-1135,Male,60,Home,Lamp,268.15,Los Angeles,L,Gold,Summer,4.27,Yes,Next Day,Debit Card,No,No,1,Vivid,Annually,No
CUST-1136,Female,36,Electronics,Laptop,311.0,Seattle,One Size,Red,Fall,4.16,Yes,Standard,Bank Transfer,No,No,11,Northwind,Monthly,Yes
CUST-1137,Female,31,Clothing,Sweater,139.0,Chicago,One Size,Red,Fall,4.76,No,Standard,PayPal,Yes,Yes,8,Vivid,Quarterly,No
CUST-1138,Male,64,Beauty,Serum,182.29,New York,XL,Blue,Fall,3.7,No,Standard,Credit Card,No,No,8,Aster,Monthly,No
CUST-1139,Male,39,Electronics,Phone,310.56,New York,XL,Blue,Winter,4.14,Yes,Next Day,Cash,No,No,9,Summit,Quarterly,Yes
CUST-1140,Female,70,Electronics,Phone,388.77,Houston,M,Gold,Spring,4.0,Yes,Standard,Bank Transfer,Yes,No,21,Aster,Bi-Weekly,Yes
CUST-1141,Male,22,Clothing,T-Shirt,196.84,Austin,L,Purple,Winter,4.28,No,Pickup,Debit Card,No,No,18,Horizon,Weekly,No
CUST-1142,Female,45,Beauty,Perfume,141.7,Seattle,L,Purple,Summer,5.0,No,Pickup,Credit Card,No,No,5,Summit,Monthly,No
CUST-1143,Male,50,Clothing,Jeans,202.0,New York,L,Black,Winter,4.97,Yes,Next Day,Debit Card,No,No,3,Horizon,Weekly,No
CUST-1144,Male,42,Clothing,Jeans,138.34,Seattle,M,Purple,Fall,4.46,No,Standard,Credit Card,Yes,No,9,Vivid,Annually,No
CUST-1145,Male,49,Sports,Yoga Mat,239.26,New York,M,White,Fall,4.9,Yes,Express,PayPal,Yes,No,13,Vivid,Monthly,No
CUST-1146,Male,71,Books,History Book,219.22,Austin,L,Gold,Fall,5.0,Yes,Express,PayPal,Yes,No,19,Summit,Bi-Weekly,No
CUST-1147,Female,21,Home,Cookware,233.06,Austin,S,Black,Winter,3.45,Yes,Express,PayPal,Yes,No,19,Horizon,Bi-Weekly,No
CUST-1148,Non-binary,18,Beauty,Skincare Set,178.1,New York,M,Red,Fall,3.68,No,Next Day,Debit Card,Yes,No,19,Summit,Annually,No
CUST-1149,Male,69,Beauty,Serum,254.49,Chicago,L,Green,Winter,4.12,No,Next Day,Credit Card,Yes,Yes,14,Summit,Monthly,No
CUST-1150,Female,64,Sports,Running Shoes,305.2,Chicago,L,Green,Fall,3.89,Yes,Express,Debit Card,No,No,19,Luma,Annually,Yes
CUST-1151,Female,29,Books,Science Book,149.08,Seattle,One Size,Purple,Winter,4.46,No,Standard,Bank Transfer,Yes,Yes,9,Summit,Bi-Weekly,No
CUST-1152,Female,68,Sports,Running Shoes,320.3,Austin,XL,Blue,Summer,4.38,Yes,Standard,Cash,No,No,20,Northwind,Weekly,Yes
CUST-1153,Female,65,Electronics,Phone,278.18,Miami,One Size,Purple,Winter,4.92,No,Next Day,Bank Transfer,Yes,Yes,4,Summit,Bi-Weekly,Yes
CUST-1154,Non-binary,70,Sports,Cycling Bottle,202.71,Los Angeles,S,Purple,Summer,4.98,No,Pickup,Credit Card,Yes,No,9,Vivid,Bi-Weekly,No
CUST-1155,Female,37,Beauty,Makeup Kit,243.26,Chicago,XL,Gold,Spring,3.74,Yes,Pickup,Bank Transfer,No,No,16,Luma,Bi-Weekly,No
CUST-1156,Male,52,Sports,Cycling Bottle,230.57,Austin,XL,Purple,Fall,4.95,Yes,Next Day,PayPal,Yes,Yes,7,Summit,Quarterly,No
CUST-1157,Female,66,Electronics,Laptop,296.54,Chicago,L,Gold,Fall,3.56,No,Pickup,Credit Card,Yes,No,9,Summit,Annually,Yes
CUST-1158,Female,43,Electronics,Phone,375.54,Houston,M,Blue,Spring,3.74,No,Next Day,PayPal,No,No,18,Horizon,Bi-Weekly,Yes
CUST-1159,Male,57,Clothing,Sweater,200.47,Houston,M,Blue,Winter,4.08,No,Pickup,PayPal,Yes,Yes,5,Aster,Bi-Weekly,No
CUST-1160,Male,38,Clothing,Jeans,214.31,Houston,L,Blue,Fall,4.4,No,Express,PayPal,No,No,24,Vivid,Quarterly,No
CUST-1161,Female,21,Home,Cookware,226.15,Houston,L,Black,Summer,4.52,Yes,Express,PayPal,Yes,No,10,Vivid,Quarterly,No
CUST-1162,Male,38,Clothing,Jeans,257.14,Miami,M,White,Summer,4.4,No,Express,PayPal,No,No,23,Vivid,Bi-Weekly,No
CUST-1163,Female,20,Home,Chair,197.02,Austin,S,Red,Spring,4.17,No,Pickup,PayPal,No,No,5,Northwind,Monthly,No
CUST-1164,Female,30,Books,Cookbook,133.45,Miami,L,Red,Summer,4.43,Yes,Standard,Debit Card,No,No,2,Luma,Quarterly,No
CUST-1165,Male,66,Electronics,Headphones,338.32,Chicago,L,Blue,Fall,4.63,No,Express,Bank Transfer,No,No,9,Luma,Bi-Weekly,Yes
CUST-1166,Female,64,Home,Chair,253.21,Boston,XL,Red,Summer,4.2,No,Standard,PayPal,No,No,7,Aster,Weekly,No
CUST-1167,Female,20,Sports,Cycling Bottle,174.17,Los Angeles,M,White,Winter,3.59,No,Pickup,Credit Card,Yes,Yes,11,Horizon,Annually,No
CUST-1168,Female,20,Sports,Running Shoes,228.66,Boston,One Size,Gold,Spring,3.63,No,Next Day,PayPal,No,No,21,Vivid,Bi-Weekly,No
CUST-1169,Female,50,Sports,Cycling Bottle,190.49,Los Angeles,One Size,White,Summer,4.04,No,Next Day,PayPal,Yes,No,8,Horizon,Quarterly,No
CUST-1170,Female,62,Sports,Running Shoes,209.17,Seattle,One Size,Blue,Spring,3.44,Yes,Express,Bank Transfer,Yes,No,8,Aster,Quarterly,No
CUST-1171,Female,45,Clothing,Sweater,272.58,Los Angeles,M,White,Winter,3.46,No,Next Day,PayPal,No,No,24,Luma,Weekly,No
CUST-1172,Female,65,Books,Novel,126.96,New York,One Size,White,Spring,3.74,No,Pickup,Cash,Yes,No,3,Northwind,Bi-Weekly,No
CUST-1173,Male,64,Electronics,Tablet,296.21,Seattle,M,White,Winter,5.0,No,Express,Credit Card,No,No,19,Aster,Annually,Yes
CUST-1174,Female,59,Clothing,Jeans,253.85,Houston,L,White,Summer,4.21,No,Next Day,Credit Card,No,No,23,Luma,Weekly,No
CUST-1175,Female,29,Clothing,T-Shirt,138.36,Boston,M,Blue,Fall,5.0,No,Express,Credit Card,Yes,No,1,Horizon,Monthly,No
CUST-1176,Male,18,Home,Cookware,191.01,Miami,XL,Purple,Winter,3.63,No,Express,PayPal,Yes,No,5,Luma,Quarterly,No
CUST-1177,Female,36,Books,Self-help,243.08,Austin,One Size,Red,Winter,4.73,No,Express,Debit Card,No,No,21,Summit,Annually,No
CUST-1178,Male,52,Clothing,Dress,205.03,Boston,M,Green,Winter,3.44,Yes,Express,PayPal,Yes,No,14,Northwind,Bi-Weekly,No
CUST-1179,Female,39,Electronics,Headphones,312.75,New York,One Size,Red,Spring,4.72,Yes,Standard,Cash,Yes,Yes,12,Luma,Bi-Weekly,Yes
CUST-1180,Male,51,Electronics,Laptop,273.46,Austin,One Size,Blue,Winter,3.5,Yes,Next Day,Debit Card,No,No,5,Luma,Annually,No
CUST-1181,Female,33,Beauty,Skincare Set,274.22,Seattle,L,White,Fall,4.16,No,Pickup,Cash,Yes,Yes,24,Horizon,Weekly,No
CUST-1182,Male,34,Clothing,T-Shirt,140.64,Seattle,One Size,Black,Fall,4.71,Yes,Express,Credit Card,Yes,Yes,3,Luma,Bi-Weekly,No
CUST-1183,Male,57,Electronics,Laptop,324.25,Miami,M,Gold,Summer,4.38,Yes,Pickup,Debit Card,No,No,2,Luma,Weekly,Yes
CUST-1184,Male,58,Books,Self-help,177.09,Houston,L,White,Fall,4.42,Yes,Express,Bank Transfer,Yes,No,11,Northwind,Annually,No
CUST-1185,Female,45,Books,Self-help,212.59,Austin,One Size,Green,Winter,4.8,No,Express,Bank Transfer,No,No,16,Aster,Monthly,No
CUST-1186,Female,41,Books,Novel,86.6,Miami,One Size,Red,Winter,4.09,No,Next Day,PayPal,Yes,Yes,3,Summit,Monthly,No
CUST-1187,Female,64,Electronics,Phone,346.15,Boston,L,Green,Winter,3.88,No,Standard,Bank Transfer,No,No,17,Aster,Monthly,Yes
CUST-1188,Male,56,Books,Cookbook,260.19,Boston,M,Gold,Spring,5.0,Yes,Pickup,Bank Transfer,Yes,Yes,16,Aster,Bi-Weekly,No
CUST-1189,Male,68,Home,Cookware,292.14,Houston,One Size,White,Fall,4.01,Yes,Standard,PayPal,No,No,18,Vivid,Bi-Weekly,Yes
CUST-1190,Male,68,Clothing,Jacket,279.08,New York,One Size,Blue,Summer,4.26,Yes,Next Day,Cash,No,No,17,Horizon,Weekly,Yes
CUST-1191,Female,62,Electronics,Phone,223.96,Austin,XL,White,Spring,2.99,No,Standard,Credit Card,Yes,No,6,Vivid,Quarterly,No
CUST-1192,Female,56,Sports,Yoga Mat,197.41,Austin,L,Black,Fall,4.01,No,Next Day,PayPal,Yes,Yes,6,Luma,Monthly,No
CUST-1193,Female,59,Electronics,Tablet,370.5,New York,XL,Gold,Fall,4.66,Yes,Standard,Cash,Yes,Yes,21,Luma,Annually,Yes
CUST-1194,Male,19,Sports,Running Shoes,265.79,Miami,L,Purple,Winter,5.0,No,Pickup,Credit Card,No,No,19,Summit,Bi-Weekly,No
CUST-1195,Male,36,Sports,Cycling Bottle,155.31,Houston,M,Purple,Spring,4.01,No,Next Day,Credit Card,No,No,6,Luma,Monthly,No
CUST-1196,Male,52,Home,Lamp,303.27,Austin,M,Black,Fall,4.09,No,Pickup,Bank Transfer,No,No,22,Vivid,Quarterly,Yes
CUST-1197,Female,52,Books,Self-help,125.02,New York,One Size,Black,Fall,3.93,No,Next Day,Bank Transfer,No,No,7,Vivid,Quarterly,No
CUST-1198,Male,22,Electronics,Headphones,349.49,Los Angeles,L,Purple,Spring,4.93,No,Next Day,Bank Transfer,No,No,23,Vivid,Weekly,Yes
CUST-1199,Female,32,Electronics,Phone,378.69,Austin,One Size,Black,Fall,4.01,Yes,Pickup,PayPal,No,No,20,Summit,Bi-Weekly,Yes
CUST-1200,Female,70,Clothing,Sweater,127.75,Seattle,XL,Red,Fall,3.76,Yes,Express,Credit Card,Yes,No,1,Aster,Monthly,No
CUST-1201,Male,55,Sports,Cycling Bottle,180.1,Miami,S,Green,Summer,3.15,No,Pickup,Cash,No,No,1,Summit,Weekly,No
CUST-1202,Male,46,Electronics,Smartwatch,315.08,Austin,S,Gold,Fall,5.0,Yes,Standard,Debit Card,Yes,Yes,6,Horizon,Quarterly,Yes
CUST-1203,Female,71,Electronics,Laptop,303.96,Chicago,L,Red,Fall,4.33,No,Express,PayPal,No,No,4,Northwind,Weekly,Yes
CUST-1204,Non-binary,42,Sports,Dumbbells,167.61,Austin,M,Black,Spring,2.96,Yes,Pickup,Cash,Yes,No,7,Luma,Quarterly,No
CUST-1205,Female,28,Sports,Fitness Tracker,152.89,Houston,M,White,Fall,4.02,No,Pickup,Cash,Yes,No,9,Northwind,Annually,No
CUST-1206,Male,33,Beauty,Makeup Kit,290.44,Miami,L,White,Spring,5.0,No,Standard,Cash,No,No,24,Aster,Weekly,Yes
CUST-1207,Female,63,Home,Desk,268.53,Boston,M,Purple,Spring,5.0,No,Pickup,Cash,Yes,Yes,14,Vivid,Monthly,No
CUST-1208,Female,48,Beauty,Makeup Kit,166.53,Boston,L,Purple,Spring,4.15,No,Standard,Credit Card,No,No,7,Luma,Quarterly,No
CUST-1209,Male,54,Beauty,Perfume,240.46,Houston,S,Black,Spring,4.1,No,Express,Bank Transfer,Yes,No,20,Northwind,Bi-Weekly,No
CUST-1210,Male,43,Home,Chair,283.85,New York,One Size,Purple,Winter,4.87,Yes,Standard,Credit Card,Yes,No,12,Northwind,Monthly,Yes
CUST-1211,Female,64,Clothing,Jacket,197.65,Houston,XL,Green,Winter,4.69,No,Pickup,PayPal,No,No,12,Horizon,Annually,No
CUST-1212,Female,30,Sports,Running Shoes,237.01,Austin,L,Black,Winter,3.93,Yes,Pickup,Cash,No,No,19,Vivid,Annually,No
CUST-1213,Non-binary,25,Beauty,Makeup Kit,238.27,Seattle,L,Black,Spring,4.54,Yes,Standard,Cash,Yes,Yes,11,Horizon,Quarterly,No
CUST-1214,Female,55,Clothing,T-Shirt,179.88,Boston,XL,Black,Fall,4.2,No,Pickup,PayPal,Yes,No,1,Luma,Bi-Weekly,No
CUST-1215,Female,20,Home,Lamp,223.89,Miami,S,Purple,Winter,3.43,No,Next Day,Debit Card,Yes,Yes,23,Aster,Weekly,No
CUST-1216,Female,54,Electronics,Headphones,323.52,Houston,L,Green,Spring,4.62,No,Express,PayPal,No,No,14,Summit,Bi-Weekly,Yes
CUST-1217,Female,41,Clothing,Sweater,152.27,Los Angeles,M,Green,Summer,4.14,No,Pickup,Debit Card,No,No,2,Northwind,Monthly,No
CUST-1218,Male,19,Home,Lamp,142.92,Seattle,M,White,Fall,3.53,No,Pickup,Debit Card,Yes,Yes,2,Summit,Bi-Weekly,No
CUST-1219,Male,42,Sports,Running Shoes,226.33,Austin,S,White,Winter,2.72,Yes,Pickup,Debit Card,Yes,No,21,Vivid,Quarterly,No
CUST-1220,Male,49,Sports,Yoga Mat,278.27,Austin,S,Red,Summer,5.0,No,Standard,PayPal,No,No,19,Horizon,Monthly,Yes
CUST-1221,Male,60,Sports,Running Shoes,239.58,Austin,XL,Blue,Spring,5.0,No,Express,Cash,Yes,Yes,17,Vivid,Annually,No
CUST-1222,Male,45,Books,History Book,150.25,Chicago,XL,Gold,Fall,3.7,Yes,Express,Credit Card,No,No,11,Northwind,Monthly,No
CUST-1223,Female,62,Electronics,Phone,300.69,Miami,One Size,White,Summer,4.1,No,Pickup,Bank Transfer,Yes,No,10,Horizon,Annually,Yes
CUST-1224,Male,40,Books,History Book,139.17,Miami,S,Green,Summer,4.85,No,Standard,Debit Card,Yes,No,2,Luma,Bi-Weekly,No
CUST-1225,Male,22,Home,Lamp,295.11,Austin,M,Blue,Spring,3.56,No,Next Day,Credit Card,No,No,20,Northwind,Quarterly,Yes
CUST-1226,Male,51,Electronics,Tablet,267.4,Miami,XL,White,Summer,4.26,Yes,Pickup,Cash,Yes,Yes,4,Vivid,Monthly,No
CUST-1227,Female,30,Books,Cookbook,184.96,Miami,One Size,Gold,Fall,3.51,Yes,Next Day,Credit Card,No,No,16,Horizon,Quarterly,No
CUST-1228,Female,59,Clothing,T-Shirt,265.45,New York,XL,Purple,Summer,5.0,No,Express,Cash,No,No,20,Luma,Annually,No
CUST-1229,Female,52,Electronics,Phone,333.81,Miami,One Size,White,Spring,4.1,Yes,Standard,Bank Transfer,No,No,15,Summit,Bi-Weekly,Yes
CUST-1230,Male,22,Beauty,Skincare Set,200.72,Boston,M,Black,Spring,5.0,No,Next Day,PayPal,Yes,Yes,7,Horizon,Monthly,No
CUST-1231,Male,54,Sports,Cycling Bottle,202.99,Boston,L,Purple,Summer,4.67,No,Express,Credit Card,Yes,No,1,Aster,Monthly,No
CUST-1232,Male,43,Electronics,Phone,232.84,Los Angeles,XL,Purple,Summer,3.95,No,Next Day,Credit Card,Yes,Yes,1,Summit,Quarterly,No
CUST-1233,Female,27,Clothing,Sweater,162.24,Chicago,XL,Black,Summer,4.34,Yes,Express,PayPal,No,No,3,Horizon,Monthly,No
CUST-1234,Male,56,Beauty,Perfume,206.52,Chicago,One Size,White,Winter,4.21,No,Next Day,Debit Card,Yes,No,7,Luma,Weekly,No
CUST-1235,Female,21,Electronics,Tablet,268.58,Boston,XL,Blue,Winter,3.2,No,Next Day,PayPal,Yes,Yes,20,Luma,Monthly,No
CUST-1236,Female,58,Beauty,Serum,251.0,New York,L,Purple,Summer,5.0,No,Pickup,Bank Transfer,No,No,21,Aster,Bi-Weekly,No
CUST-1237,Female,18,Clothing,Sweater,254.67,Seattle,S,Red,Summer,4.84,No,Pickup,Credit Card,No,No,24,Aster,Quarterly,No
CUST-1238,Male,64,Electronics,Tablet,399.19,Houston,L,Red,Winter,4.8,Yes,Express,Credit Card,Yes,Yes,23,Summit,Weekly,Yes
CUST-1239,Male,29,Books,Self-help,139.46,Houston,M,Blue,Winter,4.16,Yes,Express,Cash,No,No,3,Luma,Bi-Weekly,No
CUST-1240,Female,54,Electronics,Tablet,241.64,Miami,M,Green,Summer,3.59,No,Pickup,PayPal,Yes,Yes,12,Luma,Annually,No
CUST-1241,Male,56,Sports,Yoga Mat,230.53,Houston,L,Blue,Winter,4.49,Yes,Next Day,Credit Card,No,No,5,Luma,Quarterly,No
CUST-1242,Non-binary,36,Sports,Dumbbells,281.79,Houston,One Size,Red,Fall,5.0,No,Next Day,PayPal,No,No,21,Luma,Annually,Yes
CUST-1243,Non-binary,35,Home,Chair,220.14,Houston,S,Green,Fall,3.59,No,Pickup,Bank Transfer,No,No,12,Aster,Quarterly,No
CUST-1244,Male,19,Beauty,Perfume,160.84,Seattle,L,Green,Spring,2.48,No,Pickup,PayPal,Yes,Yes,16,Vivid,Monthly,No
CUST-1245,Female,52,Clothing,Jeans,288.24,Miami,XL,Black,Spring,4.52,No,Express,PayPal,No,No,20,Northwind,Monthly,Yes
CUST-1246,Female,48,Beauty,Skincare Set,263.61,Houston,S,White,Spring,3.47,Yes,Express,Cash,Yes,No,18,Aster,Quarterly,No
CUST-1247,Female,65,Clothing,Jacket,135.47,Houston,M,Gold,Winter,3.59,No,Standard,PayPal,Yes,Yes,2,Aster,Quarterly,No
CUST-1248,Female,41,Clothing,Jeans,150.74,Houston,L,Red,Fall,4.92,No,Next Day,PayPal,Yes,Yes,5,Horizon,Quarterly,No
CUST-1249,Female,57,Home,Desk,244.74,Boston,S,Green,Spring,4.94,No,Express,Debit Card,Yes,Yes,15,Luma,Bi-Weekly,No
CUST-1250,Female,42,Books,Cookbook,226.11,Chicago,L,Gold,Fall,5.0,No,Standard,Credit Card,Yes,Yes,21,Summit,Quarterly,No
CUST-1251,Male,31,Clothing,Dress,168.54,Austin,M,Black,Fall,4.55,Yes,Next Day,Debit Card,Yes,No,6,Northwind,Monthly,No
CUST-1252,Female,23,Electronics,Headphones,223.81,Houston,One Size,Black,Winter,3.16,Yes,Next Day,Bank Transfer,Yes,No,2,Northwind,Monthly,No
CUST-1253,Non-binary,68,Home,Cookware,237.25,Miami,S,Gold,Winter,3.82,Yes,Standard,Bank Transfer,Yes,No,7,Northwind,Annually,No
CUST-1254,Female,34,Clothing,Jacket,217.2,Los Angeles,L,Green,Summer,5.0,Yes,Pickup,Credit Card,No,No,15,Luma,Quarterly,No
CUST-1255,Male,39,Sports,Fitness Tracker,209.35,Chicago,XL,White,Spring,4.06,No,Next Day,Credit Card,Yes,Yes,11,Horizon,Bi-Weekly,No
CUST-1256,Male,59,Beauty,Skincare Set,217.52,Boston,One Size,Red,Summer,4.29,Yes,Next Day,PayPal,No,No,8,Horizon,Quarterly,No
CUST-1257,Male,57,Home,Storage Bin,157.43,Austin,S,White,Winter,2.88,No,Next Day,Debit Card,No,No,3,Northwind,Annually,No
CUST-1258,Female,61,Books,Novel,182.24,Austin,S,Purple,Winter,3.98,No,Next Day,Debit Card,No,No,3,Luma,Annually,No
CUST-1259,Male,54,Beauty,Perfume,213.1,Los Angeles,S,White,Spring,4.34,Yes,Express,Debit Card,No,No,6,Horizon,Monthly,No
CUST-1260,Male,27,Clothing,Sweater,118.7,New York,S,Black,Winter,5.0,No,Standard,Debit Card,No,No,2,Luma,Annually,No
CUST-1261,Female,26,Books,Self-help,200.89,Austin,One Size,Purple,Spring,4.49,No,Pickup,Debit Card,Yes,No,18,Aster,Weekly,No
CUST-1262,Female,26,Clothing,Jacket,122.03,Boston,S,Red,Spring,3.0,Yes,Next Day,Bank Transfer,Yes,Yes,3,Aster,Annually,No
CUST-1263,Male,49,Clothing,Sweater,124.52,Boston,XL,Red,Summer,3.61,No,Next Day,Cash,Yes,No,8,Vivid,Monthly,No
CUST-1264,Female,37,Beauty,Serum,170.41,New York,XL,Red,Summer,3.82,No,Express,Credit Card,Yes,Yes,15,Luma,Annually,No
CUST-1265,Female,62,Electronics,Phone,363.06,Miami,One Size,Red,Fall,5.0,Yes,Next Day,Debit Card,Yes,No,23,Aster,Monthly,Yes
CUST-1266,Male,29,Books,Self-help,120.85,Seattle,XL,White,Winter,3.27,No,Standard,PayPal,Yes,Yes,11,Summit,Bi-Weekly,No
CUST-1267,Female,70,Clothing,Sweater,290.9,Houston,L,Gold,Spring,5.0,Yes,Next Day,Bank Transfer,Yes,No,22,Luma,Annually,Yes
CUST-1268,Female,54,Sports,Cycling Bottle,193.87,Seattle,One Size,Blue,Fall,3.78,No,Express,Debit Card,No,No,2,Luma,Quarterly,No
CUST-1269,Male,71,Electronics,Smartwatch,404.3,Seattle,One Size,Purple,Summer,3.68,Yes,Pickup,Debit Card,No,No,16,Aster,Weekly,Yes
CUST-1270,Female,30,Clothing,Dress,155.14,Miami,M,White,Spring,3.27,No,Express,Bank Transfer,No,No,6,Northwind,Bi-Weekly,No
CUST-1271,Male,71,Electronics,Laptop,297.8,New York,S,Green,Fall,2.81,No,Pickup,Cash,Yes,No,18,Northwind,Bi-Weekly,Yes
CUST-1272,Female,25,Sports,Running Shoes,198.03,Los Angeles,M,Black,Winter,4.54,No,Standard,PayPal,Yes,No,8,Horizon,Bi-Weekly,No
CUST-1273,Male,43,Sports,Running Shoes,288.97,Miami,XL,Black,Spring,4.74,No,Pickup,Debit Card,No,No,24,Luma,Quarterly,Yes
CUST-1274,Male,29,Home,Desk,218.49,Austin,One Size,Green,Winter,3.94,No,Standard,Debit Card,Yes,No,17,Luma,Bi-Weekly,No
CUST-1275,Male,39,Electronics,Smartwatch,355.06,Seattle,XL,Black,Winter,3.61,Yes,Standard,Cash,No,No,17,Summit,Quarterly,Yes
CUST-1276,Female,37,Home,Cookware,316.23,Houston,M,Black,Spring,4.21,Yes,Next Day,Bank Transfer,Yes,Yes,22,Northwind,Weekly,Yes
CUST-1277,Female,53,Home,Cookware,242.75,Miami,L,Black,Summer,3.66,No,Standard,PayPal,Yes,Yes,8,Aster,Weekly,No
CUST-1278,Female,49,Clothing,T-Shirt,175.15,Seattle,M,Blue,Spring,4.52,No,Next Day,Bank Transfer,No,No,2,Aster,Bi-Weekly,No
CUST-1279,Male,22,Electronics,Tablet,343.2,Boston,S,Gold,Fall,4.55,No,Express,PayPal,No,No,21,Northwind,Monthly,Yes
CUST-1280,Male,68,Electronics,Smartwatch,294.19,New York,XL,Green,Winter,3.71,Yes,Next Day,Bank Transfer,Yes,Yes,4,Aster,Monthly,Yes
CUST-1281,Female,50,Electronics,Phone,332.75,New York,S,Blue,Fall,4.51,No,Express,Debit Card,No,No,9,Vivid,Weekly,Yes
CUST-1282,Male,69,Books,Science Book,235.48,Houston,L,Black,Fall,5.0,Yes,Standard,PayPal,No,No,15,Horizon,Monthly,No
CUST-1283,Female,38,Clothing,Jacket,194.4,Miami,L,Gold,Summer,4.85,No,Next Day,Cash,No,No,17,Horizon,Annually,No
CUST-1284,Female,53,Sports,Dumbbells,325.43,Los Angeles,M,Black,Fall,3.79,Yes,Express,Bank Transfer,No,No,22,Vivid,Monthly,Yes
CUST-1285,Female,45,Electronics,Tablet,302.19,Chicago,S,Green,Summer,4.54,No,Express,Bank Transfer,No,No,13,Vivid,Monthly,Yes
CUST-1286,Female,71,Home,Storage Bin,322.68,New York,S,White,Summer,3.3,Yes,Standard,Cash,No,No,20,Vivid,Bi-Weekly,Yes
CUST-1287,Female,54,Clothing,Dress,147.39,Boston,L,Blue,Summer,3.07,No,Standard,Cash,Yes,Yes,16,Horizon,Monthly,No
CUST-1288,Female,53,Clothing,Jacket,159.75,Seattle,One Size,Blue,Winter,4.04,No,Pickup,Debit Card,Yes,No,6,Vivid,Monthly,No
CUST-1289,Female,67,Books,Self-help,198.98,Houston,M,White,Spring,2.77,Yes,Pickup,Debit Card,Yes,No,8,Northwind,Bi-Weekly,No
CUST-1290,Female,20,Beauty,Makeup Kit,273.65,Chicago,L,Green,Fall,4.4,Yes,Express,PayPal,No,No,22,Northwind,Quarterly,No
CUST-1291,Male,19,Clothing,Jacket,195.99,Miami,L,Blue,Summer,4.55,Yes,Pickup,PayPal,Yes,Yes,19,Vivid,Bi-Weekly,No
CUST-1292,Female,50,Sports,Fitness Tracker,261.72,Chicago,One Size,Black,Summer,4.06,Yes,Standard,Cash,No,No,19,Northwind,Annually,No
CUST-1293,Female,36,Clothing,Sweater,108.39,Miami,XL,White,Fall,3.97,No,Standard,Debit Card,Yes,No,6,Summit,Annually,No
CUST-1294,Male,52,Sports,Running Shoes,220.2,New York,L,Purple,Winter,4.65,No,Standard,Cash,Yes,Yes,10,Northwind,Weekly,No
CUST-1295,Male,62,Books,Cookbook,183.51,Boston,S,Gold,Spring,4.45,No,Pickup,Credit Card,No,No,15,Summit,Monthly,No
CUST-1296,Male,18,Books,Cookbook,139.84,Austin,One Size,Blue,Spring,5.0,No,Pickup,Bank Transfer,No,No,3,Vivid,Bi-Weekly,No
CUST-1297,Male,50,Home,Storage Bin,220.34,Boston,XL,Gold,Fall,3.47,Yes,Standard,Credit Card,No,No,1,Horizon,Weekly,No
CUST-1298,Female,64,Sports,Dumbbells,300.27,Austin,M,White,Winter,4.61,No,Standard,Debit Card,No,No,23,Northwind,Monthly,Yes
CUST-1299,Female,46,Sports,Cycling Bottle,285.81,Houston,M,Gold,Winter,4.15,Yes,Express,Credit Card,Yes,Yes,22,Vivid,Annually,Yes
CUST-1300,Female,50,Beauty,Serum,245.18,Seattle,M,Blue,Summer,4.79,No,Standard,Credit Card,Yes,Yes,12,Summit,Bi-Weekly,No
CUST-1301,Male,32,Electronics,Tablet,303.79,Chicago,One Size,Green,Summer,5.0,No,Express,PayPal,Yes,No,11,Aster,Annually,Yes
CUST-1302,Male,43,Beauty,Brush Set,293.83,New York,L,Red,Summer,4.14,Yes,Standard,Bank Transfer,No,No,24,Vivid,Weekly,Yes
CUST-1303,Male,18,Home,Desk,189.04,Boston,S,Blue,Winter,4.39,Yes,Express,Cash,No,No,1,Summit,Quarterly,No
CUST-1304,Male,68,Beauty,Makeup Kit,206.72,New York,S,Purple,Spring,4.02,No,Next Day,Credit Card,Yes,No,18,Vivid,Annually,No
CUST-1305,Male,54,Clothing,Sweater,260.09,Chicago,S,Gold,Fall,4.5,No,Express,Cash,No,No,24,Aster,Monthly,No
CUST-1306,Male,43,Beauty,Perfume,132.85,Houston,L,Blue,Summer,3.24,No,Next Day,PayPal,No,No,9,Luma,Annually,No
CUST-1307,Female,61,Electronics,Phone,311.25,Houston,One Size,Gold,Fall,5.0,Yes,Next Day,Bank Transfer,Yes,No,4,Luma,Weekly,Yes
CUST-1308,Male,55,Clothing,Jacket,250.19,Austin,S,Blue,Fall,3.76,Yes,Standard,Debit Card,No,No,24,Luma,Bi-Weekly,No
CUST-1309,Female,47,Books,History Book,164.66,Austin,XL,White,Spring,4.53,No,Pickup,Debit Card,Yes,No,7,Luma,Annually,No
CUST-1310,Male,70,Clothing,Dress,165.47,Miami,S,Gold,Summer,3.86,No,Pickup,Debit Card,No,No,3,Summit,Quarterly,No
CUST-1311,Female,68,Sports,Fitness Tracker,276.66,Los Angeles,S,Gold,Summer,4.56,Yes,Pickup,Debit Card,No,No,8,Vivid,Monthly,Yes
CUST-1312,Male,22,Electronics,Smartwatch,333.1,Boston,One Size,Blue,Fall,5.0,No,Standard,Cash,Yes,No,20,Aster,Weekly,Yes
CUST-1313,Female,51,Books,Cookbook,166.74,Boston,One Size,Red,Spring,5.0,No,Standard,Credit Card,Yes,Yes,11,Horizon,Quarterly,No
CUST-1314,Female,52,Clothing,Jeans,114.82,Houston,M,White,Winter,3.31,No,Express,Credit Card,No,No,1,Northwind,Quarterly,No
CUST-1315,Female,36,Beauty,Brush Set,225.12,Miami,M,Red,Spring,3.8,No,Express,PayPal,Yes,No,21,Luma,Quarterly,No
CUST-1316,Female,18,Clothing,Dress,135.03,Miami,One Size,Green,Spring,4.14,No,Next Day,Debit Card,Yes,Yes,6,Summit,Bi-Weekly,No
CUST-1317,Male,28,Home,Desk,232.39,Seattle,M,White,Summer,5.0,No,Next Day,Debit Card,No,No,5,Northwind,Quarterly,No
CUST-1318,Male,51,Sports,Running Shoes,190.66,Seattle,One Size,White,Spring,3.57,No,Next Day,Credit Card,No,No,8,Luma,Monthly,No
CUST-1319,Male,23,Sports,Cycling Bottle,223.34,Chicago,S,Purple,Winter,4.16,Yes,Standard,Bank Transfer,No,No,8,Aster,Annually,No
CUST-1320,Female,26,Clothing,Sweater,184.23,Miami,One Size,White,Fall,5.0,Yes,Express,Bank Transfer,Yes,Yes,15,Vivid,Annually,No
CUST-1321,Male,67,Clothing,Jeans,189.0,Houston,S,Gold,Winter,3.3,No,Standard,PayPal,Yes,No,20,Summit,Monthly,No
CUST-1322,Female,41,Clothing,Dress,127.03,New York,One Size,Green,Fall,5.0,No,Next Day,Cash,No,No,5,Northwind,Quarterly,No
CUST-1323,Female,48,Books,Science Book,206.61,Houston,XL,Black,Summer,4.18,No,Pickup,Debit Card,Yes,Yes,19,Northwind,Monthly,No
CUST-1324,Female,64,Clothing,T-Shirt,284.34,Austin,L,Red,Winter,4.04,Yes,Standard,Credit Card,No,No,20,Northwind,Bi-Weekly,Yes
CUST-1325,Female,50,Home,Cookware,237.09,Boston,One Size,Red,Fall,4.52,No,Pickup,Bank Transfer,No,No,11,Summit,Annually,No
CUST-1326,Male,40,Home,Desk,271.63,Chicago,XL,Blue,Spring,3.68,Yes,Standard,Bank Transfer,Yes,Yes,20,Vivid,Weekly,No
CUST-1327,Female,27,Home,Chair,186.88,New York,S,Purple,Summer,3.76,Yes,Standard,Cash,Yes,No,2,Summit,Weekly,No
CUST-1328,Male,64,Clothing,T-Shirt,164.65,Boston,S,Blue,Fall,3.77,No,Standard,Debit Card,Yes,Yes,5,Vivid,Bi-Weekly,No
CUST-1329,Non-binary,46,Beauty,Makeup Kit,270.02,Seattle,L,Black,Summer,4.84,Yes,Next Day,PayPal,Yes,No,18,Aster,Monthly,No
CUST-1330,Female,64,Sports,Running Shoes,345.79,Austin,M,Black,Winter,4.06,Yes,Standard,PayPal,No,No,24,Vivid,Bi-Weekly,Yes
CUST-1331,Male,42,Beauty,Perfume,202.65,Houston,XL,Gold,Winter,3.85,Yes,Express,Cash,Yes,Yes,11,Aster,Annually,No
CUST-1332,Female,36,Sports,Cycling Bottle,172.12,Los Angeles,M,White,Summer,3.19,No,Express,Bank Transfer,Yes,Yes,9,Luma,Quarterly,No
CUST-1333,Male,18,Clothing,T-Shirt,119.26,Boston,M,Red,Spring,4.3,Yes,Express,Cash,Yes,No,2,Summit,Weekly,No
CUST-1334,Male,65,Electronics,Headphones,356.0,Seattle,One Size,Black,Fall,4.12,Yes,Express,Credit Card,No,No,15,Luma,Annually,Yes
CUST-1335,Male,60,Clothing,T-Shirt,155.54,Los Angeles,One Size,Gold,Fall,4.63,No,Next Day,Credit Card,Yes,No,3,Luma,Weekly,No
CUST-1336,Male,57,Clothing,Jacket,139.65,Seattle,XL,Purple,Winter,2.91,Yes,Standard,Bank Transfer,Yes,No,7,Aster,Quarterly,No
CUST-1337,Male,35,Clothing,Jacket,179.36,Seattle,M,Red,Spring,3.9,No,Express,Cash,No,No,18,Vivid,Monthly,No
CUST-1338,Female,69,Clothing,Dress,258.74,Boston,One Size,Red,Fall,4.38,Yes,Next Day,Debit Card,No,No,17,Summit,Monthly,No
CUST-1339,Male,48,Home,Desk,263.54,Boston,L,White,Winter,5.0,No,Express,Bank Transfer,No,No,10,Luma,Bi-Weekly,No
CUST-1340,Female,67,Clothing,Jacket,176.18,Miami,S,Gold,Fall,4.91,No,Express,Credit Card,Yes,No,12,Aster,Monthly,No
CUST-1341,Male,24,Electronics,Phone,358.71,Miami,L,Gold,Spring,5.0,Yes,Pickup,Credit Card,Yes,Yes,19,Summit,Bi-Weekly,Yes
CUST-1342,Female,21,Clothing,Jacket,214.08,Houston,M,Purple,Summer,4.99,No,Pickup,Credit Card,Yes,No,24,Luma,Bi-Weekly,No
CUST-1343,Female,70,Books,Science Book,102.36,Los Angeles,One Size,Black,Spring,3.49,No,Express,Credit Card,Yes,Yes,5,Aster,Quarterly,No
CUST-1344,Female,54,Electronics,Smartwatch,314.38,Miami,XL,Purple,Fall,4.25,No,Express,Cash,Yes,Yes,13,Vivid,Bi-Weekly,Yes
CUST-1345,Male,71,Electronics,Tablet,370.12,Houston,S,Purple,Winter,5.0,Yes,Express,Bank Transfer,Yes,No,11,Summit,Weekly,Yes
CUST-1346,Female,40,Home,Storage Bin,263.66,Austin,M,Gold,Winter,3.41,No,Next Day,Cash,No,No,22,Horizon,Annually,No
CUST-1347,Male,21,Sports,Running Shoes,157.07,Los Angeles,XL,White,Spring,4.13,No,Standard,Credit Card,Yes,Yes,3,Vivid,Bi-Weekly,No
CUST-1348,Female,25,Books,Self-help,199.8,Houston,One Size,Purple,Winter,2.46,Yes,Express,Debit Card,Yes,No,22,Northwind,Monthly,No
CUST-1349,Female,23,Clothing,T-Shirt,228.85,Los Angeles,L,Blue,Winter,3.95,No,Express,Credit Card,Yes,No,23,Horizon,Weekly,No
CUST-1350,Female,66,Electronics,Laptop,387.55,Seattle,One Size,Gold,Fall,3.85,Yes,Express,Debit Card,Yes,Yes,22,Vivid,Weekly,Yes
CUST-1351,Male,41,Electronics,Headphones,308.6,Chicago,XL,Purple,Winter,4.59,No,Next Day,PayPal,No,No,13,Aster,Bi-Weekly,Yes
CUST-1352,Non-binary,20,Electronics,Smartwatch,253.21,Houston,S,Black,Spring,4.08,Yes,Standard,PayPal,Yes,No,5,Vivid,Monthly,No
CUST-1353,Non-binary,20,Clothing,Jacket,115.1,Los Angeles,M,White,Summer,3.95,No,Next Day,Bank Transfer,Yes,No,15,Luma,Annually,No
CUST-1354,Male,62,Electronics,Phone,383.06,Miami,L,Purple,Spring,4.94,Yes,Standard,PayPal,No,No,19,Horizon,Monthly,Yes
CUST-1355,Female,44,Home,Desk,258.25,Boston,S,Blue,Winter,4.27,No,Next Day,Bank Transfer,Yes,Yes,20,Summit,Annually,No
CUST-1356,Male,35,Sports,Fitness Tracker,229.95,Los Angeles,L,Purple,Fall,3.79,Yes,Standard,Bank Transfer,Yes,Yes,18,Luma,Monthly,No
CUST-1357,Male,58,Sports,Fitness Tracker,205.74,Boston,S,Blue,Fall,4.45,No,Standard,Credit Card,Yes,Yes,10,Northwind,Monthly,No
CUST-1358,Male,57,Beauty,Serum,223.95,Houston,XL,Gold,Spring,4.06,Yes,Express,Bank Transfer,No,No,7,Aster,Weekly,No
CUST-1359,Female,59,Books,Self-help,176.22,Boston,M,Gold,Summer,4.13,Yes,Pickup,Bank Transfer,Yes,No,5,Luma,Annually,No
CUST-1360,Female,60,Electronics,Tablet,363.73,Houston,S,Purple,Summer,2.9,Yes,Standard,PayPal,No,No,24,Vivid,Annually,Yes
CUST-1361,Male,43,Clothing,Jeans,229.15,Seattle,L,Purple,Fall,3.58,Yes,Express,Debit Card,No,No,12,Summit,Monthly,No
CUST-1362,Male,31,Clothing,Jeans,133.12,Boston,L,Red,Winter,2.68,Yes,Pickup,Cash,Yes,Yes,6,Luma,Bi-Weekly,No
CUST-1363,Male,59,Beauty,Skincare Set,193.97,Seattle,L,White,Fall,5.0,No,Next Day,Credit Card,No,No,12,Aster,Annually,No
CUST-1364,Female,21,Clothing,Sweater,146.72,New York,XL,Black,Spring,4.62,No,Next Day,Credit Card,No,No,4,Aster,Bi-Weekly,No
CUST-1365,Female,63,Electronics,Headphones,283.09,Chicago,S,Purple,Winter,3.22,No,Express,Bank Transfer,No,No,10,Luma,Monthly,Yes
CUST-1366,Male,34,Home,Desk,275.69,Los Angeles,M,Green,Summer,5.0,No,Standard,Cash,Yes,Yes,21,Aster,Monthly,Yes
CUST-1367,Male,27,Clothing,Dress,214.29,Austin,L,Blue,Winter,4.89,No,Standard,Credit Card,Yes,No,21,Luma,Quarterly,No
CUST-1368,Male,52,Books,History Book,183.46,Chicago,M,Black,Winter,5.0,No,Express,Credit Card,No,No,1,Horizon,Weekly,No
CUST-1369,Male,39,Beauty,Brush Set,157.84,New York,One Size,White,Winter,4.54,No,Pickup,Bank Transfer,No,No,10,Northwind,Monthly,No
CUST-1370,Male,45,Clothing,Jeans,168.17,Houston,L,Green,Fall,4.25,Yes,Next Day,Debit Card,Yes,No,4,Aster,Weekly,No
CUST-1371,Female,32,Electronics,Phone,285.82,New York,M,Blue,Spring,4.2,No,Express,Bank Transfer,No,No,9,Vivid,Bi-Weekly,Yes
CUST-1372,Female,51,Home,Lamp,236.24,Boston,L,Green,Summer,5.0,No,Next Day,Credit Card,Yes,Yes,7,Northwind,Weekly,No
CUST-1373,Male,35,Home,Lamp,244.08,New York,L,Black,Winter,3.45,No,Standard,Debit Card,Yes,No,19,Horizon,Bi-Weekly,No
CUST-1374,Male,44,Beauty,Brush Set,296.33,Chicago,One Size,Purple,Winter,5.0,Yes,Next Day,Bank Transfer,No,No,19,Luma,Weekly,Yes
CUST-1375,Male,20,Beauty,Makeup Kit,188.36,Chicago,L,Black,Spring,5.0,No,Standard,Debit Card,Yes,No,4,Summit,Monthly,No
CUST-1376,Female,57,Books,Novel,225.88,Austin,XL,Black,Summer,4.31,No,Express,Debit Card,No,No,23,Aster,Annually,No
CUST-1377,Female,28,Electronics,Laptop,265.32,Boston,XL,Black,Summer,3.5,No,Pickup,Bank Transfer,Yes,No,12,Vivid,Quarterly,No
CUST-1378,Male,26,Sports,Fitness Tracker,233.45,Miami,L,White,Fall,4.96,No,Standard,Credit Card,Yes,No,23,Luma,Weekly,No
CUST-1379,Male,66,Home,Desk,291.12,Miami,XL,Red,Fall,5.0,Yes,Express,Bank Transfer,Yes,No,15,Vivid,Monthly,Yes
CUST-1380,Female,26,Electronics,Laptop,365.94,Los Angeles,S,Green,Winter,3.64,Yes,Next Day,Debit Card,Yes,No,20,Luma,Weekly,Yes
CUST-1381,Female,71,Beauty,Perfume,264.22,New York,L,Blue,Summer,3.71,No,Next Day,Bank Transfer,No,No,24,Luma,Quarterly,No
CUST-1382,Female,57,Beauty,Skincare Set,192.07,New York,One Size,Green,Winter,3.42,No,Next Day,Credit Card,Yes,Yes,16,Vivid,Monthly,No
CUST-1383,Female,43,Electronics,Tablet,319.26,Los Angeles,L,Gold,Summer,4.75,No,Pickup,Cash,No,No,4,Northwind,Quarterly,Yes
CUST-1384,Male,67,Beauty,Brush Set,278.18,Miami,L,White,Fall,4.96,No,Express,Bank Transfer,Yes,No,24,Aster,Annually,Yes
CUST-1385,Male,50,Beauty,Makeup Kit,225.29,New York,One Size,Green,Spring,4.52,Yes,Next Day,Cash,Yes,Yes,12,Horizon,Quarterly,No
CUST-1386,Female,58,Home,Cookware,223.65,Seattle,One Size,Green,Winter,5.0,No,Express,PayPal,Yes,Yes,11,Luma,Monthly,No
CUST-1387,Male,63,Books,Self-help,205.95,Chicago,XL,Green,Spring,5.0,No,Express,Debit Card,No,No,2,Luma,Weekly,No
CUST-1388,Female,48,Sports,Running Shoes,305.47,Los Angeles,One Size,Gold,Summer,3.93,Yes,Next Day,Cash,No,No,24,Luma,Weekly,Yes
CUST-1389,Male,49,Sports,Cycling Bottle,255.84,Boston,XL,Red,Summer,5.0,No,Standard,PayPal,No,No,15,Luma,Annually,No
CUST-1390,Male,45,Sports,Running Shoes,261.27,Chicago,S,Blue,Winter,4.22,No,Pickup,Debit Card,Yes,Yes,20,Horizon,Weekly,No
CUST-1391,Female,20,Clothing,Dress,200.24,New York,XL,Purple,Winter,3.5,Yes,Standard,Credit Card,No,No,13,Aster,Bi-Weekly,No
CUST-1392,Male,61,Clothing,Jeans,167.62,Houston,One Size,Red,Summer,3.54,No,Express,Debit Card,No,No,2,Summit,Quarterly,No
CUST-1393,Female,41,Clothing,Sweater,267.45,Austin,XL,White,Spring,5.0,Yes,Next Day,Credit Card,Yes,No,22,Aster,Bi-Weekly,No
CUST-1394,Female,33,Books,Science Book,138.85,New York,M,Purple,Winter,5.0,Yes,Express,Credit Card,Yes,No,9,Aster,Quarterly,No
CUST-1395,Male,25,Clothing,Sweater,92.94,Seattle,S,Black,Fall,4.16,No,Express,Bank Transfer,Yes,No,6,Horizon,Annually,No
CUST-1396,Male,42,Home,Lamp,203.55,Houston,One Size,Purple,Winter,3.41,Yes,Pickup,PayPal,Yes,No,4,Aster,Weekly,No
CUST-1397,Female,39,Books,Self-help,239.24,Seattle,One Size,Green,Summer,2.78,Yes,Standard,PayPal,No,No,20,Aster,Weekly,No
CUST-1398,Female,46,Sports,Dumbbells,186.15,Seattle,One Size,Purple,Fall,3.19,No,Standard,Credit Card,Yes,No,15,Vivid,Annually,No
CUST-1399,Male,35,Clothing,Jeans,232.47,Chicago,One Size,Blue,Winter,4.53,No,Pickup,PayPal,No,No,20,Aster,Quarterly,No
CUST-1400,Male,43,Books,Self-help,207.55,Boston,XL,Blue,Summer,4.45,No,Standard,Bank Transfer,Yes,No,18,Vivid,Weekly,No
CUST-1401,Female,40,Clothing,Sweater,265.48,New York,One Size,Green,Spring,4.92,Yes,Next Day,Debit Card,No,No,17,Luma,Bi-Weekly,No
CUST-1402,Male,29,Home,Desk,236.21,Miami,M,Black,Winter,3.56,No,Express,PayPal,Yes,No,18,Summit,Quarterly,No
CUST-1403,Female,67,Sports,Yoga Mat,167.1,Seattle,M,Red,Fall,4.14,No,Standard,Credit Card,Yes,No,2,Luma,Bi-Weekly,No
CUST-1404,Female,28,Electronics,Laptop,266.77,New York,One Size,White,Winter,4.06,No,Standard,Bank Transfer,Yes,No,20,Luma,Monthly,No
CUST-1405,Male,33,Clothing,Dress,140.19,Miami,XL,Green,Spring,5.0,Yes,Pickup,Credit Card,Yes,Yes,4,Vivid,Annually,No
CUST-1406,Female,58,Electronics,Headphones,363.72,Houston,S,Gold,Spring,3.89,Yes,Pickup,Credit Card,Yes,Yes,18,Vivid,Weekly,Yes
CUST-1407,Male,40,Sports,Fitness Tracker,187.79,New York,M,Gold,Spring,3.12,No,Express,Bank Transfer,No,No,4,Northwind,Bi-Weekly,No
CUST-1408,Female,28,Electronics,Tablet,344.58,Miami,XL,Gold,Winter,4.01,No,Pickup,Credit Card,No,No,14,Horizon,Bi-Weekly,Yes
CUST-1409,Male,54,Books,Novel,229.76,Houston,M,Red,Spring,4.53,Yes,Express,PayPal,Yes,Yes,23,Aster,Quarterly,No
CUST-1410,Male,62,Electronics,Tablet,311.86,Austin,M,Gold,Fall,4.61,No,Standard,Debit Card,Yes,No,7,Northwind,Weekly,Yes
CUST-1411,Female,70,Sports,Yoga Mat,182.25,Houston,M,Blue,Fall,3.33,No,Pickup,PayPal,Yes,Yes,6,Vivid,Quarterly,No
CUST-1412,Female,71,Clothing,Sweater,167.37,Miami,L,Green,Winter,4.06,No,Next Day,PayPal,No,No,2,Vivid,Annually,No
CUST-1413,Female,27,Sports,Yoga Mat,168.9,Boston,M,Red,Summer,5.0,No,Pickup,Cash,Yes,Yes,4,Luma,Annually,No
CUST-1414,Female,56,Clothing,Sweater,258.09,Austin,One Size,Black,Winter,4.96,No,Express,Debit Card,Yes,No,16,Luma,Weekly,No
CUST-1415,Male,23,Beauty,Makeup Kit,298.35,Houston,One Size,Black,Winter,5.0,Yes,Standard,Debit Card,Yes,Yes,20,Luma,Monthly,Yes
CUST-1416,Female,51,Home,Lamp,287.43,Austin,L,Gold,Spring,5.0,No,Standard,PayPal,Yes,No,16,Summit,Quarterly,Yes
CUST-1417,Female,59,Clothing,Jeans,247.86,Seattle,XL,Red,Fall,4.7,Yes,Express,Debit Card,Yes,No,18,Horizon,Monthly,No
CUST-1418,Female,58,Electronics,Phone,334.98,Houston,One Size,Black,Fall,5.0,No,Pickup,PayPal,No,No,8,Northwind,Weekly,Yes
CUST-1419,Male,28,Electronics,Headphones,244.1,Seattle,S,White,Winter,4.17,No,Standard,PayPal,Yes,No,1,Luma,Bi-Weekly,No
CUST-1420,Male,21,Sports,Dumbbells,205.22,Austin,L,Black,Summer,4.35,No,Express,Bank Transfer,No,No,19,Luma,Annually,No
CUST-1421,Male,40,Sports,Running Shoes,179.31,Austin,S,Blue,Summer,2.56,No,Express,Debit Card,Yes,Yes,11,Northwind,Quarterly,No
CUST-1422,Female,33,Sports,Dumbbells,182.87,Los Angeles,M,Gold,Summer,3.25,No,Pickup,Bank Transfer,Yes,Yes,13,Aster,Monthly,No
CUST-1423,Female,29,Clothing,Jeans,133.61,New York,XL,Gold,Winter,5.0,Yes,Standard,Cash,Yes,No,5,Horizon,Quarterly,No
CUST-1424,Male,52,Beauty,Brush Set,228.3,Miami,S,Red,Summer,3.06,Yes,Standard,Debit Card,No,No,17,Northwind,Weekly,No
CUST-1425,Female,39,Clothing,Dress,156.62,Los Angeles,M,Black,Winter,4.36,No,Standard,Debit Card,Yes,No,12,Horizon,Quarterly,No
CUST-1426,Male,24,Electronics,Headphones,268.47,New York,S,Black,Summer,4.94,No,Pickup,Bank Transfer,No,No,1,Luma,Monthly,No
CUST-1427,Female,28,Beauty,Serum,178.62,Boston,S,Red,Winter,4.58,Yes,Standard,Cash,No,No,1,Horizon,Bi-Weekly,No
CUST-1428,Male,32,Electronics,Phone,296.69,Seattle,XL,Red,Spring,3.83,No,Pickup,Bank Transfer,No,No,8,Vivid,Annually,Yes
CUST-1429,Male,61,Books,Novel,182.59,New York,L,Blue,Winter,4.11,No,Standard,Credit Card,Yes,No,19,Luma,Bi-Weekly,No
CUST-1430,Male,56,Home,Lamp,257.77,Houston,One Size,Red,Winter,5.0,Yes,Express,Credit Card,Yes,Yes,10,Horizon,Annually,No
CUST-1431,Female,27,Beauty,Brush Set,178.65,Houston,S,Blue,Fall,4.15,Yes,Standard,Bank Transfer,No,No,3,Aster,Weekly,No
CUST-1432,Male,53,Clothing,Jacket,299.32,Chicago,XL,Red,Summer,5.0,Yes,Pickup,PayPal,No,No,15,Summit,Monthly,Yes
CUST-1433,Female,67,Clothing,Sweater,178.9,Miami,M,Gold,Spring,3.68,No,Standard,Credit Card,No,No,1,Aster,Quarterly,No
CUST-1434,Male,32,Sports,Fitness Tracker,253.75,Miami,XL,Blue,Fall,3.65,No,Standard,Cash,No,No,20,Luma,Annually,No
CUST-1435,Female,64,Clothing,Sweater,188.5,New York,S,White,Fall,5.0,No,Next Day,Credit Card,No,No,8,Vivid,Quarterly,No
CUST-1436,Female,48,Books,Self-help,275.81,New York,L,Purple,Winter,5.0,Yes,Standard,Bank Transfer,No,No,21,Luma,Bi-Weekly,Yes
CUST-1437,Male,21,Electronics,Tablet,292.47,Boston,One Size,Gold,Fall,4.17,No,Pickup,Credit Card,Yes,Yes,15,Northwind,Weekly,Yes
CUST-1438,Male,41,Home,Lamp,327.52,Seattle,M,Green,Winter,4.46,Yes,Express,Debit Card,No,No,22,Horizon,Monthly,Yes
CUST-1439,Male,44,Clothing,T-Shirt,188.09,Boston,M,Gold,Summer,4.23,No,Express,PayPal,Yes,Yes,12,Aster,Annually,No
CUST-1440,Female,20,Sports,Cycling Bottle,157.73,Miami,M,Blue,Summer,4.14,No,Express,Debit Card,Yes,Yes,9,Summit,Annually,No
CUST-1441,Female,35,Home,Storage Bin,222.79,Austin,XL,Green,Spring,4.25,No,Express,Debit Card,No,No,11,Northwind,Annually,No
CUST-1442,Male,47,Sports,Dumbbells,208.19,Los Angeles,One Size,Gold,Summer,4.51,No,Next Day,Debit Card,Yes,No,15,Summit,Quarterly,No
CUST-1443,Male,46,Clothing,Dress,163.32,Houston,S,White,Fall,3.87,No,Standard,Debit Card,Yes,No,9,Northwind,Quarterly,No
CUST-1444,Female,58,Clothing,Jacket,167.35,Seattle,L,White,Summer,4.98,No,Express,Bank Transfer,Yes,Yes,3,Summit,Annually,No
CUST-1445,Female,51,Beauty,Serum,223.85,New York,M,White,Winter,3.79,Yes,Pickup,Bank Transfer,Yes,Yes,11,Vivid,Weekly,No
CUST-1446,Male,50,Electronics,Smartwatch,299.21,Houston,One Size,Red,Summer,4.38,No,Next Day,PayPal,No,No,11,Luma,Annually,Yes
CUST-1447,Male,32,Beauty,Makeup Kit,189.58,New York,XL,White,Spring,3.88,Yes,Standard,Bank Transfer,No,No,7,Summit,Monthly,No
CUST-1448,Female,46,Clothing,Sweater,192.42,Chicago,XL,Blue,Spring,3.65,Yes,Next Day,Cash,No,No,5,Aster,Weekly,No
CUST-1449,Male,42,Electronics,Phone,206.76,Miami,S,Green,Spring,3.83,No,Pickup,Debit Card,Yes,No,5,Vivid,Quarterly,No
CUST-1450,Female,61,Electronics,Tablet,304.67,Los Angeles,S,Red,Fall,4.92,No,Pickup,Credit Card,Yes,No,12,Summit,Quarterly,Yes
CUST-1451,Male,62,Beauty,Brush Set,183.68,Los Angeles,L,Black,Spring,2.39,No,Express,Bank Transfer,Yes,Yes,11,Northwind,Annually,No
CUST-1452,Male,64,Beauty,Serum,209.76,Miami,S,Black,Fall,4.68,No,Standard,PayPal,Yes,No,9,Aster,Weekly,No
CUST-1453,Male,53,Clothing,Jeans,222.33,Austin,S,Red,Fall,4.02,No,Standard,PayPal,No,No,15,Horizon,Weekly,No
CUST-1454,Female,46,Electronics,Laptop,276.98,Boston,S,Gold,Fall,3.9,No,Standard,Debit Card,Yes,No,5,Horizon,Annually,Yes
CUST-1455,Male,22,Books,Self-help,166.58,New York,One Size,White,Winter,5.0,No,Pickup,Bank Transfer,Yes,Yes,11,Luma,Quarterly,No
CUST-1456,Female,28,Sports,Dumbbells,189.33,Austin,M,Red,Spring,3.73,Yes,Next Day,Bank Transfer,Yes,No,5,Aster,Monthly,No
CUST-1457,Male,58,Sports,Cycling Bottle,177.69,Los Angeles,M,Red,Fall,5.0,No,Express,PayPal,Yes,Yes,6,Aster,Monthly,No
CUST-1458,Male,28,Clothing,T-Shirt,153.34,Chicago,One Size,Red,Summer,4.41,No,Express,PayPal,Yes,No,15,Luma,Bi-Weekly,No
CUST-1459,Female,44,Beauty,Brush Set,247.0,Los Angeles,L,White,Winter,4.71,No,Express,Bank Transfer,No,No,16,Vivid,Monthly,No
CUST-1460,Male,32,Clothing,T-Shirt,179.28,Austin,One Size,Red,Winter,5.0,No,Standard,PayPal,No,No,9,Vivid,Monthly,No
CUST-1461,Male,66,Clothing,Sweater,168.68,New York,One Size,Gold,Summer,3.5,No,Standard,Credit Card,No,No,11,Summit,Annually,No
CUST-1462,Female,43,Beauty,Serum,220.47,Boston,One Size,Red,Spring,4.12,Yes,Pickup,PayPal,No,No,9,Luma,Quarterly,No
CUST-1463,Female,23,Clothing,Jeans,186.54,Los Angeles,One Size,Green,Winter,4.57,No,Express,PayPal,Yes,No,1,Summit,Bi-Weekly,No
CUST-1464,Male,68,Home,Chair,266.27,Los Angeles,S,Purple,Fall,4.54,No,Pickup,Credit Card,No,No,11,Vivid,Quarterly,No
CUST-1465,Male,35,Electronics,Headphones,301.09,Miami,One Size,White,Summer,2.93,Yes,Pickup,Debit Card,Yes,No,12,Luma,Weekly,Yes
CUST-1466,Female,19,Electronics,Headphones,283.4,Los Angeles,L,Blue,Spring,4.54,No,Pickup,Debit Card,Yes,No,7,Summit,Monthly,Yes
CUST-1467,Male,65,Home,Storage Bin,339.51,Los Angeles,M,White,Spring,3.64,Yes,Standard,PayPal,No,No,20,Northwind,Quarterly,Yes
CUST-1468,Male,44,Clothing,Jacket,147.77,Houston,S,Black,Winter,3.81,Yes,Next Day,Bank Transfer,Yes,No,8,Vivid,Monthly,No
CUST-1469,Female,68,Home,Lamp,260.04,Seattle,One Size,Green,Summer,4.66,No,Standard,Debit Card,No,No,3,Northwind,Weekly,No
CUST-1470,Female,29,Sports,Running Shoes,254.18,Miami,XL,Red,Fall,4.59,No,Standard,Bank Transfer,Yes,No,15,Summit,Bi-Weekly,No
CUST-1471,Female,48,Home,Desk,251.94,Miami,One Size,White,Spring,3.89,No,Next Day,Credit Card,Yes,Yes,15,Summit,Bi-Weekly,No
CUST-1472,Female,46,Clothing,Jacket,184.82,Miami,L,Red,Fall,4.4,Yes,Standard,Cash,No,No,10,Luma,Quarterly,No
CUST-1473,Male,26,Clothing,Sweater,161.17,Austin,L,Purple,Summer,4.41,No,Standard,Cash,Yes,No,17,Summit,Weekly,No
CUST-1474,Female,57,Sports,Cycling Bottle,241.91,Houston,S,Black,Spring,5.0,No,Pickup,PayPal,Yes,No,15,Aster,Quarterly,No
CUST-1475,Male,56,Beauty,Brush Set,226.53,Los Angeles,S,Green,Spring,3.93,Yes,Pickup,Cash,Yes,No,13,Horizon,Monthly,No
CUST-1476,Male,35,Home,Desk,193.44,Houston,L,Green,Fall,3.89,Yes,Next Day,Bank Transfer,Yes,Yes,4,Aster,Bi-Weekly,No
CUST-1477,Male,70,Sports,Fitness Tracker,269.76,Los Angeles,L,Purple,Summer,4.2,No,Pickup,Debit Card,Yes,No,16,Summit,Weekly,No
CUST-1478,Female,51,Sports,Yoga Mat,243.49,Boston,XL,White,Spring,4.06,No,Standard,Bank Transfer,Yes,Yes,11,Aster,Monthly,No
CUST-1479,Female,21,Home,Storage Bin,262.33,Los Angeles,One Size,Gold,Summer,4.1,Yes,Pickup,Debit Card,No,No,19,Summit,Bi-Weekly,No
CUST-1480,Female,39,Clothing,Dress,229.96,Miami,M,Black,Summer,4.21,Yes,Next Day,Cash,Yes,Yes,19,Aster,Weekly,No
CUST-1481,Male,35,Home,Storage Bin,208.58,New York,M,Purple,Winter,4.96,No,Pickup,Cash,Yes,No,6,Horizon,Weekly,No
CUST-1482,Female,30,Beauty,Perfume,201.18,Seattle,M,Gold,Summer,4.54,No,Pickup,Debit Card,No,No,11,Northwind,Monthly,No
CUST-1483,Female,43,Beauty,Perfume,218.94,Houston,M,Red,Winter,5.0,No,Pickup,Cash,No,No,17,Luma,Quarterly,No
CUST-1484,Female,70,Sports,Cycling Bottle,294.67,Boston,XL,Blue,Summer,4.27,Yes,Next Day,Credit Card,No,No,17,Luma,Bi-Weekly,Yes
CUST-1485,Male,20,Clothing,Jeans,145.04,Los Angeles,XL,Purple,Fall,5.0,No,Express,Debit Card,Yes,No,9,Summit,Quarterly,No
CUST-1486,Female,37,Electronics,Laptop,265.95,New York,XL,Black,Spring,3.85,No,Standard,Cash,Yes,No,11,Luma,Monthly,No
CUST-1487,Female,40,Sports,Cycling Bottle,250.08,Seattle,One Size,Red,Spring,4.7,No,Pickup,Debit Card,No,No,14,Vivid,Quarterly,No
CUST-1488,Male,48,Books,History Book,202.73,Los Angeles,One Size,Gold,Summer,2.7,Yes,Express,PayPal,No,No,14,Vivid,Monthly,No
CUST-1489,Female,56,Electronics,Smartwatch,319.67,Seattle,One Size,Red,Spring,4.98,Yes,Next Day,Bank Transfer,No,No,13,Vivid,Annually,Yes
CUST-1490,Male,32,Clothing,T-Shirt,200.74,Los Angeles,M,Black,Winter,4.17,No,Pickup,PayPal,No,No,20,Luma,Annually,No
CUST-1491,Female,28,Clothing,Dress,194.14,Austin,L,Purple,Winter,4.33,Yes,Next Day,Bank Transfer,No,No,6,Horizon,Monthly,No
CUST-1492,Male,42,Home,Storage Bin,354.36,Los Angeles,One Size,Gold,Winter,4.62,No,Pickup,Bank Transfer,No,No,24,Summit,Weekly,Yes
CUST-1493,Male,35,Electronics,Smartwatch,312.07,Austin,XL,White,Fall,3.23,Yes,Express,Bank Transfer,Yes,No,13,Aster,Weekly,Yes
CUST-1494,Male,47,Beauty,Makeup Kit,128.74,Los Angeles,M,Blue,Fall,5.0,No,Express,Debit Card,Yes,No,3,Vivid,Annually,No
CUST-1495,Male,40,Clothing,Dress,277.31,Los Angeles,S,Red,Summer,2.95,Yes,Express,Debit Card,No,No,18,Summit,Weekly,Yes
CUST-1496,Female,45,Home,Desk,268.32,Chicago,M,White,Winter,4.78,No,Express,Bank Transfer,Yes,No,14,Aster,Bi-Weekly,No
CUST-1497,Non-binary,37,Home,Chair,283.55,Miami,M,Blue,Fall,4.56,No,Pickup,Credit Card,Yes,No,14,Summit,Bi-Weekly,Yes
CUST-1498,Female,61,Beauty,Brush Set,220.9,Los Angeles,XL,Black,Fall,5.0,No,Pickup,Debit Card,No,No,8,Horizon,Annually,No
CUST-1499,Female,57,Books,Self-help,221.35,Boston,XL,Blue,Summer,3.8,Yes,Pickup,PayPal,No,No,12,Summit,Weekly,No
CUST-1500,Female,57,Books,Novel,233.04,Miami,L,Black,Spring,3.93,No,Pickup,Credit Card,No,No,21,Luma,Bi-Weekly,No
CUST-1501,Female,18,Clothing,Sweater,214.18,Seattle,M,Black,Fall,3.47,No,Pickup,Debit Card,No,No,23,Aster,Weekly,No
CUST-1502,Male,39,Clothing,Jacket,158.69,New York,One Size,Purple,Winter,4.63,No,Next Day,Credit Card,Yes,Yes,8,Summit,Weekly,No
CUST-1503,Male,70,Clothing,Sweater,228.73,New York,S,Red,Winter,4.91,Yes,Standard,Cash,No,No,4,Luma,Bi-Weekly,No
CUST-1504,Male,26,Beauty,Brush Set,189.37,Houston,XL,Black,Fall,2.72,No,Standard,Bank Transfer,Yes,No,20,Luma,Weekly,No
CUST-1505,Female,26,Sports,Dumbbells,196.07,Miami,XL,Green,Fall,4.88,No,Next Day,Cash,Yes,No,22,Aster,Annually,No
CUST-1506,Male,20,Sports,Yoga Mat,175.67,Boston,S,Red,Fall,3.78,Yes,Next Day,Bank Transfer,Yes,No,7,Summit,Bi-Weekly,No
CUST-1507,Female,48,Electronics,Headphones,286.74,Los Angeles,XL,Red,Fall,5.0,No,Next Day,Cash,Yes,Yes,7,Horizon,Quarterly,Yes
CUST-1508,Female,38,Clothing,Jeans,168.48,Austin,S,White,Summer,5.0,Yes,Express,Debit Card,Yes,Yes,7,Summit,Weekly,No
CUST-1509,Female,40,Electronics,Laptop,338.59,Houston,XL,White,Summer,2.39,No,Pickup,Debit Card,Yes,No,21,Luma,Weekly,Yes
CUST-1510,Non-binary,36,Books,Cookbook,185.02,Chicago,L,Blue,Spring,3.65,Yes,Pickup,Bank Transfer,Yes,No,18,Vivid,Monthly,No
CUST-1511,Male,23,Electronics,Tablet,306.93,Houston,M,Gold,Summer,4.95,Yes,Next Day,Credit Card,Yes,No,17,Aster,Monthly,Yes
CUST-1512,Male,19,Sports,Cycling Bottle,218.64,Seattle,M,Purple,Fall,4.5,Yes,Next Day,PayPal,Yes,Yes,16,Vivid,Bi-Weekly,No
CUST-1513,Male,70,Books,Self-help,223.19,Miami,M,Green,Summer,5.0,Yes,Next Day,Credit Card,No,No,10,Horizon,Weekly,No
CUST-1514,Female,58,Beauty,Skincare Set,216.95,Chicago,XL,Green,Summer,3.8,Yes,Standard,Cash,Yes,Yes,8,Northwind,Monthly,No
CUST-1515,Male,40,Electronics,Phone,302.58,Houston,S,White,Spring,4.08,No,Next Day,PayPal,Yes,No,11,Vivid,Bi-Weekly,Yes
CUST-1516,Male,38,Electronics,Phone,229.26,Boston,M,White,Summer,3.62,No,Pickup,Bank Transfer,Yes,No,1,Summit,Monthly,No
CUST-1517,Male,52,Electronics,Phone,335.93,New York,XL,Blue,Fall,3.15,Yes,Pickup,Cash,Yes,Yes,13,Summit,Weekly,Yes
CUST-1518,Female,23,Electronics,Smartwatch,296.66,Houston,M,Red,Winter,3.77,No,Next Day,PayPal,No,No,11,Aster,Weekly,Yes
CUST-1519,Female,63,Electronics,Laptop,343.66,Austin,L,Gold,Spring,4.41,No,Pickup,Cash,No,No,15,Luma,Monthly,Yes
CUST-1520,Male,18,Beauty,Serum,255.39,Houston,S,Black,Spring,3.98,Yes,Express,Bank Transfer,Yes,No,17,Northwind,Weekly,No
CUST-1521,Female,39,Beauty,Makeup Kit,194.56,New York,L,Blue,Fall,3.86,No,Pickup,Bank Transfer,No,No,7,Northwind,Weekly,No
CUST-1522,Non-binary,29,Clothing,Sweater,203.85,New York,XL,Red,Fall,4.72,Yes,Standard,Bank Transfer,Yes,Yes,12,Northwind,Bi-Weekly,No
CUST-1523,Female,39,Books,Self-help,137.79,Houston,One Size,Gold,Fall,4.32,Yes,Pickup,PayPal,Yes,No,2,Northwind,Monthly,No
CUST-1524,Female,34,Electronics,Laptop,352.37,New York,L,Purple,Summer,4.37,No,Express,PayPal,No,No,19,Northwind,Quarterly,Yes
CUST-1525,Female,58,Beauty,Brush Set,306.53,Los Angeles,S,Red,Fall,5.0,Yes,Express,PayPal,No,No,24,Summit,Weekly,Yes
CUST-1526,Female,65,Clothing,Sweater,189.63,Chicago,L,Gold,Summer,5.0,No,Next Day,Credit Card,No,No,8,Vivid,Quarterly,No
CUST-1527,Male,32,Sports,Running Shoes,204.97,Boston,XL,Black,Spring,4.12,No,Next Day,Credit Card,No,No,7,Northwind,Quarterly,No
CUST-1528,Female,69,Books,History Book,295.51,Los Angeles,L,Blue,Winter,4.54,No,Standard,Cash,No,No,24,Summit,Bi-Weekly,Yes
CUST-1529,Male,25,Home,Storage Bin,230.79,New York,L,Blue,Spring,4.76,Yes,Next Day,Credit Card,Yes,No,1,Luma,Weekly,No
CUST-1530,Male,22,Electronics,Smartwatch,305.33,Houston,XL,Green,Spring,4.66,No,Standard,Debit Card,No,No,17,Aster,Annually,Yes
CUST-1531,Female,61,Electronics,Phone,332.39,Los Angeles,XL,White,Fall,5.0,Yes,Standard,PayPal,No,No,1,Luma,Quarterly,Yes
CUST-1532,Male,51,Sports,Running Shoes,300.15,Miami,XL,Purple,Winter,4.23,Yes,Standard,Debit Card,No,No,15,Luma,Bi-Weekly,Yes
CUST-1533,Female,53,Beauty,Makeup Kit,300.89,Miami,L,Purple,Fall,4.65,No,Next Day,Cash,No,No,23,Aster,Monthly,Yes
CUST-1534,Female,36,Clothing,Sweater,146.66,Austin,M,Blue,Summer,4.3,Yes,Next Day,Debit Card,Yes,Yes,2,Horizon,Bi-Weekly,No
CUST-1535,Male,61,Clothing,Jeans,264.38,New York,S,White,Summer,4.02,Yes,Express,Cash,No,No,12,Northwind,Annually,No
CUST-1536,Male,53,Sports,Running Shoes,231.93,Boston,S,Gold,Fall,4.08,No,Express,Bank Transfer,Yes,Yes,17,Northwind,Monthly,No
CUST-1537,Female,35,Sports,Running Shoes,143.12,Los Angeles,S,Red,Winter,4.02,Yes,Next Day,Cash,Yes,Yes,3,Northwind,Annually,No
CUST-1538,Male,30,Beauty,Perfume,226.67,Boston,S,Black,Spring,4.86,No,Next Day,Bank Transfer,No,No,20,Summit,Annually,No
CUST-1539,Female,56,Electronics,Phone,258.69,New York,XL,Blue,Summer,4.61,Yes,Pickup,Bank Transfer,Yes,No,1,Northwind,Quarterly,No
CUST-1540,Female,60,Beauty,Skincare Set,203.72,Houston,M,Black,Spring,3.86,No,Standard,Debit Card,Yes,Yes,14,Aster,Quarterly,No
CUST-1541,Female,64,Home,Chair,271.44,New York,L,Gold,Winter,4.33,No,Express,Credit Card,No,No,10,Luma,Weekly,No
CUST-1542,Female,51,Beauty,Brush Set,210.4,Austin,One Size,Green,Winter,3.58,No,Next Day,Credit Card,Yes,No,22,Aster,Quarterly,No
CUST-1543,Male,70,Beauty,Serum,256.51,Boston,L,Red,Summer,3.92,No,Express,Cash,No,No,16,Horizon,Bi-Weekly,No
CUST-1544,Female,48,Electronics,Headphones,392.39,New York,XL,Red,Spring,5.0,Yes,Express,PayPal,No,No,22,Horizon,Monthly,Yes
CUST-1545,Female,62,Books,History Book,243.2,Miami,L,Red,Spring,4.65,Yes,Standard,Debit Card,No,No,9,Summit,Quarterly,No
CUST-1546,Female,63,Beauty,Brush Set,180.54,Los Angeles,L,Red,Spring,4.5,No,Standard,Cash,No,No,3,Summit,Annually,No
CUST-1547,Female,41,Electronics,Laptop,412.36,Miami,S,Green,Winter,3.79,Yes,Express,Cash,No,No,21,Horizon,Weekly,Yes
CUST-1548,Male,40,Electronics,Smartwatch,305.07,Chicago,S,Purple,Summer,4.87,Yes,Pickup,Bank Transfer,No,No,3,Horizon,Bi-Weekly,Yes
CUST-1549,Female,30,Clothing,Jeans,161.39,Miami,XL,Black,Summer,5.0,No,Next Day,Credit Card,Yes,No,2,Luma,Weekly,No
CUST-1550,Male,64,Home,Desk,201.09,Seattle,M,Blue,Winter,2.89,Yes,Express,Credit Card,Yes,Yes,1,Vivid,Annually,No
CUST-1551,Male,63,Beauty,Serum,244.75,Seattle,S,Black,Winter,5.0,No,Express,Credit Card,No,No,18,Vivid,Bi-Weekly,No
CUST-1552,Male,33,Electronics,Laptop,275.06,Austin,One Size,Blue,Spring,4.37,Yes,Standard,Debit Card,Yes,No,4,Aster,Monthly,Yes
CUST-1553,Female,59,Sports,Fitness Tracker,305.53,Boston,XL,White,Winter,3.7,Yes,Next Day,Cash,No,No,21,Summit,Weekly,Yes
CUST-1554,Male,51,Beauty,Perfume,187.41,Houston,S,Red,Winter,3.48,No,Pickup,Credit Card,Yes,No,15,Luma,Monthly,No
CUST-1555,Female,48,Clothing,Sweater,114.13,Seattle,XL,Black,Spring,4.66,No,Standard,Debit Card,Yes,Yes,1,Summit,Annually,No
CUST-1556,Male,40,Sports,Yoga Mat,219.18,Austin,M,Gold,Spring,4.98,Yes,Pickup,Credit Card,No,No,12,Summit,Quarterly,No
CUST-1557,Female,52,Electronics,Headphones,333.22,Seattle,One Size,White,Fall,4.23,Yes,Pickup,Debit Card,No,No,7,Summit,Bi-Weekly,Yes
CUST-1558,Male,25,Clothing,Sweater,178.22,Miami,L,Black,Fall,4.79,No,Express,Cash,Yes,No,2,Northwind,Weekly,No
CUST-1559,Female,30,Electronics,Laptop,287.38,Austin,XL,Red,Fall,4.76,Yes,Next Day,Debit Card,No,No,13,Aster,Bi-Weekly,Yes
CUST-1560,Female,60,Electronics,Laptop,291.83,Boston,XL,Gold,Winter,3.99,No,Express,Bank Transfer,Yes,Yes,17,Luma,Annually,Yes
CUST-1561,Male,57,Clothing,T-Shirt,214.39,Los Angeles,L,Black,Spring,4.07,Yes,Pickup,Cash,No,No,3,Summit,Bi-Weekly,No
CUST-1562,Male,37,Home,Lamp,194.82,Austin,XL,Black,Summer,4.62,Yes,Next Day,Bank Transfer,Yes,No,5,Aster,Quarterly,No
CUST-1563,Female,29,Home,Storage Bin,189.64,Houston,XL,Black,Winter,2.43,No,Standard,Bank Transfer,No,No,4,Northwind,Bi-Weekly,No
CUST-1564,Male,38,Home,Chair,300.63,Miami,One Size,Purple,Winter,4.35,Yes,Standard,Cash,No,No,13,Northwind,Bi-Weekly,Yes
CUST-1565,Female,56,Sports,Yoga Mat,163.73,New York,L,White,Spring,4.4,No,Express,PayPal,Yes,No,2,Aster,Quarterly,No
CUST-1566,Female,28,Home,Storage Bin,206.65,Seattle,S,White,Winter,3.92,Yes,Express,PayPal,Yes,Yes,3,Aster,Weekly,No
CUST-1567,Female,60,Electronics,Phone,247.49,Miami,L,Red,Spring,3.52,Yes,Pickup,Debit Card,Yes,Yes,1,Aster,Annually,No
CUST-1568,Female,45,Beauty,Skincare Set,206.51,Houston,One Size,Blue,Winter,4.82,No,Next Day,Bank Transfer,No,No,11,Aster,Weekly,No
CUST-1569,Male,52,Home,Storage Bin,304.78,Seattle,XL,Red,Winter,4.62,No,Standard,PayPal,No,No,22,Aster,Monthly,Yes
CUST-1570,Male,49,Home,Desk,287.4,Seattle,XL,Blue,Spring,3.71,Yes,Standard,Credit Card,Yes,No,21,Vivid,Monthly,Yes
CUST-1571,Male,65,Clothing,T-Shirt,176.16,Seattle,One Size,Blue,Fall,4.42,No,Next Day,Bank Transfer,No,No,1,Luma,Quarterly,No
CUST-1572,Female,31,Sports,Fitness Tracker,167.9,Seattle,M,Blue,Fall,3.7,No,Express,Cash,No,No,7,Aster,Bi-Weekly,No
CUST-1573,Male,63,Clothing,Jacket,187.42,Houston,XL,Black,Fall,5.0,Yes,Next Day,Bank Transfer,Yes,Yes,3,Northwind,Annually,No
CUST-1574,Male,35,Books,Cookbook,140.8,Miami,L,Green,Summer,3.68,No,Pickup,PayPal,Yes,No,22,Summit,Annually,No
CUST-1575,Male,59,Home,Lamp,229.67,Miami,XL,Purple,Spring,5.0,Yes,Next Day,Cash,Yes,Yes,5,Summit,Weekly,No
CUST-1576,Female,63,Electronics,Smartwatch,355.27,Miami,One Size,Purple,Fall,3.68,Yes,Express,PayPal,Yes,No,18,Vivid,Monthly,Yes
CUST-1577,Male,59,Electronics,Laptop,330.6,Miami,XL,Black,Fall,3.32,Yes,Standard,Cash,No,No,21,Vivid,Bi-Weekly,Yes
CUST-1578,Male,29,Beauty,Makeup Kit,190.46,Miami,L,Black,Summer,3.66,No,Pickup,Credit Card,No,No,8,Luma,Bi-Weekly,No
CUST-1579,Male,32,Clothing,Sweater,208.99,New York,One Size,Blue,Spring,3.49,Yes,Express,Cash,No,No,19,Horizon,Annually,No
CUST-1580,Male,58,Sports,Running Shoes,272.72,Houston,L,Purple,Fall,4.35,No,Standard,Credit Card,No,No,17,Aster,Quarterly,No
CUST-1581,Female,37,Sports,Fitness Tracker,252.67,Austin,M,Black,Spring,5.0,Yes,Pickup,Credit Card,Yes,No,18,Vivid,Annually,No
CUST-1582,Male,66,Home,Chair,306.86,Seattle,M,Purple,Winter,4.53,Yes,Pickup,Debit Card,Yes,No,17,Aster,Monthly,Yes
CUST-1583,Female,35,Electronics,Tablet,337.47,Boston,M,Gold,Winter,3.22,Yes,Next Day,Credit Card,Yes,No,20,Summit,Quarterly,Yes
CUST-1584,Female,50,Sports,Dumbbells,265.83,Boston,M,Gold,Winter,3.84,No,Next Day,Cash,No,No,14,Luma,Monthly,No
CUST-1585,Male,45,Clothing,Sweater,195.53,Austin,XL,White,Fall,4.22,Yes,Next Day,Cash,Yes,No,14,Northwind,Quarterly,No
CUST-1586,Female,39,Electronics,Headphones,241.44,Austin,XL,Purple,Spring,3.85,No,Express,Debit Card,Yes,No,12,Horizon,Annually,No
CUST-1587,Male,34,Clothing,Jeans,161.85,Austin,M,Black,Fall,3.48,Yes,Next Day,PayPal,Yes,No,12,Horizon,Quarterly,No
CUST-1588,Female,23,Sports,Fitness Tracker,211.77,Austin,S,Black,Fall,5.0,Yes,Pickup,Cash,No,No,10,Vivid,Annually,No
CUST-1589,Female,49,Clothing,Dress,131.7,Seattle,S,Black,Fall,4.98,No,Standard,Credit Card,Yes,Yes,1,Northwind,Quarterly,No
CUST-1590,Male,39,Home,Cookware,256.22,Austin,L,White,Fall,5.0,No,Pickup,PayPal,Yes,No,16,Vivid,Annually,No
CUST-1591,Male,34,Clothing,Jacket,214.24,Boston,S,Blue,Fall,4.06,Yes,Standard,PayPal,Yes,No,20,Aster,Bi-Weekly,No
CUST-1592,Male,47,Sports,Yoga Mat,194.81,Chicago,S,White,Winter,4.35,No,Express,Bank Transfer,Yes,No,12,Northwind,Weekly,No
CUST-1593,Male,31,Electronics,Phone,366.54,Boston,M,Black,Fall,4.77,Yes,Pickup,Debit Card,No,No,15,Luma,Annually,Yes
CUST-1594,Male,67,Clothing,Jacket,285.04,Los Angeles,M,Green,Summer,4.22,Yes,Next Day,Cash,No,No,20,Aster,Monthly,Yes
CUST-1595,Male,59,Beauty,Makeup Kit,169.3,Boston,M,Green,Spring,4.2,No,Next Day,PayPal,Yes,Yes,5,Luma,Weekly,No
CUST-1596,Non-binary,67,Beauty,Brush Set,219.02,Boston,S,Purple,Summer,4.0,No,Next Day,PayPal,No,No,4,Aster,Annually,No
CUST-1597,Female,38,Electronics,Tablet,329.99,Miami,One Size,Green,Fall,4.96,No,Pickup,PayPal,Yes,Yes,13,Summit,Bi-Weekly,Yes
CUST-1598,Male,30,Books,Novel,143.48,New York,M,White,Fall,5.0,No,Standard,Credit Card,No,No,14,Aster,Quarterly,No
CUST-1599,Female,29,Electronics,Phone,336.0,Miami,One Size,Purple,Winter,3.73,No,Next Day,Debit Card,No,No,11,Summit,Monthly,Yes
CUST-1600,Male,41,Books,Self-help,149.14,Boston,M,Purple,Fall,4.17,No,Standard,Credit Card,No,No,11,Luma,Annually,No
CUST-1601,Male,55,Electronics,Headphones,286.34,Chicago,M,Red,Spring,4.45,No,Express,Credit Card,Yes,No,1,Summit,Weekly,Yes
CUST-1602,Female,22,Books,Cookbook,168.33,Houston,One Size,Red,Spring,4.26,No,Pickup,PayPal,Yes,No,20,Vivid,Annually,No
CUST-1603,Female,39,Home,Chair,295.19,Austin,M,Purple,Summer,4.58,No,Pickup,Debit Card,No,No,20,Luma,Weekly,Yes
CUST-1604,Female,44,Beauty,Skincare Set,129.19,Miami,XL,Gold,Summer,4.49,No,Next Day,Debit Card,Yes,No,15,Horizon,Quarterly,No
CUST-1605,Male,26,Clothing,Jeans,201.36,Austin,S,Gold,Summer,4.23,No,Standard,PayPal,Yes,No,24,Northwind,Bi-Weekly,No
CUST-1606,Male,69,Beauty,Brush Set,293.91,Los Angeles,XL,Red,Summer,4.81,Yes,Next Day,Bank Transfer,No,No,23,Aster,Weekly,Yes
CUST-1607,Male,23,Clothing,Jacket,166.47,Boston,One Size,Blue,Spring,4.48,No,Next Day,Credit Card,Yes,Yes,11,Horizon,Quarterly,No
CUST-1608,Female,41,Beauty,Serum,183.22,Seattle,S,White,Winter,3.21,No,Pickup,PayPal,No,No,2,Vivid,Bi-Weekly,No
CUST-1609,Female,25,Clothing,Dress,229.56,Miami,One Size,Purple,Summer,5.0,No,Express,Bank Transfer,Yes,No,20,Luma,Bi-Weekly,No
CUST-1610,Female,21,Books,Novel,185.04,New York,XL,Green,Fall,5.0,No,Standard,Bank Transfer,No,No,13,Luma,Bi-Weekly,No
CUST-1611,Male,22,Electronics,Laptop,325.01,Chicago,One Size,Purple,Spring,4.91,Yes,Standard,Bank Transfer,Yes,No,17,Luma,Annually,Yes
CUST-1612,Female,28,Sports,Dumbbells,217.64,Houston,S,White,Fall,3.47,No,Standard,Cash,Yes,No,17,Northwind,Monthly,No
CUST-1613,Female,65,Electronics,Smartwatch,331.8,Los Angeles,S,Blue,Fall,4.58,Yes,Next Day,PayPal,No,No,14,Vivid,Annually,Yes
CUST-1614,Female,65,Home,Lamp,207.64,New York,One Size,Purple,Spring,3.45,No,Next Day,Credit Card,Yes,No,5,Horizon,Weekly,No
CUST-1615,Male,46,Sports,Yoga Mat,281.74,Seattle,S,White,Summer,3.72,Yes,Next Day,Debit Card,No,No,12,Northwind,Monthly,Yes
CUST-1616,Female,64,Sports,Dumbbells,269.27,Seattle,One Size,Gold,Spring,4.09,No,Express,Credit Card,Yes,Yes,16,Aster,Bi-Weekly,No
CUST-1617,Male,50,Home,Chair,215.32,Seattle,S,White,Spring,4.03,Yes,Express,PayPal,Yes,No,11,Luma,Monthly,No
CUST-1618,Male,33,Electronics,Smartwatch,337.98,Seattle,M,Red,Winter,4.53,No,Express,PayPal,Yes,No,24,Summit,Monthly,Yes
CUST-1619,Male,48,Clothing,Jeans,231.68,Miami,One Size,Black,Summer,4.68,Yes,Express,Cash,Yes,No,15,Luma,Bi-Weekly,No
CUST-1620,Female,31,Sports,Dumbbells,258.1,New York,L,Black,Spring,4.02,No,Next Day,Credit Card,Yes,No,23,Luma,Quarterly,No
CUST-1621,Female,31,Sports,Yoga Mat,158.44,Seattle,XL,White,Winter,1.59,Yes,Next Day,Cash,Yes,No,11,Horizon,Quarterly,No
CUST-1622,Male,54,Clothing,T-Shirt,227.29,Miami,One Size,White,Fall,3.44,No,Standard,PayPal,No,No,13,Vivid,Weekly,No
CUST-1623,Male,38,Sports,Yoga Mat,234.88,Austin,L,Gold,Summer,3.41,Yes,Express,Cash,No,No,14,Northwind,Quarterly,No
CUST-1624,Male,20,Books,Science Book,189.46,Los Angeles,One Size,Purple,Fall,4.44,No,Express,Credit Card,No,No,15,Horizon,Weekly,No
CUST-1625,Male,43,Electronics,Headphones,282.08,Austin,S,Black,Summer,3.86,No,Standard,Bank Transfer,Yes,No,7,Vivid,Weekly,Yes
CUST-1626,Male,55,Beauty,Brush Set,297.61,New York,L,Black,Fall,5.0,Yes,Pickup,Cash,No,No,17,Summit,Bi-Weekly,Yes
CUST-1627,Female,63,Electronics,Laptop,393.77,Miami,S,White,Fall,4.52,Yes,Standard,Debit Card,Yes,Yes,16,Summit,Weekly,Yes
CUST-1628,Female,69,Electronics,Headphones,280.58,Miami,L,White,Winter,3.14,No,Express,PayPal,Yes,Yes,8,Vivid,Quarterly,Yes
CUST-1629,Female,43,Home,Storage Bin,298.06,Austin,XL,Purple,Winter,5.0,Yes,Express,Debit Card,Yes,Yes,20,Summit,Quarterly,Yes
CUST-1630,Female,29,Electronics,Phone,199.4,Chicago,One Size,Purple,Summer,3.76,No,Standard,Credit Card,No,No,6,Northwind,Quarterly,No
CUST-1631,Female,31,Home,Chair,171.47,Seattle,XL,Purple,Fall,2.58,No,Pickup,Credit Card,Yes,No,10,Luma,Quarterly,No
CUST-1632,Male,35,Clothing,Jacket,162.76,Seattle,M,Green,Spring,3.73,Yes,Pickup,Credit Card,Yes,No,8,Luma,Weekly,No
CUST-1633,Male,21,Clothing,Jeans,100.73,Seattle,M,Gold,Summer,4.69,No,Next Day,Bank Transfer,Yes,Yes,2,Aster,Weekly,No
CUST-1634,Male,68,Beauty,Perfume,277.9,Los Angeles,M,Green,Winter,3.57,No,Express,Debit Card,No,No,15,Summit,Weekly,Yes
CUST-1635,Female,51,Clothing,T-Shirt,120.78,New York,L,Purple,Summer,3.04,No,Next Day,Bank Transfer,Yes,Yes,3,Summit,Monthly,No
CUST-1636,Female,33,Books,History Book,259.7,Los Angeles,XL,Black,Summer,4.88,Yes,Standard,Bank Transfer,No,No,14,Northwind,Bi-Weekly,No
CUST-1637,Female,57,Beauty,Skincare Set,194.17,Houston,M,Red,Winter,5.0,No,Pickup,Bank Transfer,Yes,No,10,Vivid,Bi-Weekly,No
CUST-1638,Female,32,Books,Self-help,266.74,Chicago,XL,Purple,Spring,5.0,No,Next Day,Cash,No,No,18,Northwind,Bi-Weekly,No
CUST-1639,Male,51,Beauty,Perfume,212.71,Boston,XL,Green,Winter,5.0,Yes,Standard,Debit Card,Yes,No,16,Luma,Monthly,No
CUST-1640,Male,64,Books,History Book,148.74,Seattle,M,Blue,Summer,5.0,No,Express,PayPal,Yes,No,6,Luma,Annually,No
CUST-1641,Male,47,Electronics,Tablet,359.14,Chicago,S,White,Summer,3.8,Yes,Standard,PayPal,Yes,No,19,Vivid,Weekly,Yes
CUST-1642,Female,25,Home,Storage Bin,169.6,Boston,L,Purple,Spring,5.0,No,Next Day,Cash,Yes,No,2,Northwind,Bi-Weekly,No
CUST-1643,Non-binary,59,Beauty,Makeup Kit,239.64,Austin,M,Gold,Winter,3.96,Yes,Standard,Credit Card,Yes,No,17,Northwind,Quarterly,No
CUST-1644,Female,29,Clothing,Sweater,181.24,Austin,XL,Black,Spring,5.0,No,Express,Bank Transfer,Yes,No,15,Horizon,Quarterly,No
CUST-1645,Non-binary,69,Home,Storage Bin,208.53,New York,S,Black,Spring,3.54,No,Pickup,Bank Transfer,Yes,No,11,Aster,Annually,No
CUST-1646,Male,38,Electronics,Phone,282.22,New York,XL,Green,Fall,3.2,Yes,Standard,Cash,No,No,9,Northwind,Monthly,Yes
CUST-1647,Female,23,Books,Science Book,166.02,Seattle,S,Blue,Spring,5.0,Yes,Pickup,Cash,No,No,1,Northwind,Quarterly,No
CUST-1648,Female,69,Beauty,Makeup Kit,312.59,New York,One Size,Green,Winter,4.31,No,Pickup,Debit Card,No,No,21,Horizon,Weekly,Yes
CUST-1649,Male,26,Beauty,Skincare Set,170.59,New York,M,Gold,Spring,4.65,No,Next Day,Cash,Yes,No,14,Vivid,Monthly,No
CUST-1650,Male,60,Home,Desk,222.62,New York,One Size,Green,Spring,3.34,No,Express,Debit Card,Yes,Yes,20,Northwind,Quarterly,No
CUST-1651,Male,29,Electronics,Smartwatch,265.75,Houston,L,Red,Summer,3.12,No,Next Day,Credit Card,No,No,5,Aster,Monthly,No
CUST-1652,Female,64,Clothing,T-Shirt,235.22,Los Angeles,One Size,Red,Summer,5.0,No,Standard,Debit Card,No,No,15,Northwind,Bi-Weekly,No
CUST-1653,Male,32,Electronics,Smartwatch,269.36,New York,S,Gold,Fall,4.29,Yes,Standard,Bank Transfer,Yes,No,8,Summit,Quarterly,No
CUST-1654,Male,56,Clothing,T-Shirt,145.8,Chicago,S,Gold,Summer,4.68,No,Pickup,Credit Card,Yes,Yes,3,Summit,Annually,No
CUST-1655,Male,68,Beauty,Skincare Set,258.2,Los Angeles,One Size,Purple,Spring,4.53,No,Standard,Debit Card,No,No,14,Luma,Quarterly,No
CUST-1656,Male,71,Clothing,Sweater,276.87,New York,XL,Red,Fall,4.85,No,Next Day,Cash,Yes,No,17,Summit,Bi-Weekly,Yes
CUST-1657,Male,43,Books,Cookbook,247.68,Chicago,M,Red,Fall,3.98,Yes,Standard,Cash,No,No,22,Vivid,Weekly,No
CUST-1658,Female,30,Books,Science Book,175.26,Los Angeles,M,Blue,Winter,4.2,No,Express,Debit Card,Yes,Yes,18,Aster,Weekly,No
CUST-1659,Male,64,Electronics,Laptop,304.39,Chicago,S,Purple,Winter,4.74,Yes,Pickup,Cash,No,No,1,Vivid,Quarterly,Yes
CUST-1660,Male,55,Books,Science Book,179.96,Chicago,L,Blue,Winter,3.76,No,Standard,PayPal,Yes,Yes,10,Luma,Monthly,No
CUST-1661,Female,44,Beauty,Serum,228.41,Austin,XL,Gold,Winter,5.0,Yes,Next Day,Credit Card,Yes,No,14,Aster,Annually,No
CUST-1662,Female,54,Clothing,Jeans,191.32,New York,XL,Black,Winter,4.42,No,Pickup,PayPal,Yes,Yes,7,Northwind,Annually,No
CUST-1663,Male,37,Clothing,Dress,247.78,Austin,One Size,White,Summer,5.0,Yes,Pickup,Debit Card,No,No,20,Summit,Quarterly,No
CUST-1664,Male,24,Sports,Dumbbells,250.22,Chicago,M,Black,Spring,4.48,No,Express,PayPal,No,No,13,Horizon,Weekly,No
CUST-1665,Female,43,Books,Cookbook,197.53,New York,XL,Black,Summer,3.65,No,Pickup,Bank Transfer,No,No,17,Summit,Bi-Weekly,No
CUST-1666,Female,58,Sports,Cycling Bottle,292.55,Austin,M,Black,Summer,5.0,Yes,Pickup,Bank Transfer,No,No,12,Aster,Bi-Weekly,Yes
CUST-1667,Female,56,Home,Cookware,321.17,Los Angeles,XL,Green,Summer,4.07,Yes,Next Day,Debit Card,No,No,12,Northwind,Weekly,Yes
CUST-1668,Female,67,Sports,Yoga Mat,276.97,Austin,S,Red,Fall,4.14,No,Pickup,Debit Card,No,No,22,Summit,Annually,Yes
CUST-1669,Non-binary,21,Beauty,Makeup Kit,149.73,Chicago,One Size,Green,Winter,4.19,Yes,Pickup,PayPal,Yes,No,5,Luma,Quarterly,No
CUST-1670,Male,62,Electronics,Smartwatch,317.03,New York,XL,Purple,Fall,5.0,No,Standard,Cash,No,No,6,Horizon,Annually,Yes
CUST-1671,Female,20,Clothing,Jacket,133.17,Seattle,S,Purple,Fall,4.77,No,Standard,Cash,Yes,No,2,Vivid,Quarterly,No
CUST-1672,Male,40,Clothing,Dress,152.13,New York,M,Black,Fall,3.53,No,Express,Cash,No,No,5,Aster,Weekly,No
CUST-1673,Female,35,Books,Science Book,206.78,Houston,S,Blue,Winter,4.27,Yes,Express,Cash,No,No,14,Summit,Bi-Weekly,No
CUST-1674,Male,28,Electronics,Phone,350.7,Los Angeles,L,Black,Spring,4.67,Yes,Standard,Bank Transfer,No,No,13,Horizon,Quarterly,Yes
CUST-1675,Female,63,Sports,Fitness Tracker,245.28,Seattle,M,Blue,Winter,4.23,No,Express,PayPal,Yes,No,18,Aster,Monthly,No
CUST-1676,Female,34,Home,Storage Bin,217.91,Austin,L,Green,Fall,2.71,Yes,Pickup,PayPal,No,No,6,Luma,Weekly,No
CUST-1677,Male,52,Books,History Book,200.8,Houston,L,Gold,Winter,3.08,No,Next Day,Credit Card,Yes,Yes,21,Northwind,Monthly,No
CUST-1678,Female,60,Clothing,Jacket,200.47,Seattle,L,Purple,Summer,4.24,Yes,Express,Bank Transfer,Yes,No,6,Horizon,Weekly,No
CUST-1679,Female,68,Clothing,T-Shirt,312.51,Seattle,M,Gold,Winter,5.0,No,Standard,Cash,No,No,15,Luma,Weekly,Yes
CUST-1680,Male,71,Sports,Fitness Tracker,222.38,Miami,M,Blue,Winter,3.52,Yes,Pickup,Credit Card,Yes,No,3,Aster,Bi-Weekly,No
CUST-1681,Female,59,Clothing,Jeans,210.27,Miami,M,Green,Winter,4.64,Yes,Standard,Credit Card,No,No,7,Horizon,Bi-Weekly,No
CUST-1682,Male,24,Beauty,Brush Set,216.25,Chicago,XL,Gold,Spring,4.96,No,Pickup,Cash,No,No,12,Luma,Weekly,No
CUST-1683,Female,38,Books,History Book,199.02,Boston,S,Gold,Summer,5.0,No,Next Day,PayPal,No,No,9,Aster,Weekly,No
CUST-1684,Non-binary,68,Clothing,T-Shirt,189.31,Seattle,L,White,Spring,4.86,Yes,Standard,Cash,Yes,No,6,Summit,Monthly,No
CUST-1685,Male,33,Clothing,Jeans,226.82,Boston,L,Black,Winter,4.8,Yes,Next Day,Bank Transfer,No,No,2,Luma,Weekly,No
CUST-1686,Female,68,Sports,Running Shoes,300.88,Los Angeles,One Size,Purple,Spring,4.17,No,Standard,Cash,No,No,21,Summit,Bi-Weekly,Yes
CUST-1687,Male,20,Home,Storage Bin,329.76,Austin,One Size,Black,Winter,4.88,Yes,Standard,PayPal,No,No,16,Summit,Weekly,Yes
CUST-1688,Male,47,Clothing,T-Shirt,185.08,Los Angeles,S,Purple,Summer,3.45,No,Next Day,Debit Card,Yes,No,12,Horizon,Weekly,No
CUST-1689,Female,31,Sports,Cycling Bottle,251.43,New York,XL,Red,Fall,4.96,No,Express,PayPal,Yes,No,18,Summit,Bi-Weekly,No
CUST-1690,Female,30,Books,Self-help,268.31,Chicago,L,Gold,Winter,4.84,No,Pickup,Bank Transfer,No,No,23,Summit,Bi-Weekly,No
CUST-1691,Female,65,Books,Cookbook,147.51,Seattle,One Size,Red,Spring,3.06,No,Next Day,Bank Transfer,Yes,Yes,8,Vivid,Weekly,No
CUST-1692,Female,68,Beauty,Skincare Set,219.86,Los Angeles,L,White,Winter,4.16,Yes,Express,Bank Transfer,No,No,3,Vivid,Quarterly,No
CUST-1693,Female,26,Electronics,Headphones,317.08,Seattle,S,Gold,Spring,4.53,No,Express,Bank Transfer,No,No,11,Northwind,Monthly,Yes
CUST-1694,Female,69,Books,Science Book,265.77,Los Angeles,L,Red,Winter,4.2,No,Pickup,Debit Card,No,No,19,Vivid,Bi-Weekly,No
CUST-1695,Male,20,Electronics,Headphones,331.16,Boston,M,Purple,Summer,4.74,No,Next Day,Debit Card,Yes,Yes,22,Vivid,Bi-Weekly,Yes
CUST-1696,Female,20,Clothing,Sweater,208.76,Miami,L,Green,Spring,4.13,No,Next Day,PayPal,Yes,No,24,Summit,Monthly,No
CUST-1697,Male,42,Sports,Cycling Bottle,124.34,Boston,XL,Green,Summer,3.52,No,Pickup,Debit Card,Yes,No,1,Luma,Quarterly,No
CUST-1698,Female,25,Books,Cookbook,108.86,Miami,One Size,Black,Summer,3.6,No,Pickup,PayPal,Yes,Yes,9,Horizon,Quarterly,No
CUST-1699,Male,40,Clothing,T-Shirt,329.11,Boston,S,Red,Fall,3.65,Yes,Standard,Debit Card,No,No,24,Aster,Weekly,Yes
CUST-1700,Female,41,Books,Self-help,179.18,Miami,XL,Green,Summer,4.1,No,Next Day,Bank Transfer,Yes,Yes,19,Horizon,Annually,No
CUST-1701,Female,66,Home,Desk,195.9,Austin,M,Purple,Spring,4.15,No,Next Day,Cash,No,No,4,Northwind,Monthly,No
CUST-1702,Female,36,Books,Science Book,239.39,Austin,S,Red,Winter,4.69,No,Standard,Debit Card,No,No,15,Vivid,Weekly,No
CUST-1703,Female,70,Books,Science Book,218.85,Seattle,M,Green,Fall,3.7,Yes,Pickup,Credit Card,Yes,Yes,18,Summit,Bi-Weekly,No
CUST-1704,Female,23,Books,Novel,252.84,Seattle,M,Red,Winter,3.93,Yes,Express,Cash,No,No,20,Aster,Weekly,No
CUST-1705,Female,37,Beauty,Serum,250.47,Houston,L,White,Summer,3.76,No,Express,Debit Card,Yes,No,23,Summit,Quarterly,No
CUST-1706,Female,35,Sports,Fitness Tracker,270.99,Austin,One Size,Gold,Fall,5.0,Yes,Next Day,Debit Card,Yes,No,17,Luma,Weekly,No
CUST-1707,Female,41,Home,Storage Bin,306.22,Austin,M,Gold,Fall,4.98,No,Next Day,Debit Card,No,No,17,Aster,Weekly,Yes
CUST-1708,Female,69,Home,Storage Bin,292.1,Austin,One Size,White,Spring,4.44,No,Express,Debit Card,Yes,No,16,Aster,Monthly,Yes
CUST-1709,Non-binary,40,Home,Storage Bin,175.38,Austin,XL,Green,Fall,3.94,No,Next Day,Debit Card,Yes,Yes,8,Luma,Monthly,No
CUST-1710,Female,64,Sports,Running Shoes,164.47,New York,M,Blue,Winter,3.05,No,Standard,Cash,Yes,Yes,1,Aster,Bi-Weekly,No
CUST-1711,Male,66,Electronics,Tablet,391.46,Seattle,One Size,Black,Summer,4.36,No,Express,Bank Transfer,No,No,21,Summit,Bi-Weekly,Yes
CUST-1712,Male,53,Sports,Running Shoes,224.45,Chicago,M,Red,Fall,3.2,Yes,Pickup,Bank Transfer,Yes,Yes,4,Aster,Weekly,No
CUST-1713,Female,69,Books,Self-help,100.4,Seattle,S,White,Fall,2.99,No,Express,PayPal,No,No,7,Vivid,Monthly,No
CUST-1714,Female,22,Electronics,Tablet,278.99,Austin,One Size,Black,Spring,4.7,No,Standard,Bank Transfer,Yes,Yes,3,Horizon,Weekly,Yes
CUST-1715,Female,47,Sports,Fitness Tracker,180.65,Austin,L,Green,Winter,3.25,Yes,Pickup,Cash,No,No,5,Vivid,Quarterly,No
CUST-1716,Female,43,Electronics,Headphones,365.65,Chicago,S,Gold,Fall,4.19,No,Standard,Debit Card,No,No,14,Aster,Weekly,Yes
CUST-1717,Male,57,Home,Cookware,190.2,Chicago,M,White,Spring,5.0,No,Pickup,Bank Transfer,No,No,2,Northwind,Annually,No
CUST-1718,Male,52,Clothing,Jeans,232.49,Boston,One Size,Gold,Spring,3.43,Yes,Standard,Credit Card,No,No,15,Vivid,Annually,No
CUST-1719,Female,70,Clothing,Sweater,289.26,Los Angeles,XL,Black,Fall,5.0,No,Express,Bank Transfer,No,No,24,Summit,Quarterly,Yes
CUST-1720,Male,68,Clothing,Dress,194.04,Miami,XL,Black,Fall,3.34,No,Standard,Cash,No,No,14,Aster,Monthly,No
CUST-1721,Female,53,Electronics,Laptop,272.62,Chicago,XL,Green,Fall,4.0,No,Standard,Credit Card,Yes,No,11,Horizon,Monthly,No
CUST-1722,Female,54,Clothing,Jeans,256.84,Los Angeles,XL,Black,Fall,3.45,Yes,Express,Credit Card,Yes,Yes,19,Horizon,Weekly,No
CUST-1723,Male,54,Books,Novel,166.67,Seattle,M,Blue,Spring,4.56,No,Standard,Cash,Yes,No,6,Horizon,Monthly,No
CUST-1724,Female,68,Clothing,T-Shirt,264.46,Boston,L,Blue,Winter,5.0,Yes,Pickup,PayPal,No,No,9,Vivid,Bi-Weekly,No
CUST-1725,Female,71,Beauty,Brush Set,229.73,Chicago,L,Gold,Fall,5.0,No,Standard,PayPal,Yes,Yes,13,Vivid,Quarterly,No
CUST-1726,Female,58,Sports,Cycling Bottle,231.17,Los Angeles,One Size,Green,Spring,4.12,No,Standard,Credit Card,No,No,12,Aster,Bi-Weekly,No
CUST-1727,Male,52,Electronics,Phone,279.03,Seattle,L,Green,Spring,3.61,No,Express,PayPal,No,No,9,Luma,Weekly,Yes
CUST-1728,Male,47,Sports,Running Shoes,267.62,Austin,L,Purple,Fall,5.0,No,Express,Bank Transfer,Yes,Yes,16,Summit,Monthly,No
CUST-1729,Female,61,Sports,Running Shoes,178.6,Seattle,One Size,Red,Fall,3.21,No,Pickup,Debit Card,Yes,No,9,Aster,Bi-Weekly,No
CUST-1730,Male,67,Books,Cookbook,236.22,New York,XL,Red,Spring,4.7,No,Standard,Debit Card,Yes,No,13,Vivid,Weekly,No
CUST-1731,Male,22,Electronics,Tablet,336.58,Chicago,S,Red,Winter,4.68,Yes,Express,Bank Transfer,Yes,No,15,Luma,Quarterly,Yes
CUST-1732,Female,23,Books,Novel,234.38,Boston,XL,Gold,Summer,5.0,Yes,Standard,PayPal,No,No,16,Northwind,Monthly,No
CUST-1733,Female,41,Clothing,Jeans,277.59,Los Angeles,One Size,Gold,Summer,4.22,No,Pickup,Bank Transfer,No,No,23,Summit,Bi-Weekly,Yes
CUST-1734,Female,37,Sports,Cycling Bottle,216.33,Boston,M,White,Spring,5.0,No,Standard,Debit Card,No,No,14,Northwind,Annually,No
CUST-1735,Female,65,Electronics,Laptop,337.23,New York,L,White,Winter,4.32,Yes,Express,Debit Card,No,No,4,Luma,Bi-Weekly,Yes
CUST-1736,Male,55,Sports,Running Shoes,213.88,Seattle,M,Purple,Fall,4.05,No,Pickup,Cash,Yes,Yes,20,Luma,Quarterly,No
CUST-1737,Male,26,Home,Cookware,212.2,Seattle,L,Green,Summer,3.41,No,Standard,PayPal,No,No,7,Summit,Weekly,No
CUST-1738,Male,47,Home,Cookware,223.95,Los Angeles,M,Purple,Summer,3.93,Yes,Next Day,Cash,No,No,9,Vivid,Quarterly,No
CUST-1739,Male,47,Home,Storage Bin,256.71,Austin,L,Gold,Summer,4.35,No,Standard,Cash,Yes,Yes,23,Northwind,Bi-Weekly,No
CUST-1740,Female,66,Clothing,Sweater,191.77,Los Angeles,XL,Blue,Fall,4.01,No,Next Day,Credit Card,Yes,No,13,Horizon,Bi-Weekly,No
CUST-1741,Female,24,Electronics,Laptop,311.5,Houston,One Size,Gold,Summer,5.0,No,Pickup,Bank Transfer,Yes,No,19,Summit,Weekly,Yes
CUST-1742,Female,22,Beauty,Brush Set,197.51,New York,One Size,Blue,Summer,3.88,Yes,Pickup,Credit Card,Yes,No,18,Horizon,Monthly,No
CUST-1743,Female,58,Electronics,Phone,373.73,Los Angeles,XL,Green,Fall,4.1,Yes,Express,Bank Transfer,Yes,Yes,23,Northwind,Bi-Weekly,Yes
CUST-1744,Male,18,Books,Novel,83.99,Houston,M,Purple,Winter,4.8,No,Standard,PayPal,No,No,1,Vivid,Bi-Weekly,No
CUST-1745,Female,63,Clothing,Dress,184.56,Los Angeles,One Size,Green,Spring,4.61,No,Express,Credit Card,No,No,9,Luma,Quarterly,No
CUST-1746,Male,61,Electronics,Tablet,372.77,Seattle,S,Black,Fall,4.0,No,Standard,PayPal,Yes,Yes,21,Vivid,Weekly,Yes
CUST-1747,Male,42,Clothing,Sweater,186.01,Chicago,M,Green,Summer,4.64,Yes,Standard,Bank Transfer,Yes,No,16,Northwind,Annually,No
CUST-1748,Female,58,Clothing,Dress,250.23,Austin,L,Black,Fall,4.84,Yes,Express,Bank Transfer,Yes,Yes,20,Northwind,Monthly,No
CUST-1749,Female,54,Electronics,Phone,311.64,Miami,XL,Green,Winter,3.51,No,Pickup,PayPal,No,No,21,Summit,Monthly,Yes
CUST-1750,Male,43,Electronics,Smartwatch,284.84,Houston,M,Green,Winter,4.54,Yes,Standard,Cash,No,No,1,Horizon,Annually,Yes
CUST-1751,Female,22,Beauty,Serum,151.28,Boston,S,Purple,Fall,2.72,Yes,Express,Bank Transfer,Yes,No,6,Vivid,Bi-Weekly,No
CUST-1752,Male,30,Clothing,Jeans,135.52,Chicago,L,White,Summer,4.45,No,Next Day,Bank Transfer,Yes,Yes,2,Summit,Weekly,No
CUST-1753,Male,65,Electronics,Laptop,377.78,Seattle,L,Gold,Fall,4.64,Yes,Express,Credit Card,Yes,Yes,19,Luma,Bi-Weekly,Yes
CUST-1754,Female,49,Sports,Running Shoes,202.79,Austin,One Size,Red,Winter,3.44,No,Pickup,Debit Card,Yes,No,6,Aster,Monthly,No
CUST-1755,Non-binary,55,Clothing,T-Shirt,255.03,Austin,M,White,Fall,3.97,Yes,Standard,PayPal,Yes,Yes,23,Horizon,Annually,No
CUST-1756,Male,61,Electronics,Tablet,381.16,Austin,One Size,Purple,Summer,3.83,Yes,Standard,Debit Card,Yes,No,21,Northwind,Monthly,Yes
CUST-1757,Female,28,Clothing,Jacket,184.29,Seattle,XL,Red,Spring,4.28,No,Next Day,PayPal,Yes,Yes,10,Vivid,Weekly,No
CUST-1758,Female,43,Beauty,Serum,130.0,Miami,One Size,White,Fall,3.83,Yes,Next Day,Cash,Yes,No,2,Vivid,Annually,No
CUST-1759,Male,43,Books,Science Book,168.18,Chicago,M,Purple,Winter,5.0,No,Pickup,Cash,Yes,No,9,Luma,Bi-Weekly,No
CUST-1760,Female,36,Sports,Running Shoes,253.23,Miami,M,Green,Summer,4.35,No,Pickup,Credit Card,No,No,19,Summit,Monthly,No
CUST-1761,Male,63,Books,Self-help,184.22,Boston,One Size,Black,Winter,4.64,No,Next Day,Bank Transfer,Yes,Yes,14,Summit,Annually,No
CUST-1762,Female,63,Sports,Cycling Bottle,242.48,Miami,One Size,Green,Summer,5.0,Yes,Express,Bank Transfer,Yes,No,6,Luma,Quarterly,No
CUST-1763,Female,53,Beauty,Perfume,170.52,Miami,S,White,Spring,4.17,Yes,Pickup,Bank Transfer,No,No,5,Vivid,Bi-Weekly,No
CUST-1764,Male,64,Electronics,Headphones,291.53,Austin,S,Red,Spring,4.1,No,Next Day,PayPal,Yes,Yes,5,Northwind,Annually,Yes
CUST-1765,Female,66,Beauty,Brush Set,263.1,Boston,M,Purple,Spring,3.89,Yes,Express,Cash,No,No,12,Summit,Bi-Weekly,No
CUST-1766,Female,27,Clothing,Jacket,178.34,Los Angeles,M,Blue,Fall,2.98,Yes,Pickup,Credit Card,No,No,8,Vivid,Monthly,No
CUST-1767,Female,71,Clothing,Jacket,240.09,Miami,S,Purple,Fall,4.42,No,Express,Bank Transfer,Yes,No,24,Luma,Quarterly,No
CUST-1768,Female,59,Beauty,Makeup Kit,206.45,Houston,S,Blue,Summer,4.46,No,Pickup,Bank Transfer,Yes,No,15,Summit,Bi-Weekly,No
CUST-1769,Female,28,Clothing,Sweater,123.9,Miami,XL,Black,Winter,3.03,Yes,Standard,PayPal,Yes,Yes,7,Luma,Weekly,No
CUST-1770,Male,25,Beauty,Brush Set,146.89,New York,S,Purple,Fall,4.08,No,Next Day,Cash,No,No,4,Vivid,Monthly,No
CUST-1771,Female,37,Home,Lamp,235.88,Austin,One Size,Green,Winter,5.0,No,Pickup,Debit Card,No,No,15,Aster,Monthly,No
CUST-1772,Female,62,Clothing,T-Shirt,144.79,Los Angeles,One Size,Purple,Summer,3.98,No,Standard,Bank Transfer,Yes,Yes,3,Horizon,Annually,No
CUST-1773,Female,34,Clothing,T-Shirt,232.63,Miami,One Size,Green,Spring,3.74,No,Pickup,PayPal,Yes,No,20,Northwind,Weekly,No
CUST-1774,Male,52,Books,Science Book,126.3,Los Angeles,One Size,Red,Spring,2.95,No,Standard,Bank Transfer,Yes,No,5,Luma,Bi-Weekly,No
CUST-1775,Male,21,Beauty,Serum,170.36,Miami,XL,Red,Summer,4.23,Yes,Express,PayPal,No,No,7,Summit,Annually,No
CUST-1776,Female,69,Electronics,Tablet,281.03,Seattle,L,Red,Winter,4.13,No,Standard,Cash,No,No,7,Summit,Annually,Yes
CUST-1777,Female,61,Beauty,Brush Set,262.19,Austin,L,Red,Winter,4.19,No,Next Day,Credit Card,No,No,21,Northwind,Annually,No
CUST-1778,Male,35,Electronics,Phone,289.53,Miami,M,Black,Summer,2.94,No,Standard,Credit Card,Yes,Yes,8,Aster,Weekly,Yes
CUST-1779,Male,50,Home,Desk,215.26,Seattle,S,Gold,Fall,4.49,No,Standard,Debit Card,Yes,No,2,Vivid,Weekly,No
CUST-1780,Female,24,Clothing,Dress,210.52,Chicago,M,Purple,Winter,5.0,No,Pickup,Cash,No,No,17,Luma,Monthly,No
CUST-1781,Male,24,Sports,Cycling Bottle,275.42,Austin,M,White,Summer,3.47,No,Next Day,PayPal,Yes,No,23,Horizon,Weekly,Yes
CUST-1782,Male,71,Home,Cookware,279.5,New York,M,Gold,Winter,4.13,Yes,Pickup,PayPal,Yes,Yes,10,Horizon,Monthly,Yes
CUST-1783,Female,50,Sports,Running Shoes,134.74,Austin,M,Purple,Summer,3.63,No,Express,Debit Card,Yes,No,7,Summit,Quarterly,No
CUST-1784,Male,68,Clothing,Jeans,174.61,Seattle,L,White,Summer,4.44,Yes,Next Day,PayPal,Yes,No,1,Summit,Bi-Weekly,No
CUST-1785,Female,19,Books,Novel,131.79,Boston,L,Green,Summer,4.27,No,Next Day,Bank Transfer,Yes,No,16,Aster,Monthly,No
CUST-1786,Male,60,Clothing,Sweater,221.6,Boston,M,Gold,Summer,3.78,No,Standard,PayPal,No,No,7,Horizon,Weekly,No
CUST-1787,Male,52,Home,Storage Bin,219.91,Miami,One Size,Green,Winter,4.51,No,Standard,Bank Transfer,No,No,3,Aster,Annually,No
CUST-1788,Female,24,Sports,Running Shoes,150.05,Miami,S,Gold,Spring,4.8,No,Next Day,PayPal,Yes,Yes,5,Horizon,Quarterly,No
CUST-1789,Male,26,Clothing,Jeans,147.91,Houston,S,Black,Summer,5.0,No,Pickup,Bank Transfer,Yes,No,14,Aster,Quarterly,No
CUST-1790,Female,32,Clothing,T-Shirt,103.34,Austin,One Size,Purple,Spring,3.49,No,Express,Cash,Yes,No,12,Northwind,Annually,No
CUST-1791,Male,41,Clothing,Dress,132.39,Miami,L,Gold,Summer,4.76,Yes,Pickup,Credit Card,Yes,No,11,Vivid,Monthly,No
CUST-1792,Male,31,Sports,Fitness Tracker,257.07,Houston,One Size,Purple,Summer,4.48,Yes,Pickup,PayPal,Yes,No,19,Northwind,Monthly,No
CUST-1793,Male,42,Electronics,Smartwatch,380.18,Boston,One Size,Blue,Spring,4.05,Yes,Pickup,Debit Card,No,No,23,Summit,Annually,Yes
CUST-1794,Female,47,Clothing,Jacket,161.92,Houston,One Size,Green,Winter,3.76,Yes,Next Day,Credit Card,No,No,2,Aster,Quarterly,No
CUST-1795,Female,47,Books,Self-help,236.14,Seattle,L,Gold,Winter,4.21,No,Next Day,Debit Card,No,No,23,Horizon,Monthly,No
CUST-1796,Female,19,Books,Science Book,197.17,Miami,M,Red,Fall,4.45,Yes,Standard,Bank Transfer,Yes,Yes,23,Horizon,Quarterly,No
CUST-1797,Non-binary,57,Home,Chair,296.36,Miami,One Size,Red,Summer,4.24,Yes,Standard,Bank Transfer,Yes,No,23,Aster,Monthly,Yes
CUST-1798,Female,42,Home,Cookware,145.11,Seattle,XL,Purple,Spring,3.91,No,Pickup,Bank Transfer,Yes,No,6,Aster,Annually,No
CUST-1799,Non-binary,59,Electronics,Tablet,245.39,Seattle,S,Red,Winter,5.0,No,Standard,Credit Card,Yes,Yes,1,Vivid,Weekly,No
CUST-1800,Female,60,Clothing,Jeans,179.99,Miami,One Size,Red,Fall,4.47,No,Pickup,Debit Card,No,No,2,Horizon,Monthly,No
CUST-1801,Female,22,Clothing,Jeans,243.05,New York,One Size,Black,Spring,4.83,No,Standard,Debit Card,Yes,Yes,23,Aster,Quarterly,No
CUST-1802,Male,21,Clothing,T-Shirt,197.5,Austin,XL,Green,Summer,5.0,No,Standard,Debit Card,Yes,No,12,Northwind,Monthly,No
CUST-1803,Female,23,Beauty,Brush Set,197.7,Houston,XL,White,Winter,4.71,Yes,Standard,Cash,Yes,Yes,9,Northwind,Quarterly,No
CUST-1804,Male,57,Sports,Dumbbells,249.33,Austin,XL,White,Spring,2.57,No,Pickup,PayPal,No,No,16,Luma,Bi-Weekly,No
CUST-1805,Female,67,Sports,Yoga Mat,185.86,Houston,M,Blue,Summer,4.75,No,Pickup,Credit Card,Yes,No,2,Summit,Monthly,No
CUST-1806,Female,66,Beauty,Serum,195.15,Boston,One Size,Blue,Spring,4.4,No,Pickup,Cash,Yes,No,9,Luma,Quarterly,No
CUST-1807,Female,30,Home,Lamp,258.41,Seattle,S,Green,Winter,3.65,No,Standard,Credit Card,No,No,22,Luma,Bi-Weekly,No
CUST-1808,Female,24,Books,Cookbook,156.44,Los Angeles,M,Red,Summer,4.4,No,Standard,Credit Card,Yes,No,16,Aster,Quarterly,No
CUST-1809,Male,24,Home,Lamp,255.5,Miami,L,Black,Summer,3.68,No,Express,Bank Transfer,Yes,Yes,23,Summit,Weekly,No
CUST-1810,Male,46,Home,Lamp,227.95,Boston,L,Blue,Summer,4.44,No,Express,PayPal,Yes,Yes,6,Vivid,Weekly,No
CUST-1811,Female,49,Home,Desk,251.09,Boston,L,Green,Fall,3.14,Yes,Pickup,Cash,No,No,11,Vivid,Weekly,No
CUST-1812,Male,60,Books,Science Book,231.71,Los Angeles,S,Black,Winter,2.67,No,Next Day,PayPal,Yes,No,15,Luma,Bi-Weekly,No
CUST-1813,Female,49,Clothing,T-Shirt,112.19,Austin,XL,Red,Spring,3.62,No,Standard,PayPal,Yes,No,2,Aster,Bi-Weekly,No
CUST-1814,Male,28,Clothing,Sweater,258.0,New York,M,White,Spring,3.68,Yes,Next Day,PayPal,No,No,24,Northwind,Weekly,No
CUST-1815,Female,62,Clothing,T-Shirt,223.28,Houston,S,Green,Spring,5.0,No,Standard,Debit Card,No,No,14,Horizon,Quarterly,No
CUST-1816,Male,43,Home,Lamp,243.24,Chicago,S,Blue,Summer,3.58,No,Pickup,Credit Card,No,No,15,Aster,Monthly,No
CUST-1817,Male,46,Beauty,Makeup Kit,234.54,Seattle,M,Gold,Spring,5.0,No,Standard,Debit Card,Yes,Yes,22,Summit,Annually,No
CUST-1818,Female,19,Beauty,Skincare Set,189.17,Los Angeles,S,Blue,Winter,3.52,No,Next Day,Debit Card,No,No,13,Aster,Annually,No
CUST-1819,Female,66,Home,Desk,242.49,Chicago,One Size,Red,Summer,4.17,No,Express,Bank Transfer,Yes,Yes,7,Northwind,Monthly,No
CUST-1820,Male,63,Sports,Yoga Mat,205.38,Austin,M,Purple,Spring,4.85,No,Standard,Debit Card,No,No,6,Northwind,Annually,No
CUST-1821,Female,64,Electronics,Tablet,330.18,Boston,M,Green,Summer,4.22,Yes,Next Day,Bank Transfer,Yes,Yes,11,Luma,Monthly,Yes
CUST-1822,Male,26,Beauty,Serum,247.3,Boston,One Size,Purple,Winter,3.57,No,Next Day,PayPal,No,No,15,Aster,Quarterly,No
CUST-1823,Male,32,Electronics,Smartwatch,273.59,Chicago,L,Purple,Summer,3.68,Yes,Standard,Cash,No,No,3,Vivid,Quarterly,No
CUST-1824,Female,62,Home,Desk,315.66,Chicago,L,Gold,Spring,3.74,Yes,Express,Bank Transfer,Yes,Yes,21,Aster,Quarterly,Yes
CUST-1825,Male,69,Sports,Running Shoes,161.48,Austin,XL,Red,Summer,4.96,No,Standard,Credit Card,Yes,No,1,Summit,Monthly,No
CUST-1826,Female,42,Home,Cookware,185.66,Austin,S,Gold,Fall,4.69,No,Express,Credit Card,Yes,No,5,Horizon,Quarterly,No
CUST-1827,Male,48,Clothing,Jacket,168.72,Austin,S,Red,Spring,4.57,No,Standard,PayPal,No,No,3,Northwind,Annually,No
CUST-1828,Male,65,Books,Self-help,217.89,Chicago,M,Purple,Winter,4.75,No,Standard,Credit Card,No,No,18,Horizon,Bi-Weekly,No
CUST-1829,Male,53,Clothing,Jeans,166.0,Austin,M,Purple,Spring,4.74,No,Standard,Credit Card,No,No,1,Aster,Weekly,No
CUST-1830,Female,33,Books,Cookbook,209.03,Austin,XL,Blue,Summer,3.95,No,Standard,Bank Transfer,Yes,No,22,Horizon,Weekly,No
CUST-1831,Female,69,Books,Novel,164.75,Los Angeles,L,Gold,Fall,2.82,Yes,Pickup,Credit Card,Yes,No,10,Northwind,Annually,No
CUST-1832,Male,30,Clothing,Dress,116.74,New York,S,Black,Spring,5.0,No,Express,Bank Transfer,Yes,No,4,Vivid,Annually,No
CUST-1833,Male,40,Sports,Running Shoes,284.0,Seattle,L,White,Fall,4.5,Yes,Pickup,Credit Card,Yes,Yes,17,Luma,Weekly,Yes
CUST-1834,Female,60,Electronics,Phone,291.09,Los Angeles,L,Blue,Fall,4.69,No,Standard,Debit Card,Yes,Yes,2,Horizon,Bi-Weekly,Yes
CUST-1835,Female,41,Sports,Yoga Mat,197.74,Los Angeles,L,Black,Winter,4.36,No,Next Day,Debit Card,Yes,Yes,1,Vivid,Weekly,No
CUST-1836,Female,46,Clothing,Dress,247.12,Los Angeles,L,Purple,Winter,4.98,Yes,Pickup,Debit Card,No,No,8,Horizon,Monthly,No
CUST-1837,Female,24,Beauty,Skincare Set,123.18,Austin,One Size,White,Fall,3.27,Yes,Standard,Bank Transfer,Yes,No,5,Vivid,Annually,No
CUST-1838,Female,59,Beauty,Perfume,247.06,Chicago,XL,Red,Fall,5.0,Yes,Express,PayPal,Yes,No,6,Luma,Bi-Weekly,No
CUST-1839,Male,53,Books,Science Book,232.03,New York,XL,Purple,Winter,4.26,No,Next Day,Cash,Yes,Yes,23,Horizon,Quarterly,No
CUST-1840,Male,20,Electronics,Laptop,260.14,Chicago,S,Red,Winter,4.57,No,Pickup,Bank Transfer,Yes,Yes,6,Luma,Weekly,No
CUST-1841,Male,51,Clothing,Dress,212.23,New York,One Size,Gold,Winter,3.52,No,Next Day,Debit Card,No,No,9,Vivid,Weekly,No
CUST-1842,Female,43,Beauty,Brush Set,189.87,Chicago,XL,Green,Spring,2.45,Yes,Express,Bank Transfer,Yes,No,19,Aster,Annually,No
CUST-1843,Male,23,Home,Cookware,211.7,Boston,L,Black,Fall,3.14,Yes,Express,Debit Card,Yes,No,18,Northwind,Quarterly,No
CUST-1844,Female,24,Electronics,Phone,284.01,Houston,One Size,Purple,Summer,4.61,No,Express,Bank Transfer,Yes,No,17,Vivid,Bi-Weekly,Yes
CUST-1845,Female,59,Electronics,Laptop,359.93,Los Angeles,XL,Green,Fall,3.67,No,Pickup,Credit Card,Yes,Yes,20,Summit,Weekly,Yes
CUST-1846,Female,33,Sports,Dumbbells,239.97,New York,One Size,Black,Spring,4.75,Yes,Pickup,PayPal,No,No,7,Aster,Annually,No
CUST-1847,Male,54,Electronics,Tablet,327.36,Houston,L,Red,Fall,3.77,No,Standard,Debit Card,Yes,Yes,20,Vivid,Monthly,Yes
CUST-1848,Female,62,Clothing,Jacket,200.4,Boston,One Size,Purple,Spring,3.93,Yes,Standard,PayPal,Yes,Yes,11,Luma,Quarterly,No
CUST-1849,Female,71,Electronics,Tablet,328.14,Chicago,L,Blue,Summer,3.07,No,Pickup,Debit Card,No,No,16,Northwind,Quarterly,Yes
CUST-1850,Male,65,Clothing,Dress,253.74,Seattle,S,Blue,Spring,4.23,No,Standard,Credit Card,No,No,19,Luma,Annually,No
CUST-1851,Male,34,Sports,Fitness Tracker,212.29,Chicago,One Size,Red,Fall,3.52,No,Express,Debit Card,Yes,Yes,21,Aster,Annually,No
CUST-1852,Female,40,Sports,Cycling Bottle,210.97,Miami,One Size,White,Winter,5.0,No,Next Day,Debit Card,No,No,3,Northwind,Bi-Weekly,No
CUST-1853,Male,26,Sports,Running Shoes,275.02,New York,S,Gold,Summer,4.42,Yes,Pickup,PayPal,No,No,17,Vivid,Bi-Weekly,Yes
CUST-1854,Female,64,Sports,Fitness Tracker,223.33,New York,XL,Black,Summer,4.13,Yes,Standard,PayPal,Yes,No,7,Luma,Quarterly,No
CUST-1855,Male,46,Home,Desk,296.73,Austin,One Size,Red,Summer,5.0,No,Pickup,Debit Card,No,No,19,Northwind,Quarterly,Yes
CUST-1856,Female,49,Beauty,Skincare Set,240.9,New York,XL,Purple,Fall,4.92,No,Pickup,Cash,Yes,Yes,19,Luma,Quarterly,No
CUST-1857,Male,61,Beauty,Serum,273.05,Chicago,M,Red,Winter,4.63,No,Pickup,Credit Card,No,No,20,Summit,Bi-Weekly,No
CUST-1858,Female,69,Home,Storage Bin,236.65,Los Angeles,S,Green,Summer,3.15,Yes,Pickup,PayPal,Yes,Yes,10,Aster,Quarterly,No
CUST-1859,Female,63,Home,Cookware,291.89,Boston,S,Green,Spring,3.82,No,Pickup,Credit Card,No,No,19,Aster,Bi-Weekly,Yes
CUST-1860,Male,41,Sports,Running Shoes,238.06,Austin,L,White,Spring,5.0,No,Express,Cash,Yes,Yes,7,Summit,Bi-Weekly,No
CUST-1861,Female,54,Beauty,Makeup Kit,262.74,New York,L,Green,Winter,3.99,Yes,Express,Bank Transfer,No,No,12,Luma,Weekly,No
CUST-1862,Female,70,Electronics,Headphones,294.08,Los Angeles,XL,Green,Winter,3.46,No,Pickup,Credit Card,No,No,6,Northwind,Monthly,Yes
CUST-1863,Male,53,Sports,Yoga Mat,216.19,Los Angeles,XL,Blue,Summer,3.45,No,Standard,Debit Card,No,No,8,Aster,Annually,No
CUST-1864,Male,69,Home,Desk,212.16,Houston,One Size,Red,Spring,3.97,No,Standard,Debit Card,Yes,Yes,2,Northwind,Quarterly,No
CUST-1865,Female,57,Home,Lamp,251.04,Miami,XL,Purple,Winter,3.69,No,Express,Cash,No,No,14,Northwind,Monthly,No
CUST-1866,Female,29,Clothing,T-Shirt,219.2,Boston,S,Black,Winter,4.87,No,Standard,PayPal,No,No,19,Vivid,Monthly,No
CUST-1867,Female,18,Clothing,Dress,160.27,Boston,S,Purple,Spring,3.38,Yes,Standard,Bank Transfer,Yes,No,4,Horizon,Bi-Weekly,No
CUST-1868,Male,28,Electronics,Phone,251.5,Seattle,One Size,White,Fall,3.29,No,Standard,Debit Card,No,No,10,Aster,Monthly,No
CUST-1869,Female,59,Books,Science Book,197.38,Austin,XL,White,Summer,4.62,Yes,Standard,Bank Transfer,No,No,13,Northwind,Quarterly,No
CUST-1870,Female,47,Clothing,Jacket,175.62,Chicago,M,Red,Winter,4.13,No,Express,Bank Transfer,No,No,14,Summit,Weekly,No
CUST-1871,Female,55,Electronics,Headphones,357.82,Houston,L,Blue,Summer,3.93,Yes,Standard,Cash,No,No,21,Northwind,Quarterly,Yes
CUST-1872,Female,37,Beauty,Skincare Set,190.21,Boston,One Size,Blue,Fall,3.44,Yes,Pickup,PayPal,No,No,13,Vivid,Annually,No
CUST-1873,Female,23,Beauty,Skincare Set,231.65,Los Angeles,XL,Red,Spring,4.83,No,Express,PayPal,Yes,Yes,24,Aster,Monthly,No
CUST-1874,Male,67,Beauty,Skincare Set,191.66,Boston,S,Gold,Fall,5.0,Yes,Next Day,PayPal,Yes,Yes,2,Aster,Annually,No
CUST-1875,Female,53,Beauty,Skincare Set,175.65,Los Angeles,L,Green,Summer,3.36,No,Express,Debit Card,No,No,7,Northwind,Annually,No
CUST-1876,Male,69,Books,Self-help,166.74,Los Angeles,S,Purple,Winter,5.0,No,Express,Credit Card,Yes,Yes,5,Luma,Monthly,No
CUST-1877,Male,38,Home,Lamp,203.26,Austin,L,White,Winter,3.39,No,Pickup,Cash,Yes,Yes,10,Horizon,Weekly,No
CUST-1878,Female,38,Electronics,Smartwatch,358.33,Miami,M,White,Summer,3.89,Yes,Next Day,PayPal,Yes,No,22,Northwind,Quarterly,Yes
CUST-1879,Male,23,Beauty,Makeup Kit,248.74,Austin,One Size,White,Winter,4.28,No,Next Day,Credit Card,Yes,No,21,Aster,Monthly,No
CUST-1880,Female,18,Beauty,Perfume,238.73,Los Angeles,XL,Green,Spring,3.92,Yes,Standard,Credit Card,Yes,Yes,24,Summit,Quarterly,No
CUST-1881,Female,27,Home,Cookware,203.23,Austin,One Size,Gold,Spring,3.6,No,Standard,Cash,Yes,Yes,14,Luma,Weekly,No
CUST-1882,Female,29,Electronics,Smartwatch,299.77,Austin,M,White,Winter,3.77,No,Express,Debit Card,Yes,No,22,Northwind,Annually,Yes
CUST-1883,Female,52,Home,Cookware,157.86,Los Angeles,S,Gold,Summer,3.79,No,Express,Credit Card,Yes,Yes,5,Vivid,Bi-Weekly,No
CUST-1884,Female,69,Clothing,Dress,161.58,Miami,One Size,Black,Spring,3.81,No,Standard,Cash,Yes,No,2,Northwind,Bi-Weekly,No
CUST-1885,Female,21,Clothing,T-Shirt,194.55,Boston,One Size,White,Fall,4.01,No,Next Day,Credit Card,No,No,21,Summit,Monthly,No
CUST-1886,Male,63,Home,Lamp,272.92,Miami,One Size,Blue,Fall,4.29,Yes,Pickup,PayPal,No,No,3,Vivid,Bi-Weekly,No
CUST-1887,Female,28,Clothing,Sweater,146.41,Boston,M,Red,Summer,4.88,No,Next Day,PayPal,No,No,8,Summit,Annually,No
CUST-1888,Female,47,Electronics,Laptop,286.78,Houston,L,Black,Fall,5.0,No,Express,Credit Card,Yes,Yes,11,Luma,Bi-Weekly,Yes
CUST-1889,Male,56,Clothing,Jacket,182.33,Boston,One Size,White,Summer,5.0,No,Standard,PayPal,Yes,Yes,15,Vivid,Monthly,No
CUST-1890,Male,36,Home,Lamp,245.38,Los Angeles,L,White,Winter,5.0,No,Standard,Credit Card,Yes,Yes,11,Horizon,Bi-Weekly,No
CUST-1891,Male,21,Clothing,Jacket,227.43,Chicago,One Size,Blue,Fall,4.43,Yes,Pickup,Bank Transfer,Yes,Yes,23,Aster,Annually,No
CUST-1892,Female,68,Home,Chair,254.34,Chicago,L,Black,Summer,4.03,Yes,Pickup,Cash,Yes,No,13,Summit,Quarterly,No
CUST-1893,Male,57,Clothing,Jeans,251.72,Austin,XL,White,Spring,4.8,Yes,Standard,PayPal,Yes,Yes,11,Vivid,Monthly,No
CUST-1894,Female,40,Sports,Cycling Bottle,203.78,Houston,S,Purple,Summer,3.07,No,Standard,Bank Transfer,No,No,14,Aster,Weekly,No
CUST-1895,Female,37,Clothing,Sweater,162.53,Chicago,L,Red,Spring,4.37,Yes,Next Day,PayPal,Yes,Yes,8,Horizon,Quarterly,No
CUST-1896,Female,42,Clothing,Jeans,173.13,Austin,S,Green,Fall,4.04,Yes,Next Day,Debit Card,Yes,No,3,Vivid,Quarterly,No
CUST-1897,Female,29,Clothing,Sweater,177.45,New York,S,Purple,Summer,4.16,Yes,Next Day,Bank Transfer,Yes,Yes,13,Summit,Quarterly,No
CUST-1898,Female,60,Home,Lamp,188.09,Boston,One Size,Gold,Fall,3.87,Yes,Standard,Credit Card,Yes,Yes,3,Vivid,Annually,No
CUST-1899,Male,37,Clothing,Sweater,250.87,Houston,One Size,Red,Fall,3.94,Yes,Express,Bank Transfer,Yes,No,17,Vivid,Weekly,No
CUST-1900,Female,32,Beauty,Skincare Set,176.76,Miami,L,Blue,Winter,3.04,No,Pickup,Debit Card,Yes,Yes,16,Aster,Annually,No
CUST-1901,Male,26,Books,History Book,172.86,New York,XL,Green,Spring,3.56,No,Standard,Cash,Yes,No,18,Northwind,Monthly,No
CUST-1902,Male,56,Sports,Running Shoes,273.94,Chicago,One Size,Blue,Winter,4.75,No,Next Day,Bank Transfer,Yes,No,21,Vivid,Monthly,No
CUST-1903,Male,53,Home,Storage Bin,257.79,Miami,One Size,Gold,Winter,4.63,Yes,Next Day,PayPal,Yes,No,3,Northwind,Bi-Weekly,No
CUST-1904,Male,52,Electronics,Tablet,336.52,Los Angeles,M,Gold,Spring,4.97,No,Express,Bank Transfer,Yes,Yes,12,Vivid,Bi-Weekly,Yes
CUST-1905,Male,65,Books,Novel,245.46,Boston,XL,Red,Winter,3.91,Yes,Next Day,PayPal,Yes,No,17,Aster,Monthly,No
CUST-1906,Male,25,Beauty,Brush Set,213.74,Chicago,One Size,White,Summer,4.44,No,Express,Cash,Yes,Yes,19,Vivid,Weekly,No
CUST-1907,Male,68,Electronics,Phone,413.23,New York,XL,Gold,Summer,5.0,Yes,Pickup,PayPal,No,No,19,Aster,Annually,Yes
CUST-1908,Male,27,Clothing,T-Shirt,119.1,Boston,S,Green,Fall,3.84,Yes,Pickup,Debit Card,Yes,No,10,Vivid,Annually,No
CUST-1909,Female,39,Electronics,Tablet,363.48,New York,XL,Black,Spring,4.77,Yes,Standard,Cash,No,No,15,Vivid,Quarterly,Yes
CUST-1910,Male,43,Electronics,Phone,357.12,Houston,XL,Green,Fall,4.22,Yes,Next Day,PayPal,Yes,No,23,Vivid,Quarterly,Yes
CUST-1911,Male,48,Electronics,Headphones,364.59,Seattle,M,Red,Summer,3.15,Yes,Next Day,Credit Card,Yes,Yes,17,Northwind,Bi-Weekly,Yes
CUST-1912,Male,55,Home,Chair,191.58,Houston,XL,Red,Spring,3.95,No,Standard,Cash,Yes,No,1,Northwind,Annually,No
CUST-1913,Female,25,Beauty,Serum,325.33,Miami,M,Blue,Spring,5.0,No,Next Day,PayPal,No,No,22,Horizon,Weekly,Yes
CUST-1914,Male,33,Clothing,Dress,220.05,Chicago,S,White,Fall,4.15,Yes,Next Day,Bank Transfer,No,No,12,Vivid,Monthly,No
CUST-1915,Female,21,Sports,Running Shoes,183.8,Los Angeles,One Size,Gold,Winter,4.78,Yes,Next Day,Credit Card,Yes,Yes,1,Northwind,Bi-Weekly,No
CUST-1916,Non-binary,62,Electronics,Headphones,253.79,New York,One Size,Gold,Summer,4.3,No,Next Day,Credit Card,Yes,No,1,Luma,Bi-Weekly,No
CUST-1917,Female,21,Books,Novel,247.59,Chicago,M,Purple,Winter,4.44,Yes,Pickup,Credit Card,No,No,20,Luma,Weekly,No
CUST-1918,Female,68,Beauty,Perfume,220.94,Chicago,XL,Gold,Spring,4.62,No,Express,Cash,No,No,9,Luma,Annually,No
CUST-1919,Male,70,Beauty,Skincare Set,227.1,Los Angeles,M,Blue,Winter,4.51,No,Express,Cash,No,No,12,Summit,Monthly,No
CUST-1920,Male,36,Home,Chair,281.76,Seattle,One Size,Red,Fall,4.4,Yes,Next Day,Bank Transfer,No,No,21,Luma,Monthly,Yes
CUST-1921,Female,32,Sports,Fitness Tracker,216.22,New York,M,Black,Fall,3.54,Yes,Next Day,PayPal,No,No,7,Northwind,Weekly,No
CUST-1922,Male,20,Clothing,Sweater,190.15,Chicago,L,Green,Winter,4.04,Yes,Express,Cash,No,No,3,Aster,Bi-Weekly,No
CUST-1923,Male,34,Books,Science Book,179.9,Los Angeles,M,Red,Spring,3.74,Yes,Pickup,Bank Transfer,Yes,Yes,6,Vivid,Weekly,No
CUST-1924,Male,45,Home,Lamp,175.48,Houston,L,Red,Winter,4.29,No,Standard,Debit Card,Yes,Yes,4,Luma,Bi-Weekly,No
CUST-1925,Male,43,Books,History Book,197.97,Los Angeles,S,White,Spring,3.97,No,Standard,PayPal,No,No,10,Summit,Bi-Weekly,No
CUST-1926,Female,33,Clothing,Jacket,219.78,Houston,L,Purple,Fall,4.34,Yes,Standard,Cash,No,No,18,Summit,Annually,No
CUST-1927,Male,40,Clothing,Sweater,194.52,New York,XL,Blue,Spring,4.17,Yes,Standard,Credit Card,No,No,10,Aster,Annually,No
CUST-1928,Male,49,Electronics,Smartwatch,361.38,Austin,L,Purple,Spring,4.65,No,Next Day,Bank Transfer,No,No,20,Northwind,Annually,Yes
CUST-1929,Female,19,Home,Lamp,158.4,Miami,L,Black,Fall,3.2,No,Pickup,Credit Card,Yes,No,9,Northwind,Monthly,No
CUST-1930,Male,53,Books,Self-help,206.28,New York,L,Green,Fall,4.37,No,Pickup,Debit Card,Yes,Yes,21,Summit,Quarterly,No
CUST-1931,Male,67,Beauty,Makeup Kit,265.85,Seattle,M,Green,Summer,5.0,Yes,Pickup,Cash,Yes,No,17,Luma,Monthly,No
CUST-1932,Female,37,Books,Novel,241.41,Houston,XL,Red,Winter,4.0,Yes,Pickup,Cash,Yes,Yes,19,Luma,Monthly,No
CUST-1933,Male,26,Beauty,Perfume,132.67,Boston,L,Green,Winter,2.76,Yes,Standard,Cash,Yes,Yes,2,Horizon,Annually,No
CUST-1934,Female,59,Beauty,Brush Set,198.64,Los Angeles,S,Black,Summer,4.03,No,Next Day,Debit Card,Yes,Yes,14,Northwind,Annually,No
CUST-1935,Male,59,Electronics,Laptop,263.96,Houston,XL,Gold,Fall,3.58,No,Standard,Credit Card,Yes,No,5,Summit,Weekly,No
CUST-1936,Male,35,Books,Novel,165.39,Chicago,XL,Gold,Winter,5.0,No,Express,Debit Card,No,No,10,Northwind,Annually,No
CUST-1937,Male,45,Electronics,Headphones,291.93,Boston,One Size,Black,Winter,4.37,Yes,Standard,Bank Transfer,Yes,Yes,3,Northwind,Bi-Weekly,Yes
CUST-1938,Non-binary,63,Electronics,Tablet,302.66,Miami,L,Red,Winter,4.14,No,Pickup,Debit Card,Yes,Yes,14,Vivid,Bi-Weekly,Yes
CUST-1939,Male,51,Clothing,T-Shirt,108.79,Austin,M,Black,Summer,4.19,No,Express,Bank Transfer,Yes,No,1,Aster,Quarterly,No
CUST-1940,Male,69,Home,Lamp,196.05,Houston,S,Gold,Spring,4.25,No,Next Day,Cash,Yes,Yes,2,Summit,Bi-Weekly,No
CUST-1941,Female,56,Home,Desk,249.35,Seattle,M,White,Fall,5.0,No,Express,PayPal,No,No,8,Horizon,Quarterly,No
CUST-1942,Female,44,Home,Chair,200.19,Houston,XL,Gold,Fall,3.3,Yes,Next Day,Cash,No,No,1,Horizon,Annually,No
CUST-1943,Female,55,Sports,Cycling Bottle,193.71,Chicago,XL,White,Spring,4.19,No,Next Day,Debit Card,Yes,Yes,13,Northwind,Quarterly,No
CUST-1944,Non-binary,25,Beauty,Skincare Set,207.57,Chicago,S,Black,Summer,3.53,Yes,Standard,Debit Card,Yes,Yes,20,Vivid,Annually,No
CUST-1945,Male,40,Clothing,Jacket,208.88,Miami,One Size,Purple,Winter,4.82,No,Next Day,Bank Transfer,Yes,Yes,18,Luma,Monthly,No
CUST-1946,Male,23,Electronics,Laptop,263.92,Chicago,L,Red,Spring,3.13,No,Pickup,Credit Card,No,No,5,Aster,Monthly,No
CUST-1947,Male,24,Home,Cookware,218.42,Chicago,One Size,Purple,Spring,3.43,No,Express,Debit Card,No,No,7,Horizon,Bi-Weekly,No
CUST-1948,Male,53,Home,Chair,276.96,Los Angeles,S,Blue,Spring,5.0,No,Pickup,Debit Card,No,No,19,Northwind,Annually,Yes
CUST-1949,Female,42,Electronics,Smartwatch,284.38,Boston,One Size,Gold,Fall,4.04,No,Standard,Debit Card,Yes,No,12,Northwind,Monthly,Yes
CUST-1950,Male,40,Electronics,Smartwatch,282.01,Los Angeles,S,Blue,Summer,4.31,No,Next Day,Cash,Yes,No,5,Summit,Bi-Weekly,Yes
CUST-1951,Male,19,Books,Science Book,180.8,Austin,One Size,Gold,Spring,3.69,No,Express,Cash,Yes,Yes,15,Luma,Weekly,No
CUST-1952,Female,32,Beauty,Makeup Kit,247.79,Boston,M,Black,Spring,4.92,Yes,Next Day,Cash,No,No,12,Summit,Quarterly,No
CUST-1953,Male,59,Home,Desk,283.04,New York,XL,Black,Fall,3.37,No,Express,Cash,Yes,No,19,Aster,Weekly,Yes
CUST-1954,Female,70,Clothing,Jeans,249.85,Los Angeles,M,White,Fall,4.52,Yes,Next Day,Bank Transfer,Yes,No,13,Summit,Bi-Weekly,No
CUST-1955,Female,46,Electronics,Smartwatch,307.02,Miami,XL,Red,Fall,3.62,Yes,Next Day,Bank Transfer,Yes,Yes,14,Vivid,Bi-Weekly,Yes
CUST-1956,Male,53,Home,Storage Bin,236.11,Chicago,S,Black,Summer,3.68,Yes,Pickup,Cash,No,No,4,Northwind,Quarterly,No
CUST-1957,Female,46,Electronics,Tablet,295.71,Los Angeles,S,Blue,Spring,3.98,No,Express,Bank Transfer,Yes,No,7,Vivid,Weekly,Yes
CUST-1958,Male,34,Home,Storage Bin,237.24,New York,One Size,White,Winter,4.78,Yes,Express,Credit Card,No,No,5,Luma,Monthly,No
CUST-1959,Male,60,Clothing,Sweater,160.42,New York,S,Gold,Winter,4.4,No,Express,Debit Card,Yes,Yes,4,Vivid,Quarterly,No
CUST-1960,Female,35,Books,Novel,196.44,Los Angeles,L,Gold,Fall,3.81,No,Pickup,PayPal,Yes,No,21,Summit,Bi-Weekly,No
CUST-1961,Female,60,Electronics,Laptop,321.93,Houston,M,Green,Winter,3.55,Yes,Express,Cash,Yes,Yes,12,Luma,Bi-Weekly,Yes
CUST-1962,Male,28,Clothing,T-Shirt,188.61,Los Angeles,XL,Green,Fall,4.95,Yes,Pickup,Credit Card,Yes,No,17,Horizon,Annually,No
CUST-1963,Female,47,Clothing,Jacket,168.26,New York,S,Blue,Winter,4.04,Yes,Next Day,PayPal,Yes,No,5,Horizon,Annually,No
CUST-1964,Male,47,Beauty,Perfume,216.67,New York,M,Green,Winter,4.29,Yes,Express,PayPal,No,No,9,Northwind,Weekly,No
CUST-1965,Female,20,Clothing,T-Shirt,220.37,Chicago,M,Blue,Fall,4.8,Yes,Next Day,Credit Card,Yes,No,23,Vivid,Bi-Weekly,No
CUST-1966,Male,49,Books,Cookbook,178.49,Seattle,S,Green,Spring,4.58,Yes,Pickup,PayPal,Yes,Yes,2,Luma,Bi-Weekly,No
CUST-1967,Male,20,Sports,Running Shoes,238.62,New York,L,Purple,Spring,4.76,No,Express,Debit Card,Yes,Yes,19,Luma,Monthly,No
CUST-1968,Male,50,Electronics,Smartwatch,229.18,New York,One Size,Red,Fall,5.0,No,Express,Debit Card,Yes,No,1,Vivid,Monthly,No
CUST-1969,Male,44,Sports,Yoga Mat,259.02,Boston,XL,Green,Winter,4.75,No,Next Day,Cash,Yes,No,10,Northwind,Monthly,No
CUST-1970,Male,46,Electronics,Laptop,363.97,Houston,M,Purple,Fall,2.83,No,Standard,Bank Transfer,Yes,Yes,24,Northwind,Weekly,Yes
CUST-1971,Female,69,Electronics,Headphones,376.16,New York,XL,Green,Spring,5.0,No,Standard,Credit Card,Yes,No,20,Horizon,Bi-Weekly,Yes
CUST-1972,Male,45,Clothing,Dress,194.11,New York,XL,White,Spring,4.3,No,Pickup,Debit Card,Yes,Yes,23,Northwind,Annually,No
CUST-1973,Female,32,Sports,Fitness Tracker,254.57,Seattle,M,Red,Spring,5.0,No,Express,PayPal,Yes,No,23,Northwind,Annually,No
CUST-1974,Male,23,Electronics,Laptop,290.3,Seattle,L,Purple,Spring,4.09,No,Express,Bank Transfer,No,No,11,Northwind,Quarterly,Yes
CUST-1975,Female,20,Beauty,Serum,288.53,Seattle,M,Gold,Fall,5.0,Yes,Next Day,Debit Card,No,No,19,Aster,Weekly,Yes
CUST-1976,Male,48,Sports,Cycling Bottle,266.88,New York,S,Green,Winter,3.99,Yes,Express,Credit Card,No,No,10,Summit,Bi-Weekly,No
CUST-1977,Female,38,Electronics,Headphones,320.14,Boston,S,White,Summer,3.44,No,Pickup,Credit Card,No,No,18,Summit,Bi-Weekly,Yes
CUST-1978,Male,48,Books,History Book,144.76,Chicago,L,Green,Spring,4.23,No,Next Day,PayPal,No,No,3,Northwind,Weekly,No
CUST-1979,Female,56,Home,Chair,210.62,Miami,One Size,Red,Winter,4.24,Yes,Pickup,Cash,Yes,No,4,Vivid,Bi-Weekly,No
CUST-1980,Female,55,Books,Cookbook,232.14,Los Angeles,L,Blue,Fall,4.4,Yes,Next Day,Cash,No,No,11,Luma,Weekly,No
CUST-1981,Male,41,Clothing,Jeans,202.44,Miami,One Size,Green,Summer,3.63,No,Pickup,PayPal,Yes,No,23,Luma,Bi-Weekly,No
CUST-1982,Male,52,Electronics,Phone,307.19,Chicago,XL,Gold,Fall,4.53,No,Next Day,Debit Card,Yes,No,9,Aster,Bi-Weekly,Yes
CUST-1983,Female,25,Electronics,Headphones,245.67,Boston,XL,White,Fall,4.84,No,Standard,PayPal,Yes,Yes,2,Summit,Annually,No
CUST-1984,Female,31,Clothing,Jeans,125.97,Austin,One Size,Black,Fall,4.21,Yes,Standard,Bank Transfer,Yes,No,8,Horizon,Annually,No
CUST-1985,Male,20,Clothing,Sweater,153.49,Los Angeles,S,Red,Summer,4.62,No,Standard,Debit Card,No,No,13,Northwind,Monthly,No
CUST-1986,Female,56,Clothing,Jacket,135.38,New York,One Size,Purple,Fall,3.65,No,Pickup,PayPal,No,No,6,Horizon,Quarterly,No
CUST-1987,Female,52,Home,Chair,241.97,Seattle,L,Gold,Winter,3.65,No,Standard,Credit Card,Yes,Yes,11,Vivid,Weekly,No
CUST-1988,Male,59,Sports,Cycling Bottle,253.02,Boston,XL,Red,Spring,4.27,No,Next Day,Debit Card,Yes,Yes,22,Aster,Annually,No
CUST-1989,Male,35,Sports,Running Shoes,183.78,Chicago,L,White,Spring,4.06,Yes,Next Day,Bank Transfer,Yes,Yes,1,Horizon,Quarterly,No
CUST-1990,Female,62,Clothing,Sweater,181.13,Boston,One Size,Blue,Spring,4.12,Yes,Standard,Bank Transfer,Yes,Yes,3,Northwind,Annually,No
CUST-1991,Male,22,Clothing,T-Shirt,218.61,Austin,One Size,Purple,Spring,3.87,No,Standard,PayPal,No,No,22,Horizon,Bi-Weekly,No
CUST-1992,Female,61,Sports,Running Shoes,227.99,Austin,XL,Purple,Summer,3.85,Yes,Express,Debit Card,Yes,No,17,Northwind,Bi-Weekly,No
CUST-1993,Female,24,Sports,Yoga Mat,207.93,Seattle,M,Red,Spring,4.02,No,Standard,Bank Transfer,No,No,6,Summit,Weekly,No
CUST-1994,Male,33,Home,Storage Bin,245.38,Los Angeles,One Size,Gold,Winter,4.22,Yes,Pickup,Cash,Yes,Yes,13,Summit,Monthly,No
CUST-1995,Male,39,Beauty,Perfume,216.38,Chicago,One Size,Blue,Fall,4.49,No,Next Day,Bank Transfer,Yes,No,21,Luma,Quarterly,No
CUST-1996,Female,23,Clothing,Jeans,151.77,Houston,S,White,Fall,4.36,No,Express,Debit Card,No,No,10,Northwind,Annually,No
CUST-1997,Female,58,Home,Lamp,234.48,Houston,L,Black,Spring,5.0,Yes,Pickup,Credit Card,Yes,No,3,Summit,Quarterly,No
CUST-1998,Male,30,Electronics,Headphones,263.74,Seattle,L,Black,Fall,4.76,No,Pickup,Debit Card,No,No,1,Summit,Quarterly,No
CUST-1999,Female,63,Home,Storage Bin,217.42,Los Angeles,M,Green,Summer,4.24,Yes,Next Day,Bank Transfer,Yes,Yes,2,Horizon,Bi-Weekly,No
CUST-2000,Female,53,Books,Cookbook,158.38,Boston,S,White,Fall,3.51,Yes,Pickup,Bank Transfer,Yes,No,7,Northwind,Quarterly,No
CUST-2001,Male,55,Home,Desk,247.91,Seattle,XL,Gold,Fall,2.81,No,Next Day,Debit Card,Yes,Yes,14,Northwind,Monthly,No
CUST-2002,Female,29,Beauty,Makeup Kit,188.08,Miami,L,Gold,Winter,3.33,Yes,Next Day,Debit Card,Yes,Yes,15,Summit,Annually,No
CUST-2003,Female,50,Beauty,Makeup Kit,169.0,Houston,One Size,Red,Fall,4.53,No,Standard,Cash,Yes,Yes,5,Northwind,Bi-Weekly,No
CUST-2004,Male,28,Beauty,Perfume,192.92,Austin,M,Black,Spring,4.52,Yes,Express,PayPal,Yes,No,6,Luma,Monthly,No
CUST-2005,Female,39,Beauty,Perfume,200.65,Los Angeles,S,Green,Summer,4.44,Yes,Standard,Credit Card,Yes,No,9,Northwind,Weekly,No
CUST-2006,Non-binary,66,Electronics,Headphones,282.14,Seattle,One Size,Green,Summer,4.23,No,Next Day,Bank Transfer,No,No,2,Horizon,Bi-Weekly,Yes
CUST-2007,Male,29,Electronics,Tablet,372.33,Los Angeles,XL,Purple,Spring,5.0,No,Express,PayPal,No,No,17,Aster,Weekly,Yes
CUST-2008,Female,67,Sports,Yoga Mat,270.46,New York,XL,Green,Fall,4.59,No,Next Day,Bank Transfer,Yes,Yes,23,Aster,Annually,No
CUST-2009,Male,57,Electronics,Smartwatch,267.55,Houston,XL,Black,Summer,4.0,No,Next Day,Cash,No,No,3,Aster,Annually,No
CUST-2010,Male,48,Beauty,Perfume,121.43,Houston,M,Purple,Summer,3.55,No,Pickup,Credit Card,Yes,No,3,Horizon,Annually,No
CUST-2011,Male,37,Clothing,Jeans,156.97,Houston,One Size,Purple,Spring,4.36,Yes,Next Day,Credit Card,Yes,No,10,Horizon,Quarterly,No
CUST-2012,Female,22,Clothing,Jacket,148.57,Chicago,One Size,Green,Summer,4.03,Yes,Standard,Credit Card,Yes,No,7,Luma,Annually,No
CUST-2013,Male,47,Sports,Dumbbells,320.9,New York,XL,Purple,Winter,5.0,Yes,Standard,Credit Card,No,No,16,Northwind,Bi-Weekly,Yes
CUST-2014,Female,34,Sports,Yoga Mat,251.9,Boston,S,Blue,Winter,5.0,No,Next Day,Cash,Yes,No,20,Vivid,Bi-Weekly,No
CUST-2015,Female,65,Electronics,Smartwatch,320.25,Miami,XL,Blue,Summer,4.66,No,Standard,Cash,Yes,Yes,15,Luma,Quarterly,Yes
CUST-2016,Male,44,Clothing,Jeans,138.29,Austin,XL,Red,Summer,5.0,No,Express,Credit Card,Yes,No,2,Northwind,Weekly,No
CUST-2017,Female,62,Books,History Book,233.9,Austin,One Size,Purple,Winter,4.74,No,Pickup,Credit Card,Yes,No,17,Northwind,Weekly,No
CUST-2018,Female,63,Beauty,Perfume,191.62,Boston,M,Black,Spring,3.67,Yes,Standard,PayPal,Yes,No,3,Summit,Annually,No
CUST-2019,Female,27,Home,Lamp,295.18,Seattle,L,Red,Fall,4.74,No,Next Day,Cash,No,No,18,Summit,Monthly,Yes
CUST-2020,Male,67,Electronics,Phone,373.24,Chicago,S,Blue,Fall,3.72,No,Next Day,Bank Transfer,Yes,No,24,Vivid,Weekly,Yes
CUST-2021,Female,36,Clothing,Dress,163.07,Miami,S,Black,Summer,2.72,Yes,Next Day,Debit Card,Yes,No,14,Summit,Monthly,No
CUST-2022,Male,38,Sports,Yoga Mat,219.57,Miami,L,Green,Summer,3.64,No,Standard,Cash,No,No,19,Vivid,Annually,No
CUST-2023,Female,30,Clothing,Dress,205.43,Austin,M,Black,Winter,4.4,No,Pickup,PayPal,Yes,No,12,Northwind,Weekly,No
CUST-2024,Male,39,Home,Storage Bin,252.89,Austin,M,Green,Winter,3.86,No,Standard,Debit Card,Yes,No,12,Luma,Bi-Weekly,No
CUST-2025,Female,47,Beauty,Makeup Kit,156.96,Boston,S,Red,Summer,3.57,No,Pickup,PayPal,Yes,No,18,Aster,Annually,No
CUST-2026,Male,25,Clothing,Jeans,255.47,Austin,One Size,White,Fall,4.78,Yes,Express,PayPal,No,No,15,Vivid,Weekly,No
CUST-2027,Male,56,Sports,Cycling Bottle,224.81,Boston,XL,Black,Spring,5.0,No,Express,Debit Card,Yes,Yes,13,Aster,Quarterly,No
CUST-2028,Female,34,Clothing,Jacket,168.17,Boston,L,Purple,Summer,4.17,No,Standard,PayPal,Yes,No,7,Vivid,Bi-Weekly,No
CUST-2029,Female,46,Sports,Running Shoes,145.74,Boston,XL,Purple,Fall,2.97,No,Express,Bank Transfer,Yes,No,1,Northwind,Annually,No
CUST-2030,Male,48,Sports,Fitness Tracker,225.23,Chicago,XL,Blue,Fall,4.56,Yes,Standard,Credit Card,Yes,No,19,Luma,Annually,No
CUST-2031,Male,67,Electronics,Tablet,302.19,Miami,L,Green,Spring,3.53,Yes,Next Day,Cash,Yes,No,4,Aster,Weekly,Yes
CUST-2032,Female,42,Sports,Running Shoes,220.4,Seattle,One Size,Purple,Winter,3.62,Yes,Standard,Debit Card,Yes,Yes,10,Horizon,Bi-Weekly,No
CUST-2033,Female,41,Electronics,Laptop,341.24,Houston,One Size,White,Spring,4.91,No,Next Day,Credit Card,No,No,18,Luma,Bi-Weekly,Yes
CUST-2034,Female,23,Beauty,Perfume,192.95,Austin,L,Purple,Summer,4.93,Yes,Next Day,Debit Card,No,No,8,Vivid,Weekly,No
CUST-2035,Male,53,Home,Lamp,271.76,Miami,L,White,Spring,4.37,No,Pickup,Debit Card,No,No,18,Luma,Quarterly,No
CUST-2036,Female,26,Clothing,Sweater,176.15,Austin,M,Green,Summer,4.15,No,Pickup,Bank Transfer,Yes,Yes,18,Aster,Quarterly,No
CUST-2037,Female,49,Clothing,Dress,176.87,Austin,S,Red,Spring,4.4,No,Standard,Bank Transfer,No,No,2,Luma,Weekly,No
CUST-2038,Male,57,Electronics,Phone,314.09,Houston,One Size,Gold,Winter,3.69,Yes,Express,Credit Card,Yes,No,11,Vivid,Annually,Yes
CUST-2039,Female,51,Home,Storage Bin,289.34,Houston,One Size,Red,Summer,5.0,No,Express,Debit Card,No,No,13,Aster,Weekly,Yes
CUST-2040,Male,43,Clothing,Dress,180.02,Houston,One Size,Green,Spring,3.63,No,Express,Debit Card,Yes,No,20,Vivid,Bi-Weekly,No
CUST-2041,Female,54,Electronics,Phone,252.89,Austin,L,Red,Spring,3.97,No,Next Day,Debit Card,Yes,No,2,Summit,Quarterly,No
CUST-2042,Male,50,Clothing,T-Shirt,262.67,Boston,L,Green,Summer,4.39,Yes,Express,Credit Card,Yes,Yes,22,Horizon,Quarterly,No
CUST-2043,Female,71,Electronics,Phone,340.92,Miami,S,Black,Summer,4.15,No,Next Day,Credit Card,Yes,Yes,11,Luma,Weekly,Yes
CUST-2044,Male,20,Clothing,T-Shirt,148.89,Austin,M,Green,Spring,4.67,No,Pickup,Debit Card,Yes,No,6,Horizon,Quarterly,No
CUST-2045,Male,27,Sports,Yoga Mat,212.46,Seattle,XL,Gold,Winter,5.0,No,Pickup,Debit Card,No,No,8,Vivid,Bi-Weekly,No
CUST-2046,Male,50,Electronics,Laptop,345.43,Chicago,M,Green,Winter,2.44,Yes,Next Day,Debit Card,No,No,23,Summit,Bi-Weekly,Yes
CUST-2047,Male,66,Books,Science Book,222.31,Seattle,M,Black,Winter,5.0,Yes,Express,PayPal,Yes,Yes,8,Horizon,Weekly,No
CUST-2048,Male,56,Books,History Book,250.31,Miami,L,White,Spring,4.13,Yes,Standard,Debit Card,Yes,Yes,23,Luma,Annually,No
CUST-2049,Male,36,Sports,Cycling Bottle,209.49,Houston,L,Purple,Spring,4.3,No,Express,Cash,Yes,No,13,Vivid,Bi-Weekly,No
CUST-2050,Female,43,Clothing,T-Shirt,313.58,Houston,XL,Red,Winter,5.0,Yes,Standard,Credit Card,No,No,23,Horizon,Bi-Weekly,Yes
CUST-2051,Female,64,Electronics,Laptop,265.12,New York,One Size,Green,Fall,5.0,Yes,Next Day,Debit Card,Yes,Yes,1,Aster,Annually,No
CUST-2052,Female,32,Home,Chair,231.19,Austin,XL,Gold,Fall,4.23,No,Express,Credit Card,Yes,No,22,Aster,Annually,No
CUST-2053,Male,33,Beauty,Brush Set,152.12,Los Angeles,One Size,Green,Spring,4.45,Yes,Standard,Debit Card,No,No,4,Summit,Annually,No
CUST-2054,Male,35,Books,History Book,120.22,Seattle,S,Purple,Fall,3.9,Yes,Pickup,Debit Card,No,No,2,Summit,Annually,No
CUST-2055,Male,50,Clothing,Jacket,227.17,Houston,L,Blue,Summer,4.16,No,Next Day,Credit Card,Yes,Yes,21,Vivid,Quarterly,No
CUST-2056,Male,22,Clothing,Sweater,118.23,Seattle,One Size,Black,Spring,4.38,No,Standard,Bank Transfer,Yes,No,1,Northwind,Weekly,No
CUST-2057,Female,38,Books,Novel,134.64,Boston,L,Gold,Fall,4.48,No,Next Day,Credit Card,Yes,Yes,14,Summit,Quarterly,No
CUST-2058,Male,32,Clothing,Dress,221.18,Miami,L,Gold,Fall,4.31,Yes,Next Day,Credit Card,Yes,No,20,Aster,Monthly,No
CUST-2059,Female,33,Clothing,Jeans,230.98,Houston,S,Red,Summer,4.9,No,Next Day,PayPal,No,No,14,Summit,Bi-Weekly,No
CUST-2060,Male,66,Home,Lamp,319.16,Chicago,XL,Gold,Winter,4.18,Yes,Pickup,Debit Card,No,No,22,Northwind,Quarterly,Yes
CUST-2061,Female,32,Beauty,Serum,177.87,Seattle,L,Purple,Winter,4.64,No,Next Day,Cash,No,No,12,Aster,Quarterly,No
CUST-2062,Male,70,Clothing,Dress,144.29,Los Angeles,XL,Black,Winter,3.51,No,Pickup,Debit Card,No,No,4,Vivid,Annually,No
CUST-2063,Female,35,Home,Desk,179.13,Houston,S,Purple,Winter,3.29,No,Next Day,PayPal,Yes,Yes,7,Aster,Quarterly,No
CUST-2064,Female,27,Clothing,Dress,209.22,Los Angeles,S,Purple,Fall,4.77,No,Next Day,Bank Transfer,Yes,No,20,Luma,Monthly,No
CUST-2065,Male,66,Sports,Dumbbells,303.17,Austin,S,Black,Fall,5.0,No,Standard,Credit Card,No,No,22,Horizon,Monthly,Yes
CUST-2066,Male,29,Electronics,Laptop,194.14,Boston,M,Blue,Summer,4.24,No,Next Day,Credit Card,Yes,Yes,3,Horizon,Quarterly,No
CUST-2067,Male,62,Clothing,Jacket,227.56,Houston,One Size,White,Summer,3.58,No,Standard,PayPal,Yes,Yes,16,Luma,Quarterly,No
CUST-2068,Female,20,Electronics,Tablet,259.9,Los Angeles,XL,Gold,Winter,4.1,Yes,Next Day,Credit Card,Yes,No,8,Vivid,Bi-Weekly,No
CUST-2069,Female,53,Home,Lamp,246.09,Boston,M,Purple,Spring,4.49,No,Pickup,Debit Card,No,No,16,Summit,Monthly,No
CUST-2070,Male,70,Home,Desk,330.9,New York,XL,Red,Spring,4.63,No,Express,Credit Card,No,No,19,Summit,Bi-Weekly,Yes
CUST-2071,Female,46,Clothing,Jacket,241.05,Seattle,M,Blue,Summer,3.18,No,Pickup,PayPal,No,No,24,Horizon,Annually,No
CUST-2072,Female,59,Beauty,Perfume,194.31,Los Angeles,One Size,White,Winter,4.62,No,Standard,Debit Card,Yes,No,7,Vivid,Annually,No
CUST-2073,Male,48,Clothing,Sweater,249.05,Chicago,L,Green,Fall,4.96,No,Standard,Bank Transfer,No,No,24,Northwind,Quarterly,No
CUST-2074,Female,64,Sports,Fitness Tracker,276.29,Houston,One Size,Purple,Fall,3.61,Yes,Next Day,Debit Card,Yes,Yes,20,Summit,Monthly,Yes
CUST-2075,Male,26,Electronics,Smartwatch,255.34,Miami,S,Green,Summer,3.36,Yes,Next Day,Bank Transfer,Yes,No,2,Northwind,Bi-Weekly,No
CUST-2076,Female,20,Sports,Cycling Bottle,251.71,New York,S,Gold,Summer,4.38,No,Standard,PayPal,Yes,Yes,15,Summit,Weekly,No
CUST-2077,Male,71,Home,Storage Bin,247.85,Houston,L,Green,Spring,4.68,Yes,Express,Debit Card,Yes,No,10,Northwind,Annually,No
CUST-2078,Male,33,Beauty,Skincare Set,226.41,Austin,S,White,Winter,4.63,Yes,Express,Credit Card,No,No,5,Luma,Monthly,No
CUST-2079,Male,54,Clothing,Sweater,236.54,Miami,S,Red,Winter,4.31,No,Next Day,PayPal,No,No,17,Aster,Monthly,No
CUST-2080,Female,61,Clothing,Jeans,177.36,Austin,M,Blue,Winter,2.74,Yes,Standard,Debit Card,No,No,1,Vivid,Bi-Weekly,No
CUST-2081,Male,25,Electronics,Headphones,360.26,New York,M,Red,Winter,4.03,No,Express,Cash,No,No,17,Luma,Bi-Weekly,Yes
CUST-2082,Female,67,Home,Lamp,315.84,Los Angeles,XL,Purple,Fall,5.0,Yes,Pickup,Cash,No,No,14,Horizon,Quarterly,Yes
CUST-2083,Male,65,Sports,Dumbbells,267.19,Boston,XL,Green,Winter,4.31,Yes,Pickup,Cash,No,No,10,Summit,Quarterly,No
CUST-2084,Male,41,Clothing,Jacket,180.89,New York,S,Green,Spring,4.92,Yes,Standard,Debit Card,No,No,3,Horizon,Monthly,No
CUST-2085,Female,40,Beauty,Brush Set,260.95,Seattle,XL,Green,Winter,5.0,Yes,Pickup,Credit Card,Yes,No,23,Aster,Annually,No
CUST-2086,Female,62,Home,Chair,274.6,Austin,L,White,Fall,3.92,No,Next Day,Credit Card,No,No,14,Aster,Weekly,Yes
CUST-2087,Female,59,Electronics,Tablet,273.06,Houston,XL,Purple,Winter,5.0,No,Standard,Bank Transfer,Yes,No,5,Aster,Monthly,No
CUST-2088,Male,52,Clothing,Dress,248.84,Houston,One Size,Purple,Fall,4.1,No,Standard,Cash,No,No,24,Aster,Bi-Weekly,No
CUST-2089,Male,28,Clothing,Dress,253.41,Austin,M,Green,Winter,5.0,Yes,Pickup,Bank Transfer,No,No,19,Summit,Quarterly,No
CUST-2090,Male,63,Beauty,Brush Set,238.04,Los Angeles,S,Green,Summer,2.93,No,Standard,Bank Transfer,Yes,Yes,23,Summit,Quarterly,No
CUST-2091,Male,51,Sports,Fitness Tracker,219.61,Boston,M,Gold,Spring,4.67,Yes,Express,Cash,Yes,No,15,Aster,Annually,No
CUST-2092,Male,44,Sports,Running Shoes,279.86,Chicago,L,Red,Fall,5.0,Yes,Standard,Bank Transfer,No,No,12,Northwind,Quarterly,Yes
CUST-2093,Male,36,Home,Lamp,295.06,Seattle,XL,Blue,Winter,3.85,No,Express,Bank Transfer,No,No,19,Summit,Annually,Yes
CUST-2094,Male,24,Home,Chair,253.79,Chicago,S,Gold,Summer,3.86,Yes,Standard,PayPal,Yes,No,24,Horizon,Weekly,No
CUST-2095,Female,29,Beauty,Skincare Set,147.15,Los Angeles,One Size,Red,Fall,4.68,No,Standard,Bank Transfer,Yes,No,4,Horizon,Monthly,No
CUST-2096,Female,39,Electronics,Phone,255.66,Austin,L,Blue,Summer,3.83,No,Express,Cash,No,No,10,Summit,Quarterly,No
CUST-2097,Female,49,Sports,Running Shoes,182.62,Los Angeles,XL,White,Winter,3.99,No,Next Day,Bank Transfer,Yes,No,1,Horizon,Weekly,No
CUST-2098,Male,35,Clothing,Jacket,206.83,Chicago,XL,Green,Winter,3.6,Yes,Pickup,Debit Card,Yes,No,8,Summit,Bi-Weekly,No
CUST-2099,Male,23,Electronics,Smartwatch,310.87,Miami,S,Green,Fall,4.49,Yes,Standard,Credit Card,No,No,5,Horizon,Monthly,Yes
CUST-2100,Male,52,Electronics,Laptop,251.38,Seattle,XL,Black,Winter,4.73,No,Express,Credit Card,Yes,Yes,6,Summit,Annually,No
CUST-2101,Male,24,Beauty,Brush Set,311.81,Miami,S,Purple,Winter,4.86,Yes,Express,Debit Card,No,No,24,Summit,Weekly,Yes
CUST-2102,Female,60,Clothing,Jacket,180.9,Chicago,S,Gold,Fall,4.09,Yes,Pickup,Credit Card,Yes,Yes,4,Aster,Bi-Weekly,No
CUST-2103,Male,58,Clothing,T-Shirt,209.65,Chicago,XL,Blue,Spring,5.0,Yes,Next Day,Debit Card,No,No,7,Summit,Annually,No
CUST-2104,Male,32,Clothing,Jeans,202.82,Austin,S,Red,Fall,4.25,No,Next Day,Cash,Yes,Yes,21,Aster,Monthly,No
CUST-2105,Female,22,Electronics,Smartwatch,307.94,Austin,One Size,Red,Summer,4.25,No,Express,Bank Transfer,Yes,Yes,13,Northwind,Weekly,Yes
CUST-2106,Male,71,Sports,Running Shoes,295.77,Seattle,M,Red,Summer,4.62,Yes,Next Day,Credit Card,Yes,Yes,22,Summit,Bi-Weekly,Yes
CUST-2107,Female,33,Electronics,Phone,370.93,Los Angeles,M,Purple,Fall,4.65,Yes,Express,Cash,No,No,20,Northwind,Annually,Yes
CUST-2108,Male,32,Beauty,Makeup Kit,183.26,Miami,M,Purple,Winter,5.0,No,Express,Credit Card,Yes,Yes,1,Northwind,Weekly,No
CUST-2109,Female,30,Clothing,Dress,156.43,Seattle,S,Purple,Summer,4.48,Yes,Express,PayPal,Yes,Yes,2,Horizon,Weekly,No
CUST-2110,Male,18,Sports,Yoga Mat,186.98,Chicago,S,White,Spring,4.08,Yes,Standard,Bank Transfer,No,No,5,Northwind,Annually,No
CUST-2111,Male,54,Home,Cookware,235.18,Seattle,S,Purple,Fall,4.0,No,Standard,PayPal,No,No,3,Vivid,Bi-Weekly,No
CUST-2112,Male,64,Home,Storage Bin,290.71,Los Angeles,One Size,Black,Winter,3.35,No,Next Day,Cash,No,No,17,Vivid,Weekly,Yes
CUST-2113,Male,66,Electronics,Tablet,387.21,New York,XL,Purple,Winter,3.66,No,Express,Debit Card,No,No,19,Horizon,Bi-Weekly,Yes
CUST-2114,Non-binary,53,Electronics,Laptop,333.25,Austin,L,Green,Fall,3.58,Yes,Express,Debit Card,Yes,Yes,17,Horizon,Monthly,Yes
CUST-2115,Male,27,Beauty,Skincare Set,203.03,Boston,S,Green,Winter,4.09,Yes,Pickup,PayPal,No,No,7,Luma,Monthly,No
CUST-2116,Female,44,Home,Desk,251.01,Seattle,L,Black,Spring,3.46,No,Next Day,PayPal,No,No,15,Aster,Monthly,No
CUST-2117,Female,50,Electronics,Tablet,298.09,Seattle,M,Gold,Fall,4.22,No,Standard,Bank Transfer,Yes,No,19,Northwind,Annually,Yes
CUST-2118,Female,25,Books,Cookbook,182.69,Miami,M,Green,Spring,5.0,No,Express,Cash,Yes,No,13,Aster,Weekly,No
CUST-2119,Female,48,Beauty,Makeup Kit,273.32,Miami,L,Gold,Summer,5.0,Yes,Standard,Debit Card,No,No,16,Horizon,Annually,No
CUST-2120,Female,38,Home,Cookware,285.63,Austin,XL,Red,Fall,4.85,Yes,Standard,Debit Card,Yes,No,21,Horizon,Annually,Yes
CUST-2121,Female,51,Clothing,Dress,127.37,Seattle,XL,Blue,Spring,3.65,Yes,Pickup,Cash,Yes,No,7,Aster,Quarterly,No
CUST-2122,Male,63,Beauty,Brush Set,160.92,Boston,L,White,Summer,4.56,No,Pickup,Debit Card,No,No,1,Horizon,Annually,No
CUST-2123,Female,44,Clothing,Dress,126.59,Chicago,M,Green,Fall,5.0,No,Pickup,Credit Card,Yes,Yes,2,Summit,Monthly,No
CUST-2124,Female,22,Home,Chair,196.27,Boston,XL,Black,Winter,4.01,Yes,Standard,Credit Card,Yes,No,3,Aster,Quarterly,No
CUST-2125,Female,47,Clothing,T-Shirt,215.48,Miami,M,Gold,Fall,5.0,No,Next Day,Bank Transfer,No,No,15,Aster,Annually,No
CUST-2126,Female,20,Clothing,Sweater,177.6,Miami,M,White,Fall,3.04,Yes,Pickup,Cash,Yes,No,20,Horizon,Bi-Weekly,No
CUST-2127,Male,69,Home,Chair,307.07,Seattle,XL,Purple,Winter,4.15,Yes,Pickup,PayPal,No,No,13,Summit,Quarterly,Yes
CUST-2128,Female,22,Books,Self-help,175.18,New York,XL,Purple,Spring,3.66,No,Pickup,Cash,Yes,No,19,Northwind,Annually,No
CUST-2129,Male,44,Electronics,Smartwatch,249.15,Austin,One Size,Black,Fall,3.99,No,Pickup,Credit Card,Yes,No,5,Northwind,Annually,No
CUST-2130,Male,45,Clothing,Dress,170.52,Seattle,M,Purple,Winter,2.87,Yes,Standard,PayPal,No,No,10,Aster,Monthly,No
CUST-2131,Female,35,Sports,Running Shoes,219.93,Chicago,M,Green,Spring,4.47,Yes,Next Day,Debit Card,No,No,9,Summit,Quarterly,No
CUST-2132,Male,56,Beauty,Skincare Set,266.74,Boston,L,Red,Winter,5.0,Yes,Standard,PayPal,No,No,9,Northwind,Annually,No
CUST-2133,Male,45,Electronics,Smartwatch,328.15,Los Angeles,One Size,Gold,Winter,3.59,No,Standard,Credit Card,Yes,Yes,23,Summit,Quarterly,Yes
CUST-2134,Male,45,Electronics,Laptop,266.35,Boston,L,Black,Winter,3.65,No,Standard,Cash,Yes,No,11,Aster,Monthly,No
CUST-2135,Female,48,Clothing,Jacket,201.06,Chicago,M,Blue,Winter,2.67,No,Express,Debit Card,No,No,16,Aster,Bi-Weekly,No
CUST-2136,Male,60,Clothing,Sweater,194.81,Houston,M,Purple,Spring,4.64,Yes,Express,Debit Card,Yes,Yes,13,Vivid,Annually,No
CUST-2137,Female,26,Books,Science Book,234.1,New York,M,Purple,Winter,5.0,Yes,Express,Cash,Yes,No,22,Aster,Monthly,No
CUST-2138,Male,43,Clothing,T-Shirt,243.99,Los Angeles,S,Gold,Summer,4.37,No,Express,Cash,No,No,16,Aster,Weekly,No
CUST-2139,Female,21,Clothing,Jeans,105.18,New York,L,Gold,Summer,4.57,No,Pickup,Bank Transfer,Yes,Yes,2,Aster,Annually,No
CUST-2140,Male,24,Clothing,T-Shirt,215.18,Miami,L,Red,Winter,5.0,Yes,Next Day,Bank Transfer,No,No,10,Northwind,Bi-Weekly,No
CUST-2141,Male,55,Clothing,Dress,179.77,Chicago,XL,Green,Summer,4.84,Yes,Next Day,Bank Transfer,Yes,No,2,Northwind,Quarterly,No
CUST-2142,Male,65,Books,Science Book,192.76,Boston,L,Green,Winter,3.76,Yes,Next Day,Credit Card,No,No,8,Horizon,Weekly,No
CUST-2143,Female,66,Home,Storage Bin,249.68,New York,M,Blue,Winter,3.39,Yes,Express,Debit Card,Yes,No,7,Vivid,Bi-Weekly,No
CUST-2144,Female,48,Books,Science Book,131.88,Houston,L,Green,Fall,4.21,No,Next Day,Bank Transfer,No,No,5,Vivid,Annually,No
CUST-2145,Female,22,Beauty,Serum,125.99,Austin,L,Blue,Winter,2.85,No,Standard,Credit Card,No,No,5,Aster,Monthly,No
CUST-2146,Non-binary,28,Clothing,Dress,89.99,Houston,S,Green,Summer,4.77,No,Next Day,Credit Card,Yes,Yes,5,Summit,Quarterly,No
CUST-2147,Male,47,Beauty,Brush Set,191.03,Austin,M,Blue,Summer,4.33,No,Standard,PayPal,No,No,6,Aster,Weekly,No
CUST-2148,Female,41,Home,Cookware,239.86,Los Angeles,One Size,White,Summer,4.29,No,Standard,Credit Card,No,No,8,Summit,Bi-Weekly,No
CUST-2149,Male,69,Electronics,Laptop,368.86,Seattle,One Size,Purple,Spring,3.8,Yes,Pickup,Debit Card,No,No,21,Horizon,Quarterly,Yes
CUST-2150,Female,20,Home,Cookware,199.36,Chicago,XL,Red,Summer,4.04,Yes,Next Day,Cash,Yes,No,13,Summit,Bi-Weekly,No
CUST-2151,Male,54,Home,Desk,348.15,Boston,M,White,Summer,5.0,Yes,Express,Bank Transfer,No,No,19,Northwind,Bi-Weekly,Yes
CUST-2152,Male,64,Home,Lamp,262.96,Houston,M,Blue,Fall,3.18,Yes,Next Day,Debit Card,Yes,No,11,Aster,Quarterly,No
CUST-2153,Male,28,Clothing,Sweater,223.87,Miami,S,Gold,Summer,4.7,No,Standard,PayPal,No,No,14,Luma,Bi-Weekly,No
CUST-2154,Female,59,Electronics,Tablet,263.38,Seattle,XL,Black,Fall,3.33,No,Next Day,Credit Card,Yes,Yes,8,Horizon,Annually,No
CUST-2155,Male,39,Electronics,Tablet,303.2,Chicago,XL,Purple,Winter,4.53,No,Standard,Cash,Yes,No,11,Summit,Bi-Weekly,Yes
CUST-2156,Male,57,Books,History Book,172.06,Miami,One Size,Purple,Summer,3.75,No,Standard,Credit Card,Yes,No,8,Luma,Weekly,No
CUST-2157,Male,54,Electronics,Tablet,263.57,New York,M,Purple,Spring,4.24,No,Pickup,Credit Card,Yes,Yes,1,Aster,Weekly,No
CUST-2158,Male,42,Clothing,Jeans,197.42,Boston,XL,Gold,Spring,4.19,Yes,Express,Credit Card,No,No,8,Horizon,Monthly,No
CUST-2159,Male,32,Clothing,Sweater,275.79,Seattle,M,White,Summer,3.96,Yes,Pickup,Cash,No,No,23,Luma,Quarterly,Yes
CUST-2160,Female,45,Electronics,Tablet,251.98,Boston,XL,Gold,Summer,4.35,No,Standard,Cash,No,No,6,Horizon,Quarterly,No
CUST-2161,Male,23,Beauty,Makeup Kit,220.43,Austin,M,Gold,Summer,4.15,Yes,Next Day,Credit Card,Yes,No,14,Horizon,Monthly,No
CUST-2162,Male,42,Sports,Cycling Bottle,233.95,Chicago,One Size,Gold,Fall,3.62,No,Next Day,Debit Card,No,No,12,Vivid,Quarterly,No
CUST-2163,Male,68,Electronics,Smartwatch,397.83,Los Angeles,XL,Purple,Summer,4.47,No,Next Day,Bank Transfer,Yes,Yes,23,Summit,Weekly,Yes
CUST-2164,Female,50,Books,Novel,167.52,Austin,XL,Green,Summer,4.71,No,Express,Credit Card,No,No,5,Summit,Annually,No
CUST-2165,Female,41,Clothing,T-Shirt,186.25,Miami,S,Purple,Fall,3.96,No,Express,Credit Card,Yes,No,17,Northwind,Weekly,No
CUST-2166,Female,35,Beauty,Serum,239.57,Boston,M,Red,Summer,4.3,Yes,Next Day,Debit Card,Yes,Yes,13,Vivid,Bi-Weekly,No
CUST-2167,Female,67,Clothing,Jacket,225.51,Miami,XL,Purple,Spring,3.3,No,Next Day,Debit Card,Yes,Yes,16,Vivid,Monthly,No
CUST-2168,Female,40,Home,Cookware,189.25,Houston,M,White,Summer,3.19,No,Pickup,PayPal,No,No,8,Aster,Annually,No
CUST-2169,Female,56,Clothing,Jeans,151.04,Miami,One Size,Red,Spring,5.0,No,Next Day,PayPal,Yes,No,11,Aster,Annually,No
CUST-2170,Male,34,Electronics,Tablet,350.3,Los Angeles,M,White,Fall,5.0,No,Standard,Bank Transfer,Yes,No,22,Northwind,Weekly,Yes
CUST-2171,Female,29,Clothing,T-Shirt,233.41,Seattle,L,Gold,Fall,5.0,No,Express,PayPal,No,No,23,Horizon,Monthly,No
CUST-2172,Male,34,Sports,Running Shoes,313.88,Houston,M,White,Fall,4.6,Yes,Pickup,Credit Card,Yes,No,24,Horizon,Weekly,Yes
CUST-2173,Male,65,Beauty,Perfume,180.25,Houston,L,Black,Winter,3.51,No,Next Day,PayPal,No,No,4,Summit,Monthly,No
CUST-2174,Female,59,Home,Desk,266.81,Houston,One Size,Gold,Spring,3.74,No,Express,Debit Card,No,No,16,Vivid,Weekly,No
CUST-2175,Male,19,Electronics,Phone,319.25,Austin,S,Green,Winter,5.0,Yes,Express,Credit Card,No,No,4,Northwind,Bi-Weekly,Yes
CUST-2176,Male,62,Electronics,Laptop,291.88,Miami,M,Green,Winter,4.18,No,Standard,Debit Card,Yes,Yes,12,Summit,Monthly,Yes
CUST-2177,Female,40,Electronics,Smartwatch,308.78,Chicago,L,Black,Fall,4.83,No,Pickup,PayPal,Yes,No,13,Northwind,Quarterly,Yes
CUST-2178,Female,67,Books,Novel,185.08,Seattle,M,Gold,Fall,2.31,No,Standard,Bank Transfer,Yes,No,23,Northwind,Monthly,No
CUST-2179,Male,51,Sports,Cycling Bottle,297.4,Houston,One Size,Red,Fall,5.0,No,Pickup,Debit Card,No,No,21,Horizon,Quarterly,Yes
CUST-2180,Male,55,Electronics,Smartwatch,262.57,Austin,M,Gold,Winter,2.86,No,Pickup,PayPal,Yes,Yes,12,Summit,Weekly,No
CUST-2181,Male,31,Home,Desk,308.05,Houston,L,Red,Fall,4.03,Yes,Express,Bank Transfer,Yes,No,23,Vivid,Bi-Weekly,Yes
CUST-2182,Male,39,Clothing,Jacket,257.83,Seattle,S,Gold,Fall,3.32,Yes,Next Day,Credit Card,No,No,17,Horizon,Bi-Weekly,No
CUST-2183,Female,30,Home,Storage Bin,261.18,Boston,One Size,Blue,Fall,5.0,No,Standard,Debit Card,Yes,No,17,Horizon,Monthly,No
CUST-2184,Female,63,Home,Chair,337.73,Seattle,One Size,White,Winter,4.28,No,Express,Bank Transfer,No,No,21,Horizon,Weekly,Yes
CUST-2185,Female,50,Electronics,Phone,289.33,Los Angeles,M,Black,Fall,4.41,No,Next Day,Bank Transfer,No,No,9,Summit,Monthly,Yes
CUST-2186,Female,43,Electronics,Laptop,287.48,Los Angeles,S,Black,Winter,4.74,No,Standard,Cash,Yes,Yes,7,Horizon,Monthly,Yes
CUST-2187,Female,38,Sports,Fitness Tracker,152.48,Miami,One Size,Green,Fall,4.39,No,Pickup,Cash,Yes,No,5,Horizon,Annually,No
CUST-2188,Male,52,Beauty,Brush Set,249.29,Houston,XL,Purple,Spring,4.02,Yes,Pickup,PayPal,No,No,10,Summit,Annually,No
CUST-2189,Male,46,Beauty,Brush Set,271.05,Chicago,XL,Gold,Winter,4.52,No,Standard,Bank Transfer,Yes,Yes,21,Northwind,Weekly,No
CUST-2190,Male,54,Electronics,Tablet,393.17,Miami,XL,Purple,Summer,5.0,No,Pickup,Credit Card,No,No,17,Horizon,Quarterly,Yes
CUST-2191,Male,29,Electronics,Headphones,367.62,New York,L,Blue,Summer,4.28,No,Express,Credit Card,No,No,23,Horizon,Annually,Yes
CUST-2192,Male,69,Home,Chair,288.13,Miami,One Size,Purple,Winter,2.95,No,Express,Bank Transfer,Yes,No,24,Vivid,Bi-Weekly,Yes
CUST-2193,Non-binary,71,Electronics,Phone,336.3,New York,M,Black,Summer,3.66,Yes,Standard,Cash,Yes,No,16,Horizon,Weekly,Yes
CUST-2194,Female,41,Books,Novel,233.04,Miami,One Size,Black,Winter,4.13,Yes,Next Day,Credit Card,Yes,No,20,Northwind,Weekly,No
CUST-2195,Female,25,Beauty,Perfume,176.76,Austin,L,White,Summer,4.52,No,Express,Debit Card,No,No,11,Summit,Monthly,No
CUST-2196,Male,55,Clothing,Jacket,177.7,Houston,M,White,Spring,4.44,No,Next Day,Cash,Yes,Yes,8,Aster,Weekly,No
CUST-2197,Female,63,Books,Novel,208.94,Houston,XL,Black,Fall,5.0,Yes,Pickup,Bank Transfer,No,No,14,Summit,Quarterly,No
CUST-2198,Male,24,Clothing,Sweater,202.06,Austin,XL,White,Summer,4.4,No,Pickup,Debit Card,Yes,No,23,Aster,Annually,No
CUST-2199,Female,20,Sports,Running Shoes,186.25,New York,S,Gold,Summer,4.0,No,Next Day,Credit Card,Yes,Yes,6,Summit,Bi-Weekly,No
CUST-2200,Non-binary,32,Clothing,Dress,252.57,Houston,L,Red,Fall,4.58,No,Pickup,Bank Transfer,No,No,24,Luma,Bi-Weekly,No
CUST-2201,Male,49,Home,Cookware,294.61,Miami,S,Black,Winter,4.42,Yes,Express,Credit Card,No,No,20,Vivid,Annually,Yes
CUST-2202,Male,53,Clothing,Jeans,186.56,Boston,One Size,White,Summer,3.77,No,Standard,Bank Transfer,No,No,7,Vivid,Bi-Weekly,No
CUST-2203,Non-binary,60,Electronics,Tablet,390.5,Boston,XL,Red,Summer,3.86,Yes,Next Day,Credit Card,No,No,21,Summit,Weekly,Yes
CUST-2204,Male,23,Sports,Dumbbells,275.29,New York,XL,White,Summer,4.5,Yes,Pickup,Cash,No,No,17,Vivid,Monthly,Yes
CUST-2205,Male,50,Sports,Cycling Bottle,177.55,Seattle,L,Black,Winter,4.4,No,Standard,Debit Card,No,No,3,Aster,Quarterly,No
CUST-2206,Male,62,Home,Chair,280.45,Los Angeles,M,Blue,Fall,4.63,No,Next Day,Debit Card,No,No,11,Summit,Monthly,Yes
CUST-2207,Female,23,Beauty,Serum,127.43,Los Angeles,XL,Purple,Fall,3.76,No,Pickup,PayPal,Yes,No,5,Horizon,Quarterly,No
CUST-2208,Male,18,Electronics,Phone,350.93,Houston,S,Black,Spring,3.91,No,Pickup,Credit Card,No,No,20,Luma,Weekly,Yes
CUST-2209,Female,21,Sports,Dumbbells,234.59,Seattle,S,Green,Fall,3.59,No,Pickup,PayPal,No,No,14,Northwind,Monthly,No
CUST-2210,Male,53,Books,History Book,239.4,Seattle,One Size,Blue,Winter,4.57,Yes,Standard,Debit Card,Yes,Yes,12,Northwind,Weekly,No
CUST-2211,Male,61,Electronics,Laptop,312.2,Austin,XL,Red,Summer,3.69,No,Standard,Cash,Yes,No,13,Aster,Monthly,Yes
CUST-2212,Male,51,Electronics,Tablet,425.86,Austin,L,White,Winter,4.56,Yes,Standard,Credit Card,No,No,24,Luma,Weekly,Yes
CUST-2213,Male,37,Home,Chair,262.39,Seattle,L,Green,Summer,4.02,No,Next Day,Bank Transfer,Yes,Yes,16,Aster,Weekly,No
CUST-2214,Male,65,Clothing,Jeans,244.45,Miami,One Size,White,Summer,4.27,Yes,Standard,Cash,No,No,19,Luma,Annually,No
CUST-2215,Female,36,Beauty,Perfume,228.55,New York,XL,Red,Spring,5.0,Yes,Express,Debit Card,Yes,Yes,10,Horizon,Bi-Weekly,No
CUST-2216,Male,37,Sports,Fitness Tracker,317.86,Houston,One Size,Blue,Fall,5.0,Yes,Standard,Debit Card,Yes,Yes,24,Summit,Monthly,Yes
CUST-2217,Male,40,Electronics,Smartwatch,378.08,Miami,M,Green,Spring,4.2,No,Next Day,Cash,No,No,22,Luma,Bi-Weekly,Yes
CUST-2218,Female,55,Home,Chair,222.11,Boston,M,White,Winter,4.25,No,Standard,PayPal,Yes,Yes,13,Vivid,Quarterly,No
CUST-2219,Male,42,Electronics,Phone,315.05,Chicago,XL,Green,Winter,4.07,Yes,Pickup,Cash,Yes,Yes,13,Summit,Bi-Weekly,Yes
CUST-2220,Male,56,Beauty,Skincare Set,261.24,Austin,S,Green,Summer,4.38,Yes,Pickup,Cash,No,No,19,Northwind,Monthly,No
CUST-2221,Male,50,Beauty,Perfume,217.52,Boston,XL,White,Spring,4.15,No,Pickup,Cash,Yes,No,12,Luma,Bi-Weekly,No
CUST-2222,Male,30,Clothing,Dress,199.56,Boston,M,Gold,Summer,4.84,No,Standard,PayPal,No,No,8,Luma,Monthly,No
CUST-2223,Female,62,Books,Novel,129.9,Chicago,L,Black,Fall,3.78,No,Standard,Credit Card,Yes,No,8,Summit,Weekly,No
CUST-2224,Male,54,Clothing,Jacket,174.97,Los Angeles,S,Blue,Fall,4.62,No,Pickup,Cash,No,No,10,Aster,Monthly,No
CUST-2225,Female,61,Clothing,Jeans,222.82,Houston,M,White,Fall,5.0,No,Next Day,Debit Card,No,No,5,Summit,Monthly,No
CUST-2226,Female,36,Beauty,Perfume,205.87,Miami,M,Blue,Summer,4.38,Yes,Next Day,Credit Card,No,No,12,Northwind,Annually,No
CUST-2227,Female,25,Sports,Dumbbells,229.74,Chicago,XL,White,Summer,4.65,No,Standard,Credit Card,Yes,Yes,14,Aster,Bi-Weekly,No
CUST-2228,Female,66,Sports,Yoga Mat,281.75,Seattle,XL,Blue,Winter,4.57,No,Standard,PayPal,Yes,No,20,Horizon,Quarterly,Yes
CUST-2229,Female,28,Electronics,Smartwatch,374.34,Los Angeles,M,Black,Summer,4.85,Yes,Standard,Cash,Yes,No,17,Horizon,Monthly,Yes
CUST-2230,Male,57,Beauty,Perfume,265.22,Boston,One Size,Blue,Winter,4.59,No,Pickup,Bank Transfer,No,No,21,Vivid,Annually,No
CUST-2231,Female,37,Books,Science Book,109.39,Miami,XL,Green,Spring,4.19,No,Next Day,PayPal,No,No,2,Horizon,Monthly,No
CUST-2232,Male,71,Beauty,Serum,222.32,Chicago,One Size,White,Winter,5.0,No,Next Day,Cash,Yes,Yes,8,Aster,Quarterly,No
CUST-2233,Non-binary,32,Electronics,Tablet,240.51,New York,L,Green,Winter,3.99,Yes,Pickup,PayPal,Yes,No,2,Aster,Quarterly,No
CUST-2234,Female,19,Sports,Fitness Tracker,281.26,Miami,M,Gold,Fall,4.03,Yes,Standard,Bank Transfer,No,No,19,Aster,Bi-Weekly,Yes
CUST-2235,Female,65,Books,Self-help,140.34,Austin,M,White,Winter,4.89,No,Next Day,Debit Card,Yes,Yes,6,Northwind,Quarterly,No
CUST-2236,Female,36,Books,Self-help,167.39,New York,XL,Black,Summer,3.3,No,Pickup,PayPal,No,No,15,Vivid,Monthly,No
CUST-2237,Female,60,Books,Self-help,243.24,Seattle,M,Green,Spring,3.55,Yes,Pickup,Credit Card,No,No,16,Northwind,Weekly,No
CUST-2238,Female,49,Electronics,Phone,349.0,Houston,L,Purple,Spring,4.24,No,Next Day,Debit Card,Yes,No,18,Aster,Annually,Yes
CUST-2239,Female,35,Beauty,Serum,64.01,Miami,M,Red,Summer,4.31,No,Next Day,Debit Card,Yes,Yes,1,Luma,Annually,No
CUST-2240,Female,63,Beauty,Makeup Kit,272.83,Austin,S,Black,Spring,4.6,Yes,Standard,Credit Card,No,No,13,Summit,Quarterly,No
CUST-2241,Male,21,Books,Science Book,194.04,Chicago,L,Red,Winter,3.56,No,Express,Credit Card,No,No,19,Horizon,Quarterly,No
CUST-2242,Female,43,Clothing,T-Shirt,181.51,Houston,L,Red,Fall,4.16,Yes,Next Day,Credit Card,No,No,2,Summit,Weekly,No
CUST-2243,Female,32,Clothing,Jacket,188.49,Chicago,One Size,Black,Spring,4.68,Yes,Express,PayPal,Yes,Yes,5,Northwind,Weekly,No
CUST-2244,Female,39,Books,Novel,142.43,Los Angeles,XL,Gold,Spring,3.72,No,Pickup,Cash,Yes,No,7,Luma,Quarterly,No
CUST-2245,Female,52,Home,Chair,204.29,Austin,L,Red,Winter,3.26,Yes,Next Day,Credit Card,No,No,4,Northwind,Annually,No
CUST-2246,Male,66,Electronics,Smartwatch,279.73,Houston,M,Red,Spring,3.05,No,Pickup,Debit Card,No,No,11,Luma,Bi-Weekly,Yes
CUST-2247,Female,19,Home,Cookware,139.26,Seattle,S,Red,Fall,3.95,No,Next Day,Debit Card,Yes,Yes,2,Aster,Quarterly,No
CUST-2248,Male,29,Books,History Book,75.84,Seattle,One Size,Blue,Spring,4.87,No,Express,Cash,Yes,Yes,1,Aster,Monthly,No
CUST-2249,Male,20,Beauty,Perfume,184.33,Los Angeles,M,Blue,Summer,4.43,Yes,Next Day,PayPal,Yes,Yes,16,Summit,Monthly,No
CUST-2250,Male,71,Electronics,Tablet,358.68,Boston,One Size,Gold,Fall,5.0,Yes,Pickup,Cash,Yes,Yes,13,Vivid,Monthly,Yes
CUST-2251,Male,24,Electronics,Smartwatch,271.81,Seattle,S,Gold,Summer,4.71,Yes,Next Day,Debit Card,Yes,No,11,Northwind,Annually,No
CUST-2252,Female,34,Home,Storage Bin,291.6,Los Angeles,M,White,Fall,4.76,Yes,Express,PayPal,No,No,13,Horizon,Bi-Weekly,Yes
CUST-2253,Male,31,Home,Chair,241.27,Los Angeles,L,Green,Fall,3.83,Yes,Express,Credit Card,No,No,6,Horizon,Monthly,No
CUST-2254,Male,49,Beauty,Skincare Set,235.54,Seattle,One Size,Black,Winter,3.8,Yes,Express,Debit Card,Yes,No,14,Northwind,Annually,No
CUST-2255,Female,68,Beauty,Makeup Kit,279.49,Seattle,M,Gold,Winter,4.2,No,Next Day,Credit Card,No,No,14,Luma,Annually,Yes
CUST-2256,Female,26,Home,Chair,284.36,Miami,L,Green,Summer,4.57,No,Next Day,PayPal,Yes,No,21,Vivid,Monthly,Yes
CUST-2257,Female,37,Home,Cookware,228.32,Seattle,One Size,Green,Winter,3.84,No,Pickup,Bank Transfer,Yes,Yes,15,Luma,Annually,No
CUST-2258,Male,51,Beauty,Serum,116.06,Seattle,One Size,Purple,Winter,3.64,Yes,Standard,Cash,No,No,4,Luma,Annually,No
CUST-2259,Female,27,Sports,Running Shoes,198.65,Miami,L,Purple,Winter,2.66,No,Standard,Debit Card,Yes,Yes,9,Summit,Monthly,No
CUST-2260,Female,23,Beauty,Skincare Set,205.3,Los Angeles,M,Gold,Summer,4.82,No,Next Day,Cash,Yes,No,21,Aster,Monthly,No
CUST-2261,Male,23,Clothing,Dress,244.0,Los Angeles,One Size,Red,Summer,3.93,Yes,Pickup,Debit Card,Yes,Yes,24,Vivid,Monthly,No
CUST-2262,Female,43,Clothing,T-Shirt,232.09,Seattle,S,Blue,Fall,5.0,Yes,Express,Credit Card,Yes,Yes,22,Horizon,Annually,No
CUST-2263,Male,69,Electronics,Smartwatch,361.34,New York,S,Gold,Spring,4.03,Yes,Express,Cash,Yes,Yes,18,Summit,Quarterly,Yes
CUST-2264,Female,40,Beauty,Perfume,207.53,Miami,L,Green,Winter,4.98,No,Express,PayPal,No,No,10,Horizon,Monthly,No
CUST-2265,Female,70,Home,Lamp,314.48,Chicago,S,Purple,Winter,4.82,Yes,Pickup,Credit Card,Yes,No,21,Northwind,Monthly,Yes
CUST-2266,Male,55,Clothing,T-Shirt,153.03,Houston,L,Gold,Spring,2.94,No,Express,Debit Card,Yes,Yes,16,Vivid,Weekly,No
CUST-2267,Female,32,Clothing,Sweater,158.22,Seattle,S,Purple,Summer,4.07,No,Standard,Debit Card,Yes,No,8,Summit,Weekly,No
CUST-2268,Male,41,Clothing,Sweater,154.02,Chicago,XL,Gold,Spring,4.42,Yes,Express,Cash,Yes,No,4,Northwind,Quarterly,No
CUST-2269,Female,41,Clothing,Sweater,143.18,Miami,L,Gold,Summer,3.45,No,Express,Debit Card,Yes,No,10,Summit,Annually,No
CUST-2270,Male,41,Sports,Yoga Mat,202.03,Seattle,One Size,Gold,Fall,3.97,No,Pickup,Cash,Yes,No,12,Summit,Quarterly,No
CUST-2271,Male,31,Electronics,Headphones,286.01,Austin,L,Black,Winter,3.74,No,Next Day,Bank Transfer,Yes,No,17,Aster,Quarterly,Yes
CUST-2272,Female,70,Clothing,T-Shirt,190.73,Austin,L,Green,Spring,4.85,No,Express,Credit Card,No,No,2,Summit,Bi-Weekly,No
CUST-2273,Male,19,Sports,Running Shoes,173.32,Austin,M,Blue,Fall,3.51,No,Standard,Debit Card,No,No,10,Horizon,Bi-Weekly,No
CUST-2274,Male,41,Electronics,Tablet,307.83,Seattle,S,Green,Spring,4.0,Yes,Express,Debit Card,Yes,Yes,6,Luma,Bi-Weekly,Yes
CUST-2275,Female,49,Electronics,Tablet,302.09,Boston,XL,Gold,Fall,4.39,Yes,Express,Bank Transfer,Yes,No,11,Summit,Quarterly,Yes
CUST-2276,Female,35,Electronics,Tablet,292.98,Chicago,L,Green,Fall,4.21,No,Next Day,Cash,Yes,No,15,Luma,Annually,Yes
CUST-2277,Female,60,Clothing,Jacket,189.2,Seattle,XL,Green,Fall,4.65,Yes,Pickup,Credit Card,No,No,7,Northwind,Annually,No
CUST-2278,Female,66,Clothing,Jeans,180.56,Boston,S,Green,Winter,4.31,No,Next Day,Debit Card,Yes,Yes,1,Luma,Weekly,No
CUST-2279,Male,28,Clothing,Jeans,185.27,Austin,One Size,Red,Spring,4.31,No,Standard,Credit Card,Yes,No,15,Horizon,Monthly,No
CUST-2280,Male,47,Sports,Yoga Mat,216.47,Los Angeles,L,Purple,Winter,5.0,Yes,Express,PayPal,Yes,Yes,8,Summit,Annually,No
CUST-2281,Male,45,Home,Chair,211.3,Houston,One Size,Purple,Summer,3.63,No,Express,Bank Transfer,No,No,4,Summit,Weekly,No
CUST-2282,Female,51,Home,Desk,275.98,Chicago,XL,Gold,Fall,3.96,No,Next Day,Cash,Yes,No,17,Northwind,Weekly,Yes
CUST-2283,Male,62,Books,Science Book,166.95,Boston,M,Purple,Summer,5.0,No,Next Day,Cash,No,No,11,Vivid,Quarterly,No
CUST-2284,Female,39,Beauty,Skincare Set,221.63,Los Angeles,XL,Blue,Fall,4.56,No,Standard,Bank Transfer,Yes,No,8,Horizon,Weekly,No
CUST-2285,Female,48,Sports,Dumbbells,196.21,Miami,M,Gold,Winter,5.0,No,Express,Cash,No,No,6,Aster,Annually,No
CUST-2286,Male,51,Electronics,Smartwatch,331.99,Houston,One Size,Purple,Fall,4.5,Yes,Express,Bank Transfer,Yes,No,15,Summit,Monthly,Yes
CUST-2287,Female,51,Books,Cookbook,128.51,Austin,M,Red,Winter,2.49,No,Express,Credit Card,No,No,9,Luma,Quarterly,No
CUST-2288,Female,19,Beauty,Makeup Kit,286.11,New York,M,Black,Winter,5.0,No,Express,Bank Transfer,Yes,No,23,Aster,Weekly,Yes
CUST-2289,Male,25,Books,Cookbook,111.1,Austin,XL,Purple,Fall,5.0,No,Pickup,Bank Transfer,No,No,8,Horizon,Quarterly,No
CUST-2290,Male,63,Electronics,Laptop,232.3,Los Angeles,M,Gold,Summer,3.27,No,Next Day,Cash,Yes,Yes,3,Northwind,Bi-Weekly,No
CUST-2291,Female,67,Clothing,Jacket,186.98,New York,M,Blue,Winter,2.7,No,Next Day,Cash,No,No,19,Northwind,Annually,No
CUST-2292,Female,20,Clothing,Dress,177.68,Los Angeles,S,White,Spring,5.0,No,Next Day,Debit Card,Yes,Yes,23,Luma,Annually,No
CUST-2293,Female,47,Electronics,Phone,297.24,New York,XL,Green,Fall,5.0,Yes,Express,Credit Card,Yes,No,16,Luma,Quarterly,Yes
CUST-2294,Female,26,Sports,Cycling Bottle,242.96,Los Angeles,One Size,Green,Fall,3.6,Yes,Pickup,Cash,Yes,No,16,Horizon,Monthly,No
CUST-2295,Female,51,Home,Desk,244.51,Boston,XL,Red,Summer,4.19,No,Express,PayPal,Yes,Yes,23,Aster,Annually,No
CUST-2296,Female,18,Books,Novel,115.14,Houston,S,Gold,Winter,4.77,Yes,Pickup,Bank Transfer,Yes,No,7,Aster,Annually,No
CUST-2297,Female,31,Home,Storage Bin,260.89,Miami,S,Gold,Winter,4.78,No,Express,Cash,Yes,No,22,Summit,Annually,No
CUST-2298,Female,47,Beauty,Skincare Set,274.29,Boston,M,Gold,Summer,4.63,Yes,Pickup,Bank Transfer,Yes,No,21,Vivid,Quarterly,No
CUST-2299,Male,68,Clothing,Jacket,176.14,Miami,XL,White,Spring,4.16,No,Next Day,Debit Card,Yes,No,11,Northwind,Annually,No
CUST-2300,Male,65,Beauty,Makeup Kit,222.48,Miami,XL,Red,Fall,4.07,No,Pickup,PayPal,No,No,8,Northwind,Bi-Weekly,No
CUST-2301,Male,18,Clothing,Jeans,144.11,Seattle,XL,Green,Fall,3.6,No,Standard,Cash,Yes,No,13,Horizon,Annually,No
CUST-2302,Female,38,Beauty,Makeup Kit,253.74,Seattle,L,White,Summer,4.89,Yes,Pickup,Cash,Yes,Yes,18,Horizon,Annually,No
CUST-2303,Male,22,Electronics,Smartwatch,323.64,Boston,M,Black,Summer,4.42,No,Pickup,Credit Card,No,No,23,Vivid,Quarterly,Yes
CUST-2304,Female,63,Clothing,Jeans,187.22,Chicago,S,Purple,Summer,4.23,No,Pickup,Cash,Yes,Yes,12,Northwind,Bi-Weekly,No
CUST-2305,Male,69,Clothing,Dress,229.07,Houston,S,Gold,Winter,5.0,Yes,Standard,Credit Card,Yes,Yes,10,Northwind,Quarterly,No
CUST-2306,Male,62,Clothing,Jeans,164.61,Austin,S,Green,Spring,3.87,No,Pickup,PayPal,Yes,No,7,Luma,Annually,No
CUST-2307,Male,35,Clothing,Dress,179.04,Seattle,S,Red,Spring,3.36,Yes,Pickup,Debit Card,Yes,Yes,16,Horizon,Annually,No
CUST-2308,Male,21,Clothing,T-Shirt,198.7,Los Angeles,L,Green,Winter,3.46,Yes,Next Day,Bank Transfer,No,No,17,Vivid,Quarterly,No
CUST-2309,Male,24,Home,Storage Bin,255.57,Boston,XL,Black,Winter,3.84,No,Pickup,Cash,No,No,22,Summit,Annually,No
CUST-2310,Female,57,Clothing,T-Shirt,196.43,Austin,XL,Purple,Spring,4.17,Yes,Express,Cash,Yes,No,8,Aster,Quarterly,No
CUST-2311,Female,37,Sports,Dumbbells,246.37,Chicago,XL,White,Summer,3.55,No,Express,PayPal,Yes,No,21,Vivid,Annually,No
CUST-2312,Female,36,Clothing,Jeans,109.0,New York,XL,Green,Summer,3.23,No,Express,Bank Transfer,Yes,No,1,Northwind,Quarterly,No
CUST-2313,Female,60,Home,Desk,260.86,Austin,S,Red,Fall,4.88,No,Standard,Debit Card,Yes,No,18,Vivid,Annually,No
CUST-2314,Female,66,Beauty,Brush Set,177.6,Miami,S,White,Winter,3.74,No,Pickup,Cash,Yes,Yes,1,Northwind,Bi-Weekly,No
CUST-2315,Female,66,Clothing,Dress,219.75,New York,M,Green,Fall,3.94,No,Standard,Debit Card,Yes,No,16,Vivid,Weekly,No
CUST-2316,Male,30,Sports,Dumbbells,235.03,Boston,S,Gold,Fall,4.03,No,Express,Bank Transfer,Yes,No,12,Aster,Bi-Weekly,No
CUST-2317,Female,45,Clothing,Sweater,230.1,Austin,XL,Red,Winter,5.0,No,Pickup,PayPal,Yes,Yes,20,Northwind,Quarterly,No
CUST-2318,Female,44,Electronics,Headphones,277.25,Miami,M,Blue,Summer,3.87,No,Pickup,PayPal,No,No,8,Vivid,Monthly,Yes
CUST-2319,Male,53,Clothing,Sweater,271.35,Austin,S,Black,Summer,4.1,Yes,Next Day,Cash,Yes,No,23,Northwind,Weekly,No
CUST-2320,Male,19,Clothing,Dress,187.1,Boston,M,White,Summer,5.0,No,Express,Cash,Yes,No,12,Horizon,Weekly,No
CUST-2321,Male,62,Beauty,Makeup Kit,271.67,Chicago,L,Red,Spring,4.44,No,Express,Bank Transfer,No,No,23,Summit,Quarterly,No
CUST-2322,Female,31,Clothing,Dress,199.57,Chicago,XL,Green,Spring,4.06,Yes,Express,Credit Card,Yes,No,19,Summit,Bi-Weekly,No
CUST-2323,Female,55,Clothing,Jacket,236.68,Chicago,L,Black,Winter,3.04,Yes,Pickup,Debit Card,Yes,No,17,Aster,Weekly,No
CUST-2324,Female,35,Clothing,Jacket,189.45,Miami,XL,Blue,Summer,5.0,Yes,Next Day,Debit Card,Yes,Yes,10,Luma,Bi-Weekly,No
CUST-2325,Female,70,Clothing,Dress,212.61,Boston,One Size,Green,Fall,5.0,Yes,Express,Bank Transfer,No,No,2,Horizon,Quarterly,No
CUST-2326,Female,46,Sports,Cycling Bottle,267.84,Houston,One Size,Green,Summer,4.29,Yes,Express,Cash,Yes,No,22,Horizon,Annually,No
CUST-2327,Male,53,Beauty,Makeup Kit,231.29,Chicago,S,Black,Summer,3.65,Yes,Pickup,Bank Transfer,No,No,6,Luma,Weekly,No
CUST-2328,Male,33,Electronics,Laptop,318.09,Boston,XL,Blue,Fall,3.43,Yes,Standard,Bank Transfer,No,No,10,Summit,Bi-Weekly,Yes
CUST-2329,Male,49,Home,Desk,302.5,Seattle,One Size,Green,Spring,4.94,Yes,Express,Bank Transfer,Yes,No,14,Luma,Weekly,Yes
CUST-2330,Female,62,Books,Self-help,174.57,Austin,M,Green,Fall,4.21,Yes,Pickup,Credit Card,No,No,7,Luma,Quarterly,No
CUST-2331,Female,61,Clothing,T-Shirt,221.32,Los Angeles,M,Red,Winter,3.24,Yes,Standard,PayPal,No,No,16,Luma,Annually,No
CUST-2332,Male,27,Clothing,T-Shirt,208.05,Austin,L,White,Summer,4.9,Yes,Standard,Cash,Yes,No,14,Horizon,Bi-Weekly,No
CUST-2333,Male,35,Beauty,Skincare Set,113.61,Austin,XL,White,Summer,4.95,No,Pickup,PayPal,No,No,4,Luma,Monthly,No
CUST-2334,Male,19,Electronics,Smartwatch,297.54,Chicago,XL,Green,Winter,4.48,No,Standard,PayPal,Yes,No,24,Summit,Quarterly,Yes
CUST-2335,Male,51,Home,Storage Bin,181.55,Los Angeles,One Size,Blue,Summer,3.49,No,Standard,Credit Card,Yes,No,3,Aster,Monthly,No
CUST-2336,Male,49,Sports,Yoga Mat,246.4,Chicago,S,Green,Winter,4.37,No,Pickup,Debit Card,Yes,Yes,23,Horizon,Monthly,No
CUST-2337,Male,44,Clothing,Dress,193.09,Houston,XL,Blue,Fall,4.19,Yes,Pickup,Credit Card,No,No,4,Luma,Bi-Weekly,No
CUST-2338,Female,30,Books,Novel,103.78,Boston,One Size,Red,Fall,3.71,No,Next Day,Debit Card,Yes,No,1,Vivid,Quarterly,No
CUST-2339,Male,35,Clothing,T-Shirt,154.44,Seattle,M,Red,Summer,4.27,Yes,Express,Cash,Yes,Yes,6,Horizon,Quarterly,No
CUST-2340,Male,25,Beauty,Serum,181.16,Austin,One Size,Blue,Fall,5.0,Yes,Next Day,PayPal,No,No,4,Luma,Quarterly,No
CUST-2341,Male,20,Beauty,Makeup Kit,135.85,Boston,XL,Blue,Summer,2.87,No,Express,Bank Transfer,Yes,Yes,16,Summit,Monthly,No
CUST-2342,Female,35,Beauty,Makeup Kit,203.82,Boston,XL,Blue,Winter,4.03,Yes,Next Day,PayPal,No,No,12,Northwind,Annually,No
CUST-2343,Male,70,Beauty,Skincare Set,262.16,Houston,L,Red,Spring,4.36,No,Next Day,Credit Card,Yes,Yes,24,Summit,Quarterly,No
CUST-2344,Male,59,Sports,Running Shoes,197.72,Austin,XL,Gold,Summer,3.99,No,Express,Cash,Yes,Yes,13,Horizon,Monthly,No
CUST-2345,Female,50,Home,Lamp,354.74,Austin,One Size,Red,Spring,5.0,Yes,Next Day,Debit Card,Yes,No,20,Aster,Weekly,Yes
CUST-2346,Male,66,Home,Storage Bin,294.37,Boston,One Size,Gold,Fall,3.13,No,Next Day,Credit Card,Yes,No,24,Northwind,Monthly,Yes
CUST-2347,Female,53,Clothing,Sweater,245.56,New York,XL,Blue,Spring,4.07,Yes,Next Day,Cash,No,No,21,Horizon,Bi-Weekly,No
CUST-2348,Male,27,Electronics,Phone,281.29,Houston,L,Blue,Fall,4.5,Yes,Next Day,Bank Transfer,Yes,Yes,12,Northwind,Quarterly,Yes
CUST-2349,Female,54,Electronics,Headphones,296.49,Houston,S,Red,Summer,2.91,No,Pickup,PayPal,Yes,Yes,16,Northwind,Annually,Yes
CUST-2350,Female,69,Electronics,Tablet,318.94,Houston,L,Green,Fall,5.0,Yes,Standard,Credit Card,Yes,No,8,Horizon,Quarterly,Yes
CUST-2351,Male,40,Sports,Dumbbells,113.66,Miami,S,White,Summer,4.33,No,Pickup,Credit Card,Yes,No,1,Vivid,Bi-Weekly,No
CUST-2352,Male,58,Home,Storage Bin,279.76,Los Angeles,One Size,Red,Summer,4.34,Yes,Express,Bank Transfer,Yes,No,15,Aster,Monthly,Yes
CUST-2353,Female,44,Books,Science Book,200.62,Miami,S,White,Winter,4.39,Yes,Standard,PayPal,Yes,No,10,Northwind,Bi-Weekly,No
CUST-2354,Male,22,Sports,Fitness Tracker,252.53,Seattle,One Size,Blue,Fall,5.0,No,Standard,Cash,Yes,Yes,11,Vivid,Bi-Weekly,No
CUST-2355,Female,29,Books,Novel,154.12,Austin,L,Black,Fall,3.59,No,Next Day,Debit Card,No,No,16,Luma,Annually,No
CUST-2356,Female,25,Clothing,T-Shirt,194.2,Chicago,One Size,Green,Summer,3.87,No,Express,PayPal,Yes,Yes,21,Aster,Quarterly,No
CUST-2357,Female,31,Sports,Running Shoes,231.55,Houston,S,Blue,Winter,4.95,No,Standard,PayPal,Yes,No,19,Luma,Bi-Weekly,No
CUST-2358,Female,54,Home,Storage Bin,283.45,Austin,M,Blue,Spring,4.78,Yes,Express,Credit Card,Yes,No,18,Northwind,Bi-Weekly,Yes
CUST-2359,Female,41,Beauty,Makeup Kit,185.07,Houston,XL,Black,Summer,4.33,No,Express,Bank Transfer,Yes,No,4,Horizon,Bi-Weekly,No
CUST-2360,Male,19,Electronics,Smartwatch,361.89,Seattle,S,Red,Spring,5.0,No,Next Day,Cash,Yes,Yes,21,Aster,Bi-Weekly,Yes
CUST-2361,Male,66,Clothing,Sweater,175.39,Houston,One Size,Black,Spring,3.85,No,Express,Cash,Yes,Yes,15,Aster,Annually,No
CUST-2362,Male,28,Beauty,Brush Set,233.51,Los Angeles,M,Green,Winter,3.9,No,Express,Debit Card,No,No,19,Luma,Bi-Weekly,No
CUST-2363,Female,33,Clothing,T-Shirt,167.22,Miami,One Size,Purple,Winter,3.82,Yes,Express,Debit Card,Yes,No,12,Horizon,Monthly,No
CUST-2364,Male,29,Clothing,Jacket,236.21,Houston,XL,Black,Fall,4.52,No,Express,Bank Transfer,No,No,23,Northwind,Quarterly,No
CUST-2365,Female,55,Home,Lamp,268.58,Boston,L,Green,Fall,3.45,Yes,Express,Credit Card,Yes,No,21,Horizon,Annually,No
CUST-2366,Female,64,Clothing,T-Shirt,155.67,Seattle,One Size,Blue,Winter,3.87,No,Standard,Bank Transfer,Yes,Yes,2,Horizon,Weekly,No
CUST-2367,Female,25,Electronics,Tablet,271.86,Boston,S,Blue,Spring,3.34,No,Next Day,Bank Transfer,Yes,Yes,17,Luma,Quarterly,No
CUST-2368,Male,24,Beauty,Makeup Kit,242.49,Los Angeles,L,Purple,Fall,4.31,Yes,Next Day,Bank Transfer,No,No,6,Aster,Weekly,No
CUST-2369,Female,24,Electronics,Headphones,262.63,Boston,M,Green,Fall,5.0,No,Express,Bank Transfer,Yes,Yes,14,Aster,Annually,No
CUST-2370,Male,69,Electronics,Smartwatch,272.34,Houston,One Size,Red,Fall,4.18,No,Standard,Credit Card,Yes,No,2,Horizon,Bi-Weekly,No
CUST-2371,Male,58,Home,Storage Bin,189.49,Los Angeles,S,Gold,Spring,3.91,Yes,Next Day,Debit Card,Yes,Yes,3,Luma,Quarterly,No
CUST-2372,Female,63,Electronics,Tablet,265.62,Seattle,L,Purple,Fall,5.0,No,Standard,Cash,No,No,3,Aster,Quarterly,No
CUST-2373,Female,36,Clothing,Dress,168.35,Austin,S,Red,Spring,3.82,Yes,Next Day,Debit Card,Yes,No,7,Horizon,Weekly,No
CUST-2374,Male,66,Home,Lamp,194.92,Miami,S,Black,Summer,3.11,No,Pickup,Cash,No,No,6,Summit,Bi-Weekly,No
CUST-2375,Female,46,Electronics,Phone,292.29,New York,S,Red,Winter,4.12,No,Express,Debit Card,No,No,11,Horizon,Monthly,Yes
CUST-2376,Male,45,Books,Novel,118.21,Chicago,L,White,Summer,4.82,No,Pickup,Credit Card,No,No,1,Horizon,Quarterly,No
CUST-2377,Male,33,Clothing,Jeans,215.62,Austin,S,Red,Spring,4.0,No,Next Day,Cash,Yes,Yes,20,Summit,Bi-Weekly,No
CUST-2378,Female,70,Beauty,Perfume,335.88,Seattle,One Size,Gold,Summer,4.6,Yes,Next Day,PayPal,No,No,24,Luma,Weekly,Yes
CUST-2379,Female,36,Clothing,Jeans,98.79,Miami,S,Purple,Fall,3.1,No,Next Day,Bank Transfer,Yes,Yes,3,Northwind,Weekly,No
CUST-2380,Female,68,Home,Cookware,239.01,New York,XL,Gold,Spring,4.67,No,Standard,Credit Card,Yes,No,10,Luma,Bi-Weekly,No
CUST-2381,Female,38,Electronics,Laptop,256.95,Chicago,One Size,Green,Winter,4.74,No,Pickup,Credit Card,Yes,Yes,10,Aster,Quarterly,No
CUST-2382,Male,63,Clothing,T-Shirt,190.88,Seattle,XL,Green,Spring,3.06,No,Standard,PayPal,Yes,No,16,Luma,Bi-Weekly,No
CUST-2383,Male,41,Clothing,Dress,176.34,Miami,XL,Red,Summer,4.91,No,Next Day,Cash,Yes,No,9,Northwind,Bi-Weekly,No
CUST-2384,Male,43,Beauty,Perfume,242.28,Austin,S,Green,Winter,2.98,No,Standard,PayPal,No,No,17,Summit,Quarterly,No
CUST-2385,Male,42,Clothing,T-Shirt,214.63,Seattle,M,Purple,Spring,3.3,Yes,Standard,Bank Transfer,Yes,Yes,19,Horizon,Bi-Weekly,No
CUST-2386,Male,47,Electronics,Tablet,281.56,Miami,L,Green,Fall,3.59,Yes,Next Day,PayPal,No,No,2,Northwind,Quarterly,Yes
CUST-2387,Male,22,Beauty,Makeup Kit,170.75,Seattle,S,Black,Fall,2.93,Yes,Standard,Credit Card,Yes,Yes,14,Horizon,Quarterly,No
CUST-2388,Female,27,Sports,Dumbbells,141.48,Boston,XL,Blue,Fall,2.73,Yes,Express,PayPal,Yes,Yes,4,Horizon,Monthly,No
CUST-2389,Male,36,Beauty,Serum,193.63,Miami,One Size,White,Fall,3.71,No,Standard,PayPal,No,No,11,Luma,Monthly,No
CUST-2390,Male,52,Beauty,Serum,269.45,Houston,S,Black,Summer,4.24,Yes,Pickup,Debit Card,No,No,11,Northwind,Monthly,No
CUST-2391,Female,30,Clothing,Jacket,225.68,Boston,S,White,Winter,5.0,No,Express,Credit Card,Yes,No,16,Vivid,Bi-Weekly,No
CUST-2392,Female,64,Sports,Yoga Mat,271.28,Chicago,M,Black,Fall,3.98,No,Pickup,Bank Transfer,No,No,22,Northwind,Monthly,No
CUST-2393,Female,36,Sports,Yoga Mat,313.74,Houston,L,Gold,Summer,5.0,No,Pickup,Cash,Yes,No,17,Northwind,Weekly,Yes
CUST-2394,Male,62,Home,Storage Bin,237.48,Austin,S,Blue,Summer,4.49,Yes,Standard,Debit Card,Yes,No,9,Aster,Monthly,No
CUST-2395,Male,71,Clothing,Sweater,165.79,Chicago,L,White,Winter,5.0,No,Next Day,Cash,Yes,No,4,Northwind,Monthly,No
CUST-2396,Female,41,Clothing,Jeans,192.5,Chicago,XL,Black,Winter,3.94,No,Express,Bank Transfer,No,No,10,Luma,Weekly,No
CUST-2397,Male,58,Clothing,Sweater,149.98,Houston,S,Blue,Summer,4.81,No,Standard,Debit Card,No,No,3,Luma,Monthly,No
CUST-2398,Female,68,Clothing,Jacket,187.49,Houston,L,Green,Summer,4.26,No,Express,Credit Card,No,No,6,Luma,Monthly,No
CUST-2399,Male,26,Sports,Fitness Tracker,184.9,Los Angeles,XL,Blue,Spring,4.55,No,Pickup,Bank Transfer,No,No,6,Aster,Quarterly,No
CUST-2400,Male,26,Clothing,T-Shirt,162.89,Miami,M,Gold,Summer,5.0,No,Express,Debit Card,No,No,4,Northwind,Annually,No
CUST-2401,Male,63,Clothing,T-Shirt,198.48,Los Angeles,M,Red,Winter,4.1,No,Pickup,Credit Card,Yes,Yes,16,Luma,Annually,No
CUST-2402,Female,53,Clothing,Sweater,191.27,Austin,L,Gold,Fall,4.06,Yes,Pickup,Debit Card,Yes,Yes,9,Aster,Annually,No
CUST-2403,Male,68,Beauty,Makeup Kit,193.24,Los Angeles,XL,Purple,Summer,5.0,Yes,Pickup,Credit Card,Yes,No,3,Horizon,Quarterly,No
CUST-2404,Female,64,Beauty,Skincare Set,301.23,Miami,One Size,Black,Summer,5.0,No,Pickup,Debit Card,No,No,23,Horizon,Bi-Weekly,Yes
CUST-2405,Male,25,Books,History Book,180.43,Austin,One Size,Gold,Winter,5.0,No,Pickup,PayPal,No,No,19,Vivid,Monthly,No
CUST-2406,Female,27,Beauty,Perfume,165.39,Austin,S,Red,Winter,3.71,No,Standard,Credit Card,No,No,3,Horizon,Weekly,No
CUST-2407,Female,41,Clothing,Sweater,146.72,Boston,XL,Green,Spring,4.39,No,Next Day,PayPal,Yes,No,4,Horizon,Monthly,No
CUST-2408,Male,33,Beauty,Brush Set,199.14,Boston,S,Gold,Spring,3.84,No,Pickup,Bank Transfer,No,No,10,Horizon,Monthly,No
CUST-2409,Male,47,Sports,Cycling Bottle,306.13,New York,S,White,Winter,4.95,Yes,Next Day,Credit Card,No,No,18,Aster,Bi-Weekly,Yes
CUST-2410,Male,34,Sports,Cycling Bottle,160.23,Houston,S,Black,Winter,4.27,No,Standard,Bank Transfer,No,No,3,Summit,Annually,No
CUST-2411,Male,58,Electronics,Smartwatch,293.37,Boston,One Size,Red,Fall,5.0,No,Next Day,PayPal,No,No,2,Aster,Quarterly,Yes
CUST-2412,Female,27,Electronics,Smartwatch,225.17,Miami,One Size,Black,Summer,4.32,Yes,Next Day,Bank Transfer,No,No,2,Horizon,Quarterly,No
CUST-2413,Male,47,Electronics,Tablet,254.94,Chicago,L,Blue,Fall,4.7,No,Standard,Debit Card,No,No,2,Aster,Quarterly,No
CUST-2414,Male,68,Sports,Dumbbells,191.04,Austin,L,Green,Winter,3.26,No,Pickup,PayPal,No,No,8,Aster,Annually,No
CUST-2415,Male,36,Books,Science Book,151.53,Chicago,M,Red,Summer,4.45,Yes,Standard,Debit Card,Yes,Yes,1,Vivid,Bi-Weekly,No
CUST-2416,Female,37,Beauty,Perfume,208.92,Houston,M,Green,Fall,4.17,No,Pickup,Debit Card,Yes,No,12,Horizon,Weekly,No
CUST-2417,Male,32,Books,Self-help,136.63,Austin,One Size,Blue,Spring,3.74,Yes,Next Day,PayPal,Yes,Yes,13,Aster,Annually,No
CUST-2418,Male,52,Sports,Running Shoes,199.63,New York,L,Blue,Winter,3.49,No,Standard,Debit Card,No,No,2,Summit,Annually,No
CUST-2419,Female,18,Clothing,Sweater,106.11,Los Angeles,M,Red,Winter,3.71,No,Pickup,Cash,No,No,1,Northwind,Bi-Weekly,No
CUST-2420,Female,37,Beauty,Skincare Set,134.98,Seattle,One Size,Purple,Winter,4.03,No,Standard,Credit Card,Yes,Yes,1,Summit,Annually,No
CUST-2421,Female,35,Home,Cookware,268.06,Chicago,M,Red,Summer,4.02,Yes,Express,Bank Transfer,Yes,Yes,23,Vivid,Annually,No
CUST-2422,Female,31,Beauty,Makeup Kit,206.2,Austin,L,Green,Fall,3.73,Yes,Express,Cash,No,No,23,Vivid,Monthly,No
CUST-2423,Male,54,Beauty,Makeup Kit,135.92,Miami,L,Gold,Fall,5.0,No,Express,Debit Card,Yes,Yes,1,Horizon,Quarterly,No
CUST-2424,Female,67,Beauty,Brush Set,193.95,Chicago,L,Blue,Summer,3.43,No,Next Day,Bank Transfer,Yes,No,7,Aster,Monthly,No
CUST-2425,Female,71,Sports,Cycling Bottle,206.1,Los Angeles,One Size,Red,Winter,4.36,No,Standard,Cash,Yes,No,9,Aster,Quarterly,No
CUST-2426,Female,68,Home,Storage Bin,284.48,Miami,XL,Green,Spring,4.09,No,Next Day,Credit Card,Yes,No,16,Northwind,Monthly,Yes
CUST-2427,Female,30,Clothing,Jeans,176.64,New York,M,Green,Summer,4.23,No,Pickup,Debit Card,Yes,Yes,21,Summit,Annually,No
CUST-2428,Female,69,Books,Cookbook,187.67,Chicago,S,Red,Summer,3.95,No,Next Day,Bank Transfer,No,No,16,Aster,Bi-Weekly,No
CUST-2429,Male,57,Electronics,Phone,393.04,Seattle,L,White,Winter,4.04,No,Pickup,PayPal,No,No,20,Summit,Bi-Weekly,Yes
CUST-2430,Male,18,Home,Cookware,271.67,Austin,One Size,Blue,Spring,4.41,No,Express,Credit Card,No,No,24,Vivid,Monthly,No
CUST-2431,Female,53,Sports,Cycling Bottle,288.96,Miami,M,White,Winter,2.62,Yes,Standard,PayPal,No,No,20,Horizon,Monthly,Yes
CUST-2432,Male,35,Sports,Cycling Bottle,252.55,Los Angeles,XL,Gold,Fall,4.07,No,Standard,Cash,No,No,21,Luma,Annually,No
CUST-2433,Female,50,Clothing,T-Shirt,160.86,Miami,XL,Gold,Winter,4.41,No,Standard,PayPal,Yes,No,3,Horizon,Weekly,No
CUST-2434,Female,48,Home,Cookware,297.27,Los Angeles,S,Green,Fall,4.04,Yes,Standard,PayPal,Yes,Yes,16,Summit,Monthly,Yes
CUST-2435,Female,56,Home,Lamp,259.52,Boston,S,Green,Spring,5.0,No,Next Day,Credit Card,No,No,12,Luma,Quarterly,No
CUST-2436,Female,47,Electronics,Smartwatch,315.44,Austin,XL,Green,Winter,4.8,Yes,Next Day,Bank Transfer,Yes,No,12,Vivid,Bi-Weekly,Yes
CUST-2437,Male,28,Sports,Dumbbells,153.03,Houston,M,Blue,Winter,3.36,No,Pickup,PayPal,No,No,1,Vivid,Monthly,No
CUST-2438,Female,23,Clothing,T-Shirt,227.81,Los Angeles,L,Green,Spring,3.96,Yes,Next Day,Bank Transfer,Yes,Yes,21,Horizon,Annually,No
CUST-2439,Male,60,Clothing,Sweater,160.19,Los Angeles,One Size,Gold,Fall,5.0,No,Pickup,Bank Transfer,No,No,9,Horizon,Annually,No
CUST-2440,Female,26,Books,Cookbook,89.51,Austin,S,Gold,Spring,3.77,No,Express,Credit Card,No,No,5,Summit,Annually,No
CUST-2441,Female,64,Electronics,Laptop,394.93,Austin,L,Black,Summer,4.4,No,Express,PayPal,No,No,24,Luma,Quarterly,Yes
CUST-2442,Female,51,Clothing,T-Shirt,231.52,Boston,XL,Red,Spring,4.7,Yes,Standard,Debit Card,Yes,Yes,15,Aster,Bi-Weekly,No
CUST-2443,Male,65,Clothing,T-Shirt,221.01,Austin,M,Purple,Summer,3.5,No,Next Day,Bank Transfer,Yes,Yes,22,Northwind,Monthly,No
CUST-2444,Female,31,Beauty,Makeup Kit,264.09,Chicago,L,Black,Winter,5.0,Yes,Express,Cash,No,No,12,Vivid,Bi-Weekly,No
CUST-2445,Male,35,Home,Cookware,225.5,Boston,L,Green,Summer,4.29,Yes,Express,Credit Card,Yes,No,11,Horizon,Bi-Weekly,No
CUST-2446,Female,49,Beauty,Makeup Kit,219.61,New York,XL,Purple,Summer,4.01,No,Pickup,PayPal,Yes,No,24,Aster,Quarterly,No
CUST-2447,Female,55,Clothing,Jeans,215.23,Austin,L,Red,Spring,5.0,Yes,Next Day,Bank Transfer,No,No,10,Luma,Monthly,No
CUST-2448,Female,54,Beauty,Makeup Kit,217.71,Houston,One Size,Purple,Spring,3.3,No,Pickup,Cash,No,No,13,Horizon,Monthly,No
CUST-2449,Female,58,Clothing,Jeans,223.48,Chicago,L,Gold,Spring,4.33,Yes,Pickup,PayPal,Yes,Yes,12,Summit,Bi-Weekly,No
CUST-2450,Male,33,Home,Chair,249.93,New York,L,Purple,Summer,3.58,Yes,Standard,PayPal,Yes,No,21,Luma,Monthly,No
CUST-2451,Male,63,Electronics,Smartwatch,328.55,Boston,One Size,Purple,Fall,4.7,No,Pickup,Debit Card,Yes,Yes,10,Vivid,Weekly,Yes
CUST-2452,Female,24,Beauty,Perfume,181.65,Austin,M,Black,Winter,2.82,Yes,Next Day,PayPal,Yes,Yes,13,Luma,Quarterly,No
CUST-2453,Male,58,Books,Cookbook,169.04,Chicago,S,White,Summer,4.02,No,Standard,PayPal,Yes,No,5,Horizon,Bi-Weekly,No
CUST-2454,Male,51,Home,Lamp,306.6,Austin,L,Black,Winter,4.67,No,Pickup,Bank Transfer,Yes,Yes,23,Summit,Annually,Yes
CUST-2455,Male,54,Sports,Dumbbells,306.78,Boston,One Size,Gold,Spring,5.0,Yes,Next Day,Debit Card,Yes,No,16,Vivid,Monthly,Yes
CUST-2456,Male,40,Sports,Fitness Tracker,254.48,New York,M,White,Winter,4.51,Yes,Standard,Cash,No,No,12,Aster,Monthly,No
CUST-2457,Male,68,Sports,Cycling Bottle,280.83,Boston,S,Blue,Winter,4.0,No,Pickup,PayPal,No,No,11,Northwind,Weekly,Yes
CUST-2458,Female,38,Beauty,Skincare Set,204.25,Miami,One Size,Gold,Summer,4.89,No,Express,Cash,No,No,10,Vivid,Bi-Weekly,No
CUST-2459,Male,35,Electronics,Tablet,387.68,Houston,M,Red,Summer,5.0,Yes,Pickup,Debit Card,No,No,20,Northwind,Weekly,Yes
CUST-2460,Female,52,Sports,Cycling Bottle,267.04,Seattle,One Size,White,Spring,4.93,Yes,Pickup,Bank Transfer,No,No,11,Horizon,Quarterly,No
CUST-2461,Female,28,Beauty,Serum,126.12,Boston,One Size,Purple,Spring,4.54,No,Standard,Cash,Yes,No,7,Luma,Quarterly,No
CUST-2462,Male,52,Clothing,T-Shirt,271.52,Boston,XL,Purple,Summer,4.99,Yes,Express,Bank Transfer,Yes,Yes,18,Horizon,Weekly,No
CUST-2463,Male,46,Sports,Dumbbells,146.58,Houston,M,Green,Winter,4.3,No,Express,Debit Card,No,No,4,Northwind,Bi-Weekly,No
CUST-2464,Male,56,Books,Self-help,254.78,Boston,XL,Blue,Spring,4.17,No,Express,Credit Card,No,No,24,Luma,Monthly,No
CUST-2465,Female,44,Home,Storage Bin,176.78,Chicago,XL,Black,Fall,4.39,Yes,Next Day,PayPal,Yes,No,4,Northwind,Quarterly,No
CUST-2466,Male,36,Sports,Cycling Bottle,251.75,Houston,S,Purple,Winter,4.66,No,Standard,Bank Transfer,Yes,No,18,Aster,Monthly,No
CUST-2467,Female,55,Beauty,Skincare Set,227.38,Miami,S,Red,Summer,3.44,No,Standard,Bank Transfer,No,No,17,Northwind,Annually,No
CUST-2468,Female,53,Electronics,Smartwatch,303.59,Los Angeles,S,Purple,Fall,4.62,No,Express,Debit Card,Yes,No,6,Northwind,Weekly,Yes
CUST-2469,Female,29,Home,Storage Bin,163.28,New York,S,Red,Winter,3.81,No,Pickup,Bank Transfer,Yes,Yes,2,Aster,Weekly,No
CUST-2470,Female,61,Home,Chair,303.7,Austin,S,White,Spring,3.82,Yes,Standard,Credit Card,Yes,No,22,Horizon,Quarterly,Yes
CUST-2471,Non-binary,51,Home,Lamp,219.61,Chicago,S,Green,Spring,4.01,No,Pickup,Debit Card,Yes,No,10,Horizon,Quarterly,No
CUST-2472,Male,19,Electronics,Laptop,278.74,New York,One Size,Blue,Fall,4.39,No,Standard,Cash,Yes,No,17,Summit,Monthly,Yes
CUST-2473,Male,42,Clothing,Sweater,152.08,New York,M,Purple,Fall,4.49,Yes,Standard,Bank Transfer,Yes,No,5,Horizon,Monthly,No
CUST-2474,Male,53,Books,Cookbook,210.84,Houston,One Size,Blue,Spring,3.7,No,Next Day,Bank Transfer,No,No,10,Horizon,Monthly,No
CUST-2475,Male,40,Electronics,Smartwatch,380.06,Boston,L,White,Winter,3.53,Yes,Standard,Debit Card,Yes,No,23,Northwind,Quarterly,Yes
CUST-2476,Male,37,Sports,Yoga Mat,203.3,New York,L,Green,Spring,4.33,Yes,Express,Cash,Yes,Yes,2,Summit,Quarterly,No
CUST-2477,Male,19,Books,Science Book,136.12,Houston,XL,White,Fall,3.26,Yes,Pickup,Debit Card,No,No,12,Summit,Annually,No
CUST-2478,Non-binary,44,Clothing,Sweater,204.9,Miami,M,Blue,Winter,3.77,No,Pickup,Cash,Yes,No,16,Summit,Weekly,No
CUST-2479,Male,65,Sports,Fitness Tracker,288.26,Austin,L,Gold,Winter,3.85,No,Pickup,Cash,No,No,15,Northwind,Annually,Yes
CUST-2480,Male,52,Home,Chair,212.22,Austin,M,Purple,Fall,4.82,No,Pickup,Debit Card,Yes,Yes,1,Aster,Weekly,No
CUST-2481,Male,46,Clothing,T-Shirt,249.1,Los Angeles,L,Green,Winter,4.51,Yes,Pickup,PayPal,No,No,11,Northwind,Weekly,No
CUST-2482,Female,28,Electronics,Tablet,378.15,New York,L,White,Summer,4.66,Yes,Next Day,Cash,No,No,13,Northwind,Weekly,Yes
CUST-2483,Female,30,Home,Desk,268.69,New York,L,Black,Spring,4.25,No,Next Day,Cash,No,No,24,Vivid,Quarterly,No
CUST-2484,Male,65,Books,Cookbook,120.66,Boston,S,Gold,Fall,2.82,No,Express,PayPal,No,No,3,Northwind,Weekly,No
CUST-2485,Male,36,Books,Novel,118.75,Los Angeles,One Size,Green,Winter,4.33,No,Pickup,PayPal,No,No,1,Northwind,Weekly,No
CUST-2486,Female,64,Home,Lamp,248.14,Chicago,S,White,Summer,4.56,No,Pickup,Cash,No,No,9,Luma,Monthly,No
CUST-2487,Female,27,Home,Desk,208.24,Boston,One Size,Red,Winter,3.96,No,Pickup,Debit Card,No,No,3,Vivid,Monthly,No
CUST-2488,Male,28,Sports,Running Shoes,246.16,New York,L,Green,Spring,5.0,Yes,Standard,Credit Card,No,No,13,Luma,Annually,No
CUST-2489,Male,41,Electronics,Headphones,243.18,Miami,S,Red,Spring,3.66,No,Next Day,Bank Transfer,Yes,Yes,1,Luma,Bi-Weekly,No
CUST-2490,Female,36,Home,Desk,286.92,Los Angeles,L,White,Winter,4.45,Yes,Express,Debit Card,No,No,15,Vivid,Bi-Weekly,Yes
CUST-2491,Female,71,Books,Cookbook,241.76,Chicago,XL,Gold,Spring,4.97,No,Pickup,Debit Card,Yes,No,19,Luma,Weekly,No
CUST-2492,Female,60,Home,Cookware,218.98,Austin,XL,White,Spring,3.58,No,Pickup,Debit Card,Yes,No,14,Northwind,Quarterly,No
CUST-2493,Female,64,Sports,Cycling Bottle,247.66,Houston,XL,Black,Summer,3.66,Yes,Standard,Bank Transfer,Yes,No,12,Vivid,Weekly,No
CUST-2494,Female,69,Home,Desk,221.19,Seattle,M,Blue,Winter,4.4,No,Pickup,PayPal,Yes,Yes,14,Vivid,Annually,No
CUST-2495,Female,27,Electronics,Smartwatch,344.93,Boston,S,Green,Spring,5.0,Yes,Pickup,Debit Card,No,No,15,Aster,Monthly,Yes
CUST-2496,Female,45,Books,Science Book,213.68,Miami,M,Black,Summer,2.17,Yes,Express,Cash,No,No,23,Summit,Monthly,No
CUST-2497,Male,68,Books,History Book,197.98,Houston,M,Gold,Fall,5.0,Yes,Express,PayPal,No,No,4,Summit,Annually,No
CUST-2498,Male,24,Home,Chair,219.2,Los Angeles,One Size,Red,Winter,3.83,Yes,Standard,PayPal,Yes,No,13,Vivid,Monthly,No
CUST-2499,Male,60,Clothing,T-Shirt,247.67,Chicago,L,Blue,Spring,3.8,Yes,Express,Credit Card,Yes,Yes,22,Summit,Quarterly,No
CUST-2500,Male,69,Sports,Fitness Tracker,226.86,Los Angeles,XL,Gold,Winter,3.93,No,Next Day,Cash,Yes,No,13,Horizon,Annually,No
CUST-2501,Male,23,Sports,Yoga Mat,238.59,Los Angeles,L,Purple,Fall,4.95,Yes,Pickup,PayPal,Yes,No,5,Northwind,Bi-Weekly,No
CUST-2502,Male,57,Clothing,T-Shirt,220.35,Los Angeles,One Size,White,Fall,4.82,No,Pickup,Cash,No,No,11,Aster,Weekly,No
CUST-2503,Male,29,Books,Self-help,108.37,New York,One Size,Green,Winter,2.46,No,Next Day,PayPal,No,No,6,Vivid,Annually,No
CUST-2504,Male,28,Sports,Cycling Bottle,249.56,Austin,M,Blue,Fall,4.51,Yes,Pickup,Debit Card,No,No,12,Northwind,Monthly,No
CUST-2505,Male,22,Clothing,Jeans,157.98,Houston,One Size,Black,Summer,3.96,Yes,Express,Bank Transfer,No,No,11,Summit,Bi-Weekly,No
CUST-2506,Female,48,Beauty,Skincare Set,135.35,Boston,One Size,Black,Spring,4.54,No,Standard,PayPal,Yes,Yes,4,Luma,Annually,No
CUST-2507,Female,55,Sports,Dumbbells,225.31,Miami,XL,Black,Winter,3.39,No,Pickup,Credit Card,Yes,No,17,Horizon,Quarterly,No
CUST-2508,Female,29,Clothing,T-Shirt,242.52,New York,XL,White,Summer,4.66,Yes,Express,Credit Card,Yes,No,15,Luma,Monthly,No
CUST-2509,Male,52,Sports,Yoga Mat,245.02,Los Angeles,XL,Blue,Spring,4.21,No,Express,Cash,Yes,No,14,Northwind,Weekly,No
CUST-2510,Male,39,Clothing,Dress,173.2,Miami,L,Purple,Summer,4.98,Yes,Next Day,Cash,Yes,No,2,Northwind,Monthly,No
CUST-2511,Female,48,Beauty,Makeup Kit,227.85,Boston,L,White,Spring,5.0,No,Pickup,Bank Transfer,Yes,No,20,Summit,Bi-Weekly,No
CUST-2512,Female,48,Books,Self-help,170.29,Austin,S,White,Summer,3.29,Yes,Standard,Bank Transfer,Yes,Yes,15,Luma,Annually,No
CUST-2513,Male,39,Clothing,Jacket,232.75,Los Angeles,XL,Green,Winter,4.49,Yes,Express,PayPal,Yes,Yes,12,Vivid,Annually,No
CUST-2514,Male,62,Books,Novel,146.54,Seattle,L,White,Summer,4.0,No,Next Day,Cash,Yes,Yes,9,Northwind,Quarterly,No
CUST-2515,Female,71,Electronics,Laptop,333.83,Houston,M,Purple,Summer,5.0,No,Express,Cash,Yes,No,9,Horizon,Annually,Yes
CUST-2516,Male,65,Electronics,Laptop,281.22,Houston,M,Green,Summer,4.27,No,Standard,Debit Card,No,No,5,Luma,Bi-Weekly,Yes
CUST-2517,Male,37,Beauty,Serum,260.11,Miami,XL,Green,Fall,4.37,Yes,Pickup,Debit Card,No,No,19,Vivid,Annually,No
CUST-2518,Male,61,Home,Lamp,194.15,Los Angeles,XL,Purple,Fall,5.0,No,Pickup,Cash,Yes,No,4,Summit,Annually,No
CUST-2519,Non-binary,56,Books,Science Book,253.85,New York,XL,Red,Winter,4.92,Yes,Express,Credit Card,Yes,No,21,Vivid,Quarterly,No
CUST-2520,Female,53,Home,Storage Bin,189.69,Boston,S,Red,Spring,4.74,No,Standard,Cash,Yes,Yes,12,Horizon,Annually,No
CUST-2521,Male,42,Home,Cookware,318.96,Boston,M,Gold,Spring,3.45,Yes,Next Day,Credit Card,No,No,23,Vivid,Bi-Weekly,Yes
CUST-2522,Female,39,Sports,Yoga Mat,151.15,Chicago,S,Gold,Summer,2.04,Yes,Express,Bank Transfer,Yes,Yes,9,Aster,Monthly,No
CUST-2523,Female,65,Home,Desk,264.85,Boston,M,Purple,Fall,3.29,No,Standard,Bank Transfer,Yes,No,19,Horizon,Weekly,No
CUST-2524,Male,65,Clothing,Sweater,252.21,Seattle,XL,Black,Winter,5.0,Yes,Standard,PayPal,No,No,17,Luma,Quarterly,No
CUST-2525,Female,57,Beauty,Perfume,259.31,Los Angeles,L,White,Fall,4.86,Yes,Standard,PayPal,Yes,Yes,13,Summit,Weekly,No
CUST-2526,Female,41,Clothing,Jeans,191.31,Austin,XL,White,Fall,4.36,Yes,Next Day,Credit Card,Yes,Yes,12,Summit,Monthly,No
CUST-2527,Female,31,Sports,Dumbbells,262.76,Boston,One Size,Purple,Fall,4.35,Yes,Express,Credit Card,Yes,No,20,Horizon,Quarterly,No
CUST-2528,Male,31,Books,History Book,157.21,Houston,One Size,Black,Fall,5.0,No,Next Day,Bank Transfer,No,No,16,Aster,Monthly,No
CUST-2529,Male,61,Beauty,Makeup Kit,315.34,Boston,One Size,Gold,Winter,5.0,Yes,Express,PayPal,Yes,No,21,Vivid,Weekly,Yes
CUST-2530,Female,68,Clothing,Sweater,202.79,New York,One Size,Black,Summer,4.39,No,Pickup,PayPal,No,No,6,Summit,Bi-Weekly,No
CUST-2531,Female,49,Beauty,Brush Set,187.23,Seattle,L,Green,Spring,2.47,Yes,Pickup,PayPal,No,No,10,Horizon,Annually,No
CUST-2532,Male,24,Books,Novel,145.49,Miami,L,Purple,Fall,4.99,Yes,Next Day,Credit Card,Yes,Yes,7,Vivid,Annually,No
CUST-2533,Female,27,Clothing,Jacket,183.87,Boston,M,Red,Spring,4.61,No,Express,PayPal,No,No,3,Luma,Bi-Weekly,No
CUST-2534,Female,22,Home,Desk,238.05,New York,S,Black,Fall,5.0,No,Pickup,Cash,No,No,3,Vivid,Weekly,No
CUST-2535,Female,62,Home,Cookware,217.15,Boston,M,Green,Summer,3.7,Yes,Express,Bank Transfer,Yes,Yes,6,Horizon,Weekly,No
CUST-2536,Male,33,Beauty,Brush Set,270.87,New York,XL,Blue,Spring,4.87,Yes,Express,Credit Card,Yes,Yes,19,Luma,Bi-Weekly,No
CUST-2537,Male,40,Clothing,Sweater,154.18,Miami,L,Green,Summer,4.95,No,Standard,Bank Transfer,Yes,No,1,Aster,Annually,No
CUST-2538,Female,49,Clothing,Jeans,227.92,New York,L,Green,Summer,5.0,No,Next Day,Debit Card,Yes,No,23,Vivid,Bi-Weekly,No
CUST-2539,Male,39,Home,Cookware,205.58,Houston,S,Gold,Winter,3.97,No,Standard,Cash,Yes,Yes,2,Horizon,Weekly,No
CUST-2540,Male,62,Sports,Dumbbells,283.03,Austin,L,Green,Fall,4.19,Yes,Next Day,Bank Transfer,Yes,No,17,Vivid,Monthly,Yes
CUST-2541,Female,67,Sports,Running Shoes,242.25,Austin,XL,Gold,Spring,3.39,No,Express,Bank Transfer,No,No,16,Vivid,Quarterly,No
CUST-2542,Female,69,Home,Cookware,266.5,Boston,S,Red,Winter,2.8,No,Express,Bank Transfer,Yes,No,19,Luma,Annually,No
CUST-2543,Female,65,Clothing,Dress,262.88,Los Angeles,XL,White,Summer,4.27,No,Standard,Debit Card,No,No,21,Horizon,Quarterly,No
CUST-2544,Female,50,Beauty,Skincare Set,256.02,Seattle,XL,Black,Summer,4.18,No,Standard,Bank Transfer,Yes,No,19,Aster,Bi-Weekly,No
CUST-2545,Male,71,Sports,Yoga Mat,271.25,Los Angeles,XL,Red,Fall,4.02,Yes,Pickup,Credit Card,Yes,No,13,Aster,Weekly,No
CUST-2546,Female,46,Clothing,Jacket,198.12,Miami,M,Blue,Spring,3.2,Yes,Next Day,Cash,Yes,No,6,Vivid,Bi-Weekly,No
CUST-2547,Female,45,Electronics,Headphones,256.17,Houston,XL,Green,Fall,4.86,No,Next Day,Debit Card,Yes,Yes,7,Northwind,Monthly,No
CUST-2548,Female,65,Home,Storage Bin,296.11,Austin,M,Black,Spring,4.49,No,Next Day,Bank Transfer,Yes,No,19,Summit,Weekly,Yes
CUST-2549,Male,19,Sports,Dumbbells,277.45,Chicago,M,Purple,Summer,4.24,No,Pickup,PayPal,No,No,24,Vivid,Weekly,Yes
CUST-2550,Male,26,Electronics,Smartwatch,344.34,Seattle,M,Blue,Summer,4.5,Yes,Pickup,Cash,No,No,24,Aster,Bi-Weekly,Yes
CUST-2551,Male,63,Clothing,Sweater,213.98,Houston,One Size,Black,Fall,5.0,No,Express,Bank Transfer,No,No,2,Vivid,Annually,No
CUST-2552,Male,58,Beauty,Makeup Kit,223.79,Boston,XL,Gold,Winter,3.67,Yes,Express,PayPal,Yes,Yes,7,Summit,Monthly,No
CUST-2553,Female,55,Clothing,T-Shirt,131.74,Los Angeles,XL,Blue,Summer,4.32,No,Next Day,Credit Card,No,No,5,Luma,Quarterly,No
CUST-2554,Male,65,Beauty,Brush Set,200.31,Seattle,XL,Green,Summer,4.25,Yes,Express,Cash,No,No,5,Vivid,Annually,No
CUST-2555,Male,63,Electronics,Laptop,383.62,Austin,M,Red,Winter,4.27,No,Pickup,Credit Card,Yes,Yes,18,Northwind,Weekly,Yes
CUST-2556,Male,29,Beauty,Brush Set,229.69,Boston,One Size,Black,Fall,5.0,Yes,Next Day,Cash,No,No,13,Summit,Quarterly,No
CUST-2557,Female,70,Electronics,Laptop,309.18,Austin,S,Red,Summer,3.21,Yes,Express,Debit Card,No,No,10,Summit,Annually,Yes
CUST-2558,Female,54,Beauty,Skincare Set,252.55,Houston,XL,Purple,Winter,4.37,No,Pickup,Cash,No,No,12,Vivid,Weekly,No
CUST-2559,Male,31,Clothing,Jacket,246.19,Austin,M,Red,Fall,3.96,Yes,Next Day,Bank Transfer,No,No,22,Summit,Annually,No
CUST-2560,Female,31,Electronics,Laptop,324.34,New York,XL,Red,Summer,3.1,No,Next Day,Bank Transfer,No,No,22,Summit,Weekly,Yes
CUST-2561,Male,24,Clothing,T-Shirt,277.5,Boston,L,Red,Winter,4.06,Yes,Pickup,Debit Card,No,No,21,Aster,Weekly,Yes
CUST-2562,Female,43,Clothing,Jacket,162.16,Boston,One Size,Purple,Spring,4.08,No,Standard,Debit Card,Yes,No,12,Summit,Bi-Weekly,No
CUST-2563,Female,44,Clothing,Jeans,149.88,Austin,M,Green,Summer,5.0,No,Pickup,Cash,Yes,Yes,2,Horizon,Bi-Weekly,No
CUST-2564,Male,53,Electronics,Laptop,368.9,Seattle,M,Purple,Summer,4.47,Yes,Pickup,Cash,Yes,Yes,18,Summit,Weekly,Yes
CUST-2565,Female,62,Home,Chair,294.17,Boston,M,Gold,Fall,4.62,No,Next Day,Bank Transfer,No,No,12,Luma,Bi-Weekly,Yes
CUST-2566,Male,27,Beauty,Makeup Kit,275.25,Austin,XL,Blue,Spring,3.94,Yes,Next Day,Debit Card,Yes,Yes,24,Vivid,Weekly,Yes
CUST-2567,Male,29,Books,Science Book,213.5,Austin,XL,Purple,Winter,5.0,Yes,Next Day,Credit Card,Yes,No,18,Horizon,Monthly,No
CUST-2568,Male,23,Beauty,Makeup Kit,191.37,Miami,XL,White,Spring,2.99,Yes,Next Day,Bank Transfer,Yes,No,14,Vivid,Monthly,No
CUST-2569,Male,55,Books,Cookbook,138.52,Austin,M,Purple,Fall,4.51,Yes,Standard,Debit Card,Yes,No,1,Aster,Weekly,No
CUST-2570,Male,39,Electronics,Headphones,314.85,Los Angeles,M,Black,Winter,4.36,Yes,Pickup,Credit Card,Yes,Yes,10,Aster,Monthly,Yes
CUST-2571,Male,30,Books,History Book,190.46,Boston,S,Blue,Spring,3.85,No,Express,PayPal,Yes,Yes,19,Luma,Weekly,No
CUST-2572,Male,51,Sports,Fitness Tracker,182.23,Miami,L,Green,Spring,3.55,No,Express,Bank Transfer,Yes,No,4,Summit,Quarterly,No
CUST-2573,Male,33,Home,Cookware,291.36,Austin,L,Red,Fall,3.75,No,Express,Cash,Yes,No,22,Luma,Bi-Weekly,Yes
CUST-2574,Male,60,Home,Storage Bin,274.89,Houston,One Size,Black,Spring,5.0,No,Next Day,Bank Transfer,Yes,Yes,9,Summit,Weekly,Yes
CUST-2575,Female,51,Sports,Fitness Tracker,209.01,Boston,L,Blue,Fall,3.53,No,Express,Bank Transfer,No,No,21,Luma,Bi-Weekly,No
CUST-2576,Female,41,Electronics,Tablet,259.73,Chicago,L,Red,Fall,4.22,Yes,Next Day,Debit Card,No,No,3,Horizon,Annually,No
CUST-2577,Female,40,Home,Storage Bin,230.78,Austin,L,Purple,Summer,4.73,No,Express,PayPal,No,No,6,Northwind,Quarterly,No
CUST-2578,Non-binary,36,Home,Cookware,251.98,Chicago,L,Green,Spring,4.37,Yes,Express,PayPal,Yes,Yes,10,Vivid,Annually,No
CUST-2579,Male,36,Home,Cookware,211.96,Miami,M,Blue,Summer,4.1,No,Express,PayPal,Yes,Yes,6,Summit,Monthly,No
CUST-2580,Female,69,Home,Lamp,294.56,Austin,M,Blue,Spring,3.91,No,Next Day,Debit Card,No,No,15,Luma,Weekly,Yes
CUST-2581,Female,24,Electronics,Tablet,276.03,Houston,One Size,White,Fall,5.0,Yes,Express,Bank Transfer,No,No,3,Luma,Quarterly,Yes
CUST-2582,Male,65,Beauty,Makeup Kit,185.38,New York,S,Black,Spring,2.27,Yes,Express,Cash,Yes,Yes,5,Aster,Bi-Weekly,No
CUST-2583,Female,60,Clothing,Dress,190.67,Seattle,S,Red,Winter,4.25,No,Pickup,Credit Card,Yes,Yes,9,Vivid,Quarterly,No
CUST-2584,Male,62,Beauty,Serum,248.13,Houston,XL,Blue,Summer,4.36,Yes,Next Day,Bank Transfer,No,No,21,Vivid,Quarterly,No
CUST-2585,Female,57,Sports,Running Shoes,122.4,Miami,L,Blue,Fall,3.55,No,Standard,PayPal,Yes,No,2,Vivid,Quarterly,No
CUST-2586,Male,53,Clothing,T-Shirt,133.17,Los Angeles,XL,Green,Spring,3.4,No,Pickup,Cash,No,No,3,Aster,Bi-Weekly,No
CUST-2587,Male,32,Beauty,Brush Set,179.43,Chicago,M,Green,Spring,3.82,Yes,Standard,Debit Card,No,No,13,Aster,Annually,No
CUST-2588,Male,64,Clothing,Jacket,216.37,Miami,L,White,Spring,4.87,No,Next Day,Debit Card,Yes,No,16,Vivid,Annually,No
CUST-2589,Female,22,Clothing,Jacket,188.08,Houston,One Size,White,Spring,5.0,No,Standard,Bank Transfer,No,No,11,Summit,Quarterly,No
CUST-2590,Female,41,Beauty,Skincare Set,206.27,Miami,M,Red,Fall,3.29,Yes,Standard,Cash,Yes,No,16,Aster,Bi-Weekly,No
CUST-2591,Male,32,Sports,Running Shoes,245.4,Los Angeles,S,Blue,Summer,4.62,Yes,Pickup,Credit Card,Yes,Yes,19,Vivid,Monthly,No
CUST-2592,Male,36,Books,History Book,203.75,Miami,One Size,Green,Fall,3.99,Yes,Express,Debit Card,No,No,21,Aster,Quarterly,No
CUST-2593,Male,23,Sports,Fitness Tracker,182.02,Houston,XL,Red,Summer,5.0,No,Pickup,Debit Card,Yes,Yes,15,Horizon,Quarterly,No
CUST-2594,Female,36,Home,Storage Bin,263.62,Austin,L,Black,Summer,5.0,Yes,Express,Debit Card,No,No,11,Summit,Monthly,No
CUST-2595,Female,39,Beauty,Skincare Set,183.77,Miami,One Size,Red,Fall,4.03,No,Pickup,Bank Transfer,No,No,17,Aster,Monthly,No
CUST-2596,Female,38,Clothing,Dress,225.38,Seattle,One Size,Purple,Spring,4.63,No,Standard,Debit Card,No,No,19,Northwind,Annually,No
CUST-2597,Male,69,Clothing,Sweater,224.17,Chicago,M,Green,Fall,2.81,No,Next Day,Cash,No,No,19,Northwind,Quarterly,No
CUST-2598,Female,40,Electronics,Laptop,357.34,Chicago,M,Green,Summer,3.5,No,Pickup,Bank Transfer,No,No,21,Northwind,Monthly,Yes
CUST-2599,Female,49,Electronics,Laptop,308.87,Austin,XL,Blue,Fall,4.14,No,Next Day,Cash,No,No,11,Northwind,Weekly,Yes
CUST-2600,Female,39,Home,Lamp,210.02,Chicago,M,White,Winter,3.82,Yes,Express,PayPal,Yes,No,9,Northwind,Monthly,No
CUST-2601,Male,18,Books,History Book,250.74,Austin,L,White,Winter,5.0,No,Express,Credit Card,No,No,22,Northwind,Weekly,No
CUST-2602,Male,48,Beauty,Perfume,145.41,New York,M,White,Summer,3.44,Yes,Next Day,Bank Transfer,Yes,No,4,Vivid,Monthly,No
CUST-2603,Male,31,Clothing,T-Shirt,175.92,Boston,L,Gold,Spring,3.9,Yes,Pickup,PayPal,Yes,No,6,Luma,Quarterly,No
CUST-2604,Male,45,Home,Lamp,272.47,New York,M,Red,Winter,3.71,No,Pickup,Bank Transfer,No,No,10,Horizon,Weekly,No
CUST-2605,Female,21,Home,Lamp,214.37,Los Angeles,S,Purple,Fall,4.23,No,Standard,PayPal,No,No,9,Summit,Annually,No
CUST-2606,Male,69,Electronics,Tablet,366.0,Los Angeles,One Size,Red,Summer,4.45,Yes,Express,Debit Card,Yes,No,24,Northwind,Bi-Weekly,Yes
CUST-2607,Female,52,Clothing,T-Shirt,126.71,Los Angeles,One Size,Red,Fall,3.09,No,Standard,PayPal,No,No,2,Northwind,Annually,No
CUST-2608,Male,59,Home,Desk,292.68,New York,S,White,Spring,4.94,No,Express,PayPal,No,No,14,Luma,Monthly,Yes
CUST-2609,Male,64,Home,Chair,195.35,New York,S,Blue,Fall,4.79,Yes,Standard,Credit Card,Yes,No,3,Horizon,Annually,No
CUST-2610,Male,55,Sports,Dumbbells,195.42,Boston,L,Black,Fall,3.51,No,Standard,Credit Card,No,No,9,Luma,Annually,No
CUST-2611,Male,41,Beauty,Skincare Set,159.66,Los Angeles,One Size,Black,Spring,3.37,No,Standard,PayPal,Yes,Yes,3,Summit,Bi-Weekly,No
CUST-2612,Female,58,Clothing,Jacket,147.91,Houston,M,Black,Winter,4.18,No,Next Day,Credit Card,Yes,Yes,1,Horizon,Annually,No
CUST-2613,Male,37,Electronics,Laptop,278.3,Chicago,One Size,Purple,Winter,3.84,No,Next Day,Debit Card,Yes,No,15,Northwind,Quarterly,Yes
CUST-2614,Female,37,Electronics,Headphones,296.34,Miami,L,Gold,Summer,4.72,Yes,Next Day,Debit Card,Yes,No,6,Aster,Annually,Yes
CUST-2615,Male,18,Books,Self-help,140.55,Los Angeles,L,Blue,Spring,3.91,No,Next Day,PayPal,Yes,Yes,5,Summit,Weekly,No
CUST-2616,Male,28,Clothing,Dress,146.63,Miami,One Size,White,Summer,4.54,No,Standard,PayPal,Yes,No,2,Horizon,Monthly,No
CUST-2617,Male,24,Beauty,Perfume,139.18,Houston,M,Blue,Fall,4.36,No,Standard,Credit Card,Yes,No,7,Luma,Quarterly,No
CUST-2618,Female,46,Clothing,Sweater,174.09,Los Angeles,S,Green,Summer,3.73,Yes,Standard,Bank Transfer,Yes,No,15,Summit,Annually,No
CUST-2619,Male,60,Beauty,Brush Set,196.82,New York,XL,White,Winter,3.76,Yes,Next Day,Credit Card,No,No,1,Horizon,Bi-Weekly,No
CUST-2620,Female,31,Clothing,T-Shirt,244.93,Houston,M,Blue,Summer,5.0,No,Standard,PayPal,No,No,22,Horizon,Bi-Weekly,No
CUST-2621,Female,64,Home,Storage Bin,276.73,Houston,M,White,Summer,4.19,No,Standard,Debit Card,Yes,No,12,Vivid,Bi-Weekly,Yes
CUST-2622,Female,31,Sports,Yoga Mat,220.38,Houston,S,Purple,Winter,4.6,No,Next Day,Cash,No,No,15,Northwind,Quarterly,No
CUST-2623,Male,67,Beauty,Makeup Kit,273.41,Chicago,M,Green,Spring,3.84,Yes,Next Day,Debit Card,No,No,18,Aster,Weekly,No
CUST-2624,Male,56,Beauty,Perfume,247.22,Houston,L,White,Spring,4.19,Yes,Express,PayPal,No,No,23,Summit,Annually,No
CUST-2625,Female,22,Sports,Cycling Bottle,246.78,Seattle,XL,Green,Spring,4.39,Yes,Standard,Debit Card,No,No,18,Horizon,Weekly,No
CUST-2626,Male,19,Home,Storage Bin,204.74,Miami,M,Black,Spring,4.48,No,Next Day,Credit Card,No,No,15,Summit,Monthly,No
CUST-2627,Male,71,Electronics,Headphones,319.87,Houston,One Size,Blue,Summer,4.74,Yes,Pickup,PayPal,Yes,Yes,9,Vivid,Quarterly,Yes
CUST-2628,Female,34,Sports,Yoga Mat,234.85,Houston,L,Black,Summer,3.98,No,Express,Debit Card,Yes,Yes,18,Aster,Weekly,No
CUST-2629,Male,41,Home,Storage Bin,232.3,Los Angeles,M,Blue,Summer,4.38,Yes,Express,Credit Card,Yes,No,6,Summit,Quarterly,No
CUST-2630,Male,52,Clothing,Jeans,205.34,Los Angeles,M,White,Fall,3.9,No,Express,Bank Transfer,No,No,19,Luma,Quarterly,No
CUST-2631,Non-binary,37,Sports,Dumbbells,226.34,Los Angeles,M,Blue,Fall,5.0,No,Pickup,Credit Card,Yes,Yes,11,Horizon,Bi-Weekly,No
CUST-2632,Male,38,Home,Cookware,253.33,Houston,M,Red,Spring,3.99,No,Pickup,Debit Card,Yes,Yes,20,Luma,Weekly,No
CUST-2633,Male,29,Clothing,Jeans,257.91,Boston,L,Red,Fall,5.0,No,Pickup,PayPal,Yes,No,22,Northwind,Monthly,No
CUST-2634,Male,42,Books,Science Book,185.73,Chicago,M,Green,Fall,5.0,No,Express,Debit Card,Yes,Yes,13,Vivid,Weekly,No
CUST-2635,Male,56,Home,Cookware,272.77,Seattle,XL,Gold,Winter,3.84,No,Pickup,PayPal,Yes,No,18,Summit,Quarterly,No
CUST-2636,Female,25,Home,Desk,172.9,Boston,M,Gold,Winter,2.55,Yes,Standard,Credit Card,Yes,Yes,2,Horizon,Weekly,No
CUST-2637,Female,22,Books,Cookbook,100.76,Miami,XL,Green,Summer,3.48,No,Pickup,Bank Transfer,Yes,Yes,11,Summit,Weekly,No
CUST-2638,Female,57,Beauty,Skincare Set,252.22,Los Angeles,One Size,White,Winter,3.6,No,Standard,Cash,Yes,No,24,Vivid,Quarterly,No
CUST-2639,Male,22,Clothing,Dress,124.78,Los Angeles,S,Red,Summer,4.59,No,Express,PayPal,No,No,9,Northwind,Monthly,No
CUST-2640,Female,46,Books,Science Book,126.1,Austin,XL,Blue,Fall,3.88,Yes,Express,PayPal,Yes,Yes,12,Horizon,Quarterly,No
CUST-2641,Male,34,Sports,Cycling Bottle,244.98,Houston,L,Blue,Summer,4.09,Yes,Express,Credit Card,Yes,No,12,Summit,Monthly,No
CUST-2642,Female,43,Sports,Yoga Mat,199.7,Austin,One Size,Purple,Fall,4.3,Yes,Pickup,PayPal,Yes,Yes,6,Northwind,Bi-Weekly,No
CUST-2643,Male,42,Beauty,Serum,255.08,Boston,M,Gold,Summer,5.0,Yes,Next Day,PayPal,No,No,4,Aster,Weekly,No
CUST-2644,Female,63,Home,Chair,270.93,New York,XL,Black,Summer,4.35,No,Standard,Credit Card,Yes,Yes,23,Summit,Annually,No
CUST-2645,Male,34,Home,Chair,256.09,Austin,L,Black,Fall,4.6,Yes,Next Day,Cash,Yes,No,12,Horizon,Weekly,No
CUST-2646,Female,61,Home,Lamp,216.75,Houston,S,Gold,Spring,4.02,No,Standard,Credit Card,No,No,7,Aster,Monthly,No
CUST-2647,Female,44,Clothing,Jeans,259.37,Miami,One Size,Purple,Winter,4.24,Yes,Standard,Bank Transfer,Yes,No,18,Summit,Bi-Weekly,No
CUST-2648,Male,68,Home,Desk,305.35,Los Angeles,XL,White,Winter,4.17,Yes,Standard,Credit Card,Yes,No,17,Summit,Monthly,Yes
CUST-2649,Male,23,Home,Desk,234.25,Miami,XL,Purple,Summer,4.61,Yes,Pickup,Bank Transfer,Yes,No,10,Northwind,Weekly,No
CUST-2650,Female,66,Sports,Fitness Tracker,302.65,Los Angeles,S,Blue,Winter,4.35,No,Standard,Bank Transfer,No,No,22,Northwind,Monthly,Yes
CUST-2651,Male,59,Electronics,Headphones,314.37,Chicago,S,Purple,Spring,3.26,Yes,Next Day,Bank Transfer,No,No,4,Vivid,Monthly,Yes
CUST-2652,Female,40,Clothing,Jeans,151.15,Seattle,M,Purple,Spring,3.29,No,Express,Debit Card,Yes,No,7,Luma,Monthly,No
CUST-2653,Female,27,Clothing,Dress,177.12,New York,S,White,Winter,3.52,Yes,Pickup,Debit Card,Yes,No,8,Horizon,Monthly,No
CUST-2654,Female,51,Beauty,Serum,206.09,Miami,M,Red,Spring,4.27,Yes,Next Day,Debit Card,Yes,Yes,8,Horizon,Annually,No
CUST-2655,Male,71,Electronics,Smartwatch,298.49,Boston,XL,White,Summer,4.92,No,Pickup,PayPal,Yes,No,10,Summit,Annually,Yes
CUST-2656,Female,32,Clothing,Jacket,122.06,Houston,S,Black,Winter,2.56,No,Next Day,PayPal,Yes,Yes,11,Horizon,Annually,No
CUST-2657,Male,71,Clothing,Dress,141.14,Houston,M,Black,Spring,3.71,No,Pickup,Debit Card,No,No,3,Vivid,Quarterly,No
CUST-2658,Female,54,Home,Storage Bin,260.83,Boston,One Size,White,Spring,3.85,No,Pickup,Bank Transfer,No,No,9,Vivid,Weekly,No
CUST-2659,Male,22,Clothing,Dress,107.83,Boston,S,Green,Spring,3.52,No,Standard,Credit Card,Yes,Yes,8,Vivid,Quarterly,No
CUST-2660,Male,69,Electronics,Laptop,323.53,Seattle,L,Black,Winter,4.27,No,Pickup,Cash,Yes,Yes,6,Summit,Quarterly,Yes
CUST-2661,Female,26,Beauty,Serum,216.81,Austin,M,Blue,Summer,3.72,No,Next Day,PayPal,No,No,15,Vivid,Bi-Weekly,No
CUST-2662,Male,57,Electronics,Phone,376.72,Seattle,One Size,Black,Summer,4.73,Yes,Next Day,Credit Card,No,No,23,Vivid,Annually,Yes
CUST-2663,Male,43,Sports,Running Shoes,193.89,Boston,One Size,Red,Winter,4.0,No,Pickup,Bank Transfer,Yes,Yes,3,Horizon,Bi-Weekly,No
CUST-2664,Male,20,Books,Self-help,109.02,New York,XL,Black,Fall,3.91,Yes,Pickup,PayPal,Yes,No,3,Vivid,Bi-Weekly,No
CUST-2665,Male,39,Clothing,T-Shirt,203.83,Los Angeles,XL,Red,Summer,5.0,No,Pickup,PayPal,Yes,No,13,Luma,Weekly,No
CUST-2666,Female,57,Home,Cookware,230.77,Boston,XL,White,Fall,4.28,No,Standard,Credit Card,Yes,Yes,12,Summit,Monthly,No
CUST-2667,Male,34,Clothing,Sweater,261.13,New York,XL,Green,Spring,4.52,Yes,Next Day,PayPal,No,No,13,Horizon,Monthly,No
CUST-2668,Female,62,Sports,Running Shoes,301.49,New York,One Size,Red,Spring,3.65,Yes,Express,Credit Card,Yes,No,23,Horizon,Weekly,Yes
CUST-2669,Female,67,Home,Chair,280.19,Boston,One Size,Purple,Winter,4.69,Yes,Pickup,Debit Card,Yes,No,8,Horizon,Bi-Weekly,Yes
CUST-2670,Female,38,Books,Science Book,282.39,Chicago,S,White,Fall,4.47,Yes,Express,Bank Transfer,Yes,Yes,20,Northwind,Bi-Weekly,Yes
CUST-2671,Male,24,Sports,Yoga Mat,253.26,Seattle,L,White,Spring,4.95,Yes,Express,PayPal,Yes,Yes,8,Horizon,Weekly,No
CUST-2672,Female,70,Electronics,Smartwatch,312.84,New York,M,Blue,Summer,3.76,No,Standard,PayPal,No,No,9,Northwind,Quarterly,Yes
CUST-2673,Male,40,Electronics,Smartwatch,335.37,Houston,L,Blue,Winter,4.02,Yes,Standard,Bank Transfer,No,No,12,Summit,Weekly,Yes
CUST-2674,Female,40,Clothing,Jacket,173.34,Houston,L,Green,Fall,5.0,No,Pickup,Bank Transfer,No,No,7,Northwind,Annually,No
CUST-2675,Female,34,Home,Chair,193.45,New York,S,Blue,Spring,4.07,Yes,Standard,Debit Card,Yes,No,7,Luma,Quarterly,No
CUST-2676,Female,20,Sports,Dumbbells,265.16,New York,M,Gold,Summer,4.06,No,Standard,Credit Card,No,No,22,Summit,Bi-Weekly,No
CUST-2677,Male,25,Clothing,T-Shirt,138.42,Austin,L,Red,Spring,4.2,No,Next Day,Credit Card,Yes,No,5,Vivid,Quarterly,No
CUST-2678,Female,46,Home,Desk,304.94,Houston,One Size,Purple,Fall,4.85,Yes,Pickup,Debit Card,Yes,Yes,20,Luma,Weekly,Yes
CUST-2679,Male,41,Books,Science Book,119.1,New York,XL,Black,Winter,4.31,No,Express,PayPal,Yes,No,1,Aster,Weekly,No
CUST-2680,Male,19,Home,Chair,225.63,Boston,XL,Purple,Fall,4.82,Yes,Standard,Bank Transfer,No,No,6,Summit,Quarterly,No
CUST-2681,Female,36,Sports,Running Shoes,160.96,Austin,S,Red,Winter,4.15,No,Pickup,Debit Card,No,No,4,Luma,Quarterly,No
CUST-2682,Non-binary,49,Beauty,Makeup Kit,176.09,Los Angeles,XL,White,Fall,4.42,No,Standard,Cash,No,No,6,Luma,Monthly,No
CUST-2683,Female,26,Books,Science Book,119.41,Austin,One Size,Gold,Winter,4.87,No,Express,Cash,Yes,Yes,3,Aster,Bi-Weekly,No
CUST-2684,Female,31,Clothing,Jacket,199.55,Chicago,XL,White,Winter,3.67,No,Next Day,Credit Card,No,No,22,Vivid,Annually,No
CUST-2685,Male,26,Beauty,Perfume,219.62,Seattle,XL,Red,Winter,4.09,Yes,Pickup,Debit Card,Yes,Yes,23,Luma,Annually,No
CUST-2686,Male,28,Books,Novel,92.5,Miami,L,White,Fall,2.08,No,Standard,Debit Card,Yes,No,5,Northwind,Bi-Weekly,No
CUST-2687,Female,59,Clothing,Dress,246.54,Los Angeles,XL,Purple,Summer,3.51,Yes,Pickup,Credit Card,No,No,13,Northwind,Weekly,No
CUST-2688,Male,26,Beauty,Perfume,157.19,Boston,One Size,Red,Spring,5.0,No,Standard,Bank Transfer,Yes,Yes,4,Aster,Bi-Weekly,No
CUST-2689,Female,62,Beauty,Makeup Kit,211.21,New York,XL,Purple,Winter,4.57,No,Express,Debit Card,Yes,Yes,6,Northwind,Bi-Weekly,No
CUST-2690,Female,46,Books,Science Book,185.92,New York,One Size,Blue,Fall,4.71,No,Next Day,Bank Transfer,No,No,8,Northwind,Weekly,No
CUST-2691,Male,23,Electronics,Laptop,291.8,New York,M,Black,Fall,4.68,No,Express,Credit Card,Yes,Yes,24,Horizon,Monthly,Yes
CUST-2692,Female,69,Sports,Running Shoes,264.77,Austin,S,Purple,Fall,4.27,Yes,Standard,PayPal,Yes,No,16,Summit,Annually,No
CUST-2693,Male,68,Sports,Fitness Tracker,336.47,Boston,XL,Purple,Spring,3.98,Yes,Pickup,Bank Transfer,Yes,No,22,Luma,Weekly,Yes
CUST-2694,Male,37,Beauty,Perfume,218.57,Chicago,M,Black,Summer,5.0,No,Next Day,Bank Transfer,Yes,No,17,Luma,Bi-Weekly,No
CUST-2695,Female,48,Beauty,Brush Set,184.54,Seattle,L,Green,Spring,4.31,Yes,Next Day,PayPal,Yes,Yes,5,Aster,Quarterly,No
CUST-2696,Male,26,Clothing,Dress,202.55,Los Angeles,One Size,Green,Winter,4.34,Yes,Standard,Bank Transfer,Yes,No,18,Horizon,Weekly,No
CUST-2697,Male,35,Sports,Cycling Bottle,192.63,Boston,S,Red,Fall,4.2,No,Next Day,Bank Transfer,No,No,5,Summit,Bi-Weekly,No
CUST-2698,Female,34,Home,Chair,298.48,Boston,One Size,Red,Fall,4.9,Yes,Next Day,Cash,No,No,10,Northwind,Weekly,Yes
CUST-2699,Male,55,Beauty,Perfume,219.14,Chicago,L,White,Winter,3.32,No,Next Day,PayPal,No,No,17,Northwind,Weekly,No
CUST-2700,Male,54,Electronics,Laptop,331.9,Los Angeles,S,White,Fall,5.0,No,Standard,Debit Card,Yes,No,21,Luma,Weekly,Yes
CUST-2701,Male,35,Books,Self-help,121.07,Seattle,One Size,Black,Spring,3.62,No,Standard,Debit Card,No,No,3,Vivid,Quarterly,No
CUST-2702,Female,41,Sports,Running Shoes,252.13,Miami,L,Purple,Winter,5.0,Yes,Pickup,PayPal,No,No,6,Northwind,Monthly,No
CUST-2703,Male,58,Electronics,Smartwatch,278.05,Boston,M,Purple,Spring,3.3,Yes,Pickup,PayPal,Yes,Yes,2,Summit,Bi-Weekly,Yes
CUST-2704,Female,30,Home,Desk,293.99,Seattle,M,Purple,Spring,4.19,No,Express,Cash,No,No,22,Aster,Weekly,Yes
CUST-2705,Female,57,Beauty,Brush Set,210.41,Austin,M,Green,Fall,5.0,No,Pickup,Debit Card,Yes,No,13,Aster,Quarterly,No
CUST-2706,Female,39,Home,Desk,208.45,Boston,XL,Red,Summer,3.16,No,Express,Cash,No,No,9,Summit,Bi-Weekly,No
CUST-2707,Male,49,Sports,Cycling Bottle,230.75,Miami,M,Green,Summer,5.0,Yes,Standard,PayPal,Yes,Yes,5,Vivid,Annually,No
CUST-2708,Female,22,Electronics,Laptop,294.78,Seattle,XL,Red,Winter,4.57,No,Standard,Debit Card,No,No,17,Luma,Bi-Weekly,Yes
CUST-2709,Male,62,Beauty,Brush Set,265.78,New York,L,Blue,Winter,5.0,Yes,Express,Cash,Yes,No,16,Summit,Bi-Weekly,No
CUST-2710,Male,57,Sports,Cycling Bottle,223.32,Chicago,L,Black,Winter,2.82,No,Next Day,Credit Card,No,No,11,Aster,Weekly,No
CUST-2711,Female,24,Sports,Fitness Tracker,233.88,Los Angeles,S,Purple,Winter,3.91,No,Express,Cash,No,No,8,Northwind,Monthly,No
CUST-2712,Male,61,Electronics,Phone,268.57,Boston,S,Green,Winter,4.33,No,Next Day,PayPal,Yes,No,3,Vivid,Annually,No
CUST-2713,Male,66,Electronics,Smartwatch,336.01,Seattle,XL,Blue,Summer,3.9,No,Standard,Credit Card,Yes,Yes,18,Horizon,Weekly,Yes
CUST-2714,Male,71,Sports,Dumbbells,277.34,Seattle,M,White,Winter,3.0,Yes,Next Day,Debit Card,Yes,No,20,Summit,Quarterly,Yes
CUST-2715,Female,64,Clothing,T-Shirt,203.96,Los Angeles,XL,Green,Summer,5.0,No,Next Day,Cash,Yes,No,10,Luma,Annually,No
CUST-2716,Male,60,Sports,Yoga Mat,256.31,Boston,M,Red,Winter,3.73,No,Standard,Bank Transfer,No,No,18,Vivid,Bi-Weekly,No
CUST-2717,Male,66,Beauty,Makeup Kit,248.62,Boston,One Size,Gold,Summer,5.0,No,Next Day,PayPal,No,No,9,Northwind,Weekly,No
CUST-2718,Female,52,Books,Novel,261.44,Los Angeles,M,Blue,Spring,5.0,Yes,Standard,Cash,No,No,24,Horizon,Annually,No
CUST-2719,Female,66,Sports,Running Shoes,176.95,Los Angeles,XL,Purple,Spring,3.9,No,Express,Bank Transfer,Yes,Yes,9,Luma,Annually,No
CUST-2720,Male,23,Clothing,Dress,152.98,Miami,One Size,Green,Summer,4.01,No,Standard,Credit Card,Yes,Yes,21,Northwind,Monthly,No
CUST-2721,Male,38,Clothing,Dress,218.25,Chicago,S,Green,Spring,4.53,Yes,Express,PayPal,No,No,10,Aster,Monthly,No
CUST-2722,Female,68,Home,Chair,325.93,New York,M,White,Spring,5.0,No,Standard,Cash,Yes,Yes,12,Aster,Weekly,Yes
CUST-2723,Male,69,Beauty,Perfume,273.03,New York,L,White,Winter,4.61,Yes,Pickup,Cash,Yes,Yes,18,Northwind,Annually,No
CUST-2724,Male,65,Clothing,Dress,247.22,Houston,XL,Gold,Summer,4.6,No,Standard,Cash,Yes,No,15,Horizon,Bi-Weekly,No
CUST-2725,Female,34,Sports,Dumbbells,226.74,Los Angeles,One Size,Red,Winter,2.85,Yes,Express,Debit Card,No,No,9,Summit,Bi-Weekly,No
CUST-2726,Male,50,Electronics,Tablet,326.75,Miami,XL,Blue,Fall,3.7,Yes,Standard,PayPal,Yes,No,19,Summit,Weekly,Yes
CUST-2727,Male,20,Home,Cookware,223.23,New York,M,White,Spring,4.24,No,Standard,Credit Card,No,No,14,Vivid,Annually,No
CUST-2728,Female,69,Electronics,Phone,292.58,Seattle,One Size,Purple,Fall,3.74,No,Pickup,Credit Card,No,No,4,Luma,Weekly,Yes
CUST-2729,Non-binary,30,Books,Self-help,148.31,New York,XL,White,Winter,4.19,No,Next Day,PayPal,Yes,Yes,13,Vivid,Monthly,No
CUST-2730,Female,62,Clothing,Jeans,134.62,Austin,One Size,Gold,Summer,4.19,No,Next Day,Cash,Yes,Yes,1,Horizon,Weekly,No
CUST-2731,Female,69,Clothing,Dress,170.74,Boston,M,Red,Winter,4.0,Yes,Express,Bank Transfer,Yes,No,4,Summit,Annually,No
CUST-2732,Female,34,Sports,Yoga Mat,195.59,Boston,M,Red,Fall,4.04,No,Express,Credit Card,No,No,6,Northwind,Quarterly,No
CUST-2733,Male,21,Electronics,Headphones,271.47,New York,L,Red,Summer,3.66,No,Express,Debit Card,Yes,Yes,24,Vivid,Quarterly,No
CUST-2734,Female,65,Clothing,Dress,266.29,Miami,M,Red,Spring,4.26,Yes,Next Day,PayPal,No,No,15,Aster,Annually,No
CUST-2735,Male,53,Clothing,Jacket,203.98,Boston,M,Black,Summer,4.45,No,Standard,Cash,No,No,17,Aster,Annually,No
CUST-2736,Male,35,Clothing,Sweater,179.34,Seattle,M,Blue,Fall,4.13,Yes,Pickup,PayPal,Yes,No,9,Luma,Monthly,No
CUST-2737,Male,35,Clothing,Sweater,123.71,Houston,One Size,Green,Summer,4.5,No,Next Day,Cash,Yes,Yes,5,Aster,Monthly,No
CUST-2738,Female,23,Electronics,Smartwatch,325.7,New York,L,Black,Fall,5.0,Yes,Pickup,Bank Transfer,Yes,Yes,7,Vivid,Weekly,Yes
CUST-2739,Female,58,Sports,Cycling Bottle,208.91,Los Angeles,L,Red,Summer,3.45,No,Express,Credit Card,Yes,Yes,7,Summit,Bi-Weekly,No
CUST-2740,Non-binary,26,Home,Cookware,222.68,New York,XL,Green,Fall,2.63,Yes,Express,Cash,No,No,12,Vivid,Monthly,No
CUST-2741,Female,46,Books,Science Book,169.29,New York,S,White,Winter,3.84,No,Express,Credit Card,No,No,3,Luma,Bi-Weekly,No
CUST-2742,Female,21,Books,Cookbook,197.1,Chicago,L,White,Winter,4.02,Yes,Standard,Cash,No,No,15,Horizon,Quarterly,No
CUST-2743,Male,61,Home,Chair,231.67,Houston,XL,Purple,Fall,3.99,No,Standard,Cash,No,No,2,Vivid,Quarterly,No
CUST-2744,Male,22,Books,History Book,207.79,Houston,S,Black,Summer,3.72,No,Express,Debit Card,No,No,21,Aster,Weekly,No
CUST-2745,Male,40,Electronics,Headphones,272.68,Chicago,One Size,Red,Summer,4.86,No,Pickup,PayPal,Yes,No,7,Aster,Bi-Weekly,No
CUST-2746,Female,56,Home,Storage Bin,264.44,New York,XL,Blue,Fall,3.78,Yes,Pickup,PayPal,Yes,No,21,Horizon,Quarterly,No
CUST-2747,Female,58,Home,Desk,264.53,Chicago,M,Green,Fall,2.02,No,Standard,Cash,Yes,Yes,20,Vivid,Monthly,No
CUST-2748,Non-binary,69,Electronics,Smartwatch,318.89,Seattle,S,Black,Winter,2.9,No,Next Day,Cash,Yes,Yes,24,Luma,Annually,Yes
CUST-2749,Non-binary,24,Sports,Yoga Mat,177.85,Chicago,L,Gold,Summer,4.2,No,Standard,Cash,Yes,Yes,7,Horizon,Quarterly,No
CUST-2750,Female,24,Sports,Running Shoes,194.82,Seattle,S,Green,Winter,3.97,No,Next Day,PayPal,Yes,Yes,21,Aster,Annually,No
CUST-2751,Male,45,Clothing,Sweater,192.18,Seattle,XL,Red,Winter,4.89,Yes,Express,Credit Card,Yes,No,4,Horizon,Quarterly,No
CUST-2752,Female,29,Beauty,Brush Set,154.59,Austin,M,Gold,Spring,3.57,No,Next Day,Bank Transfer,Yes,Yes,2,Aster,Weekly,No
CUST-2753,Female,29,Books,Cookbook,110.15,Chicago,M,Blue,Spring,4.9,No,Express,Debit Card,No,No,10,Horizon,Quarterly,No
CUST-2754,Female,57,Clothing,Jacket,189.35,Miami,S,Black,Fall,3.72,Yes,Next Day,Cash,No,No,3,Aster,Bi-Weekly,No
CUST-2755,Female,63,Electronics,Tablet,333.73,Miami,L,Green,Summer,5.0,Yes,Standard,Cash,Yes,Yes,1,Luma,Bi-Weekly,Yes
CUST-2756,Female,23,Clothing,Sweater,112.63,Houston,S,Black,Spring,3.79,No,Next Day,Cash,No,No,2,Northwind,Monthly,No
CUST-2757,Male,71,Books,History Book,183.37,Los Angeles,L,Purple,Winter,4.32,No,Express,Credit Card,Yes,No,9,Luma,Monthly,No
CUST-2758,Female,36,Clothing,Jacket,190.2,Houston,L,Green,Winter,2.98,Yes,Standard,Credit Card,No,No,8,Luma,Bi-Weekly,No
CUST-2759,Male,55,Beauty,Brush Set,239.71,Los Angeles,One Size,Purple,Fall,4.02,No,Next Day,PayPal,No,No,21,Summit,Monthly,No
CUST-2760,Male,48,Home,Lamp,205.66,Houston,S,Black,Summer,3.97,Yes,Pickup,PayPal,Yes,Yes,5,Summit,Monthly,No
CUST-2761,Male,71,Clothing,Sweater,210.19,Los Angeles,M,Green,Spring,4.7,No,Next Day,Cash,Yes,No,16,Luma,Monthly,No
CUST-2762,Female,40,Clothing,Sweater,258.8,Chicago,S,White,Winter,4.99,Yes,Next Day,Credit Card,Yes,No,18,Luma,Bi-Weekly,No
CUST-2763,Male,52,Clothing,Jeans,188.43,Houston,S,White,Fall,4.5,Yes,Standard,Credit Card,Yes,Yes,14,Summit,Monthly,No
CUST-2764,Female,26,Home,Storage Bin,223.21,Seattle,One Size,White,Spring,4.49,No,Express,PayPal,Yes,No,19,Northwind,Monthly,No
CUST-2765,Male,22,Electronics,Tablet,301.26,Austin,M,Red,Summer,4.2,No,Next Day,Credit Card,Yes,Yes,8,Vivid,Quarterly,Yes
CUST-2766,Male,32,Electronics,Smartwatch,358.92,Seattle,One Size,Gold,Spring,4.69,Yes,Next Day,Bank Transfer,Yes,Yes,13,Vivid,Bi-Weekly,Yes
CUST-2767,Female,61,Clothing,Jacket,220.72,Austin,One Size,Blue,Spring,4.51,Yes,Next Day,Bank Transfer,Yes,Yes,16,Luma,Bi-Weekly,No
CUST-2768,Female,45,Beauty,Perfume,199.97,Houston,XL,Black,Summer,3.72,No,Pickup,Bank Transfer,No,No,20,Luma,Quarterly,No
CUST-2769,Female,28,Home,Lamp,163.79,Miami,One Size,Gold,Winter,3.32,Yes,Standard,Bank Transfer,Yes,No,1,Summit,Bi-Weekly,No
CUST-2770,Female,55,Books,Novel,223.62,New York,L,Blue,Winter,3.45,Yes,Pickup,Debit Card,Yes,Yes,15,Northwind,Weekly,No
CUST-2771,Female,37,Sports,Fitness Tracker,168.7,Los Angeles,L,Blue,Spring,3.96,No,Standard,Cash,Yes,Yes,4,Vivid,Quarterly,No
CUST-2772,Male,66,Sports,Cycling Bottle,243.09,Austin,S,Red,Summer,4.74,No,Express,Debit Card,No,No,13,Aster,Annually,No
CUST-2773,Male,61,Beauty,Skincare Set,189.21,Austin,One Size,Blue,Fall,3.87,No,Standard,Cash,Yes,No,11,Vivid,Bi-Weekly,No
CUST-2774,Male,24,Clothing,Jeans,132.29,Miami,S,Green,Winter,3.84,No,Standard,Bank Transfer,No,No,3,Aster,Annually,No
CUST-2775,Male,37,Clothing,T-Shirt,71.22,Boston,M,White,Summer,2.99,No,Pickup,PayPal,Yes,No,1,Horizon,Annually,No
CUST-2776,Female,41,Home,Storage Bin,215.13,Austin,S,Black,Fall,4.49,No,Pickup,Credit Card,Yes,Yes,4,Summit,Quarterly,No
CUST-2777,Female,65,Clothing,Jeans,189.38,Seattle,S,Blue,Fall,3.08,Yes,Next Day,Credit Card,No,No,4,Summit,Monthly,No
CUST-2778,Female,65,Clothing,T-Shirt,191.62,Miami,One Size,Gold,Fall,3.8,No,Express,Debit Card,No,No,15,Luma,Monthly,No
CUST-2779,Female,55,Sports,Yoga Mat,253.38,Chicago,XL,Green,Fall,3.92,No,Express,Debit Card,Yes,Yes,12,Summit,Weekly,No
CUST-2780,Female,28,Electronics,Phone,355.33,Seattle,XL,Purple,Winter,4.06,No,Express,Bank Transfer,No,No,21,Vivid,Bi-Weekly,Yes
CUST-2781,Male,28,Clothing,T-Shirt,277.27,Chicago,One Size,Purple,Summer,4.16,Yes,Next Day,PayPal,No,No,22,Luma,Weekly,Yes
CUST-2782,Female,65,Electronics,Laptop,378.88,Austin,L,Black,Spring,4.94,Yes,Next Day,PayPal,Yes,Yes,21,Summit,Annually,Yes
CUST-2783,Male,53,Electronics,Laptop,213.19,Boston,XL,White,Summer,3.27,No,Pickup,Debit Card,Yes,No,1,Aster,Annually,No
CUST-2784,Female,32,Books,Novel,118.08,Chicago,One Size,Red,Fall,4.32,No,Next Day,Bank Transfer,No,No,3,Luma,Quarterly,No
CUST-2785,Female,70,Electronics,Tablet,286.48,Miami,One Size,Black,Spring,4.54,No,Express,PayPal,No,No,13,Summit,Annually,Yes
CUST-2786,Male,26,Clothing,Jeans,222.66,Seattle,L,Gold,Fall,5.0,No,Pickup,Bank Transfer,Yes,No,19,Northwind,Quarterly,No
CUST-2787,Male,25,Clothing,T-Shirt,209.35,Seattle,XL,Blue,Summer,4.97,No,Next Day,Cash,Yes,No,8,Horizon,Weekly,No
CUST-2788,Male,33,Electronics,Laptop,341.49,Boston,M,Green,Spring,4.68,Yes,Express,Bank Transfer,Yes,Yes,22,Vivid,Monthly,Yes
CUST-2789,Male,33,Home,Chair,306.25,Chicago,S,Black,Spring,4.83,Yes,Next Day,Credit Card,No,No,22,Aster,Annually,Yes
CUST-2790,Female,55,Home,Desk,220.72,Houston,XL,Red,Winter,3.26,No,Express,Bank Transfer,Yes,No,13,Aster,Quarterly,No
CUST-2791,Female,38,Electronics,Phone,292.68,Austin,M,Purple,Spring,4.22,Yes,Express,Cash,Yes,No,9,Aster,Annually,Yes
CUST-2792,Male,27,Home,Cookware,200.14,Seattle,L,Red,Summer,5.0,No,Next Day,Debit Card,Yes,Yes,4,Horizon,Monthly,No
CUST-2793,Male,46,Electronics,Tablet,271.76,Boston,M,Red,Spring,3.98,No,Standard,Debit Card,Yes,Yes,4,Aster,Monthly,No
CUST-2794,Female,50,Beauty,Serum,213.78,Chicago,M,White,Summer,4.25,Yes,Express,PayPal,Yes,Yes,3,Horizon,Bi-Weekly,No
CUST-2795,Female,33,Beauty,Makeup Kit,223.28,Seattle,L,Red,Summer,3.9,No,Pickup,Debit Card,No,No,20,Horizon,Annually,No
CUST-2796,Male,19,Sports,Cycling Bottle,251.13,Austin,L,Green,Fall,3.54,Yes,Standard,Cash,Yes,Yes,23,Horizon,Weekly,No
CUST-2797,Male,65,Beauty,Perfume,225.45,New York,XL,Gold,Summer,4.34,No,Next Day,Bank Transfer,Yes,Yes,7,Horizon,Bi-Weekly,No
CUST-2798,Female,65,Beauty,Perfume,214.18,Houston,L,Red,Fall,4.36,No,Pickup,Credit Card,No,No,15,Summit,Weekly,No
CUST-2799,Male,68,Clothing,Jacket,250.55,Boston,XL,White,Summer,5.0,No,Standard,Credit Card,Yes,No,22,Aster,Annually,No
CUST-2800,Male,49,Electronics,Tablet,321.3,Boston,S,Red,Winter,4.92,No,Express,Cash,Yes,Yes,17,Summit,Annually,Yes
CUST-2801,Female,18,Clothing,Sweater,155.52,Houston,XL,Gold,Summer,5.0,No,Next Day,Credit Card,Yes,No,10,Aster,Bi-Weekly,No
CUST-2802,Male,46,Home,Cookware,283.46,Boston,M,Red,Summer,4.08,Yes,Standard,Debit Card,No,No,17,Horizon,Quarterly,Yes
CUST-2803,Female,34,Clothing,Dress,184.77,New York,M,Red,Winter,3.32,No,Next Day,Cash,Yes,No,17,Summit,Quarterly,No
CUST-2804,Male,30,Beauty,Makeup Kit,230.2,Boston,L,White,Spring,4.17,No,Pickup,Debit Card,No,No,23,Vivid,Monthly,No
CUST-2805,Female,71,Electronics,Laptop,422.47,Austin,XL,Gold,Spring,4.84,Yes,Express,Credit Card,Yes,Yes,23,Aster,Bi-Weekly,Yes
CUST-2806,Male,47,Books,Cookbook,275.54,Los Angeles,L,Green,Fall,5.0,Yes,Standard,PayPal,No,No,21,Aster,Weekly,Yes
CUST-2807,Male,35,Books,Cookbook,113.84,Boston,L,Red,Summer,3.41,Yes,Express,Bank Transfer,Yes,Yes,3,Horizon,Weekly,No
CUST-2808,Female,48,Clothing,T-Shirt,156.93,Austin,M,Green,Summer,4.74,No,Next Day,PayPal,Yes,Yes,5,Luma,Weekly,No
CUST-2809,Male,18,Books,Self-help,272.75,Boston,S,Gold,Winter,4.58,Yes,Next Day,Debit Card,No,No,24,Aster,Bi-Weekly,No
CUST-2810,Male,25,Clothing,Dress,206.14,New York,One Size,Blue,Fall,4.34,No,Standard,PayPal,Yes,No,20,Horizon,Bi-Weekly,No
CUST-2811,Male,49,Electronics,Laptop,314.46,Miami,M,Blue,Fall,4.58,Yes,Pickup,Cash,Yes,No,12,Northwind,Monthly,Yes
CUST-2812,Male,38,Clothing,Sweater,148.97,Boston,L,Green,Summer,4.25,No,Next Day,Cash,Yes,Yes,14,Northwind,Annually,No
CUST-2813,Male,71,Books,Cookbook,218.16,Seattle,S,Blue,Summer,4.28,No,Standard,Credit Card,Yes,Yes,17,Horizon,Weekly,No
CUST-2814,Female,49,Clothing,Jeans,223.58,Los Angeles,S,Black,Fall,5.0,Yes,Pickup,Credit Card,Yes,No,12,Luma,Weekly,No
CUST-2815,Female,69,Electronics,Tablet,432.1,Boston,XL,Blue,Spring,3.67,No,Express,Cash,Yes,Yes,22,Vivid,Weekly,Yes
CUST-2816,Male,55,Clothing,T-Shirt,237.2,Los Angeles,L,Green,Summer,4.14,No,Next Day,Cash,No,No,13,Summit,Weekly,No
CUST-2817,Male,71,Books,Cookbook,224.83,Los Angeles,M,Purple,Winter,4.7,No,Pickup,PayPal,No,No,6,Vivid,Bi-Weekly,No
CUST-2818,Male,39,Home,Cookware,192.65,Austin,One Size,Blue,Fall,3.47,Yes,Next Day,Bank Transfer,No,No,1,Aster,Quarterly,No
CUST-2819,Female,42,Home,Lamp,278.19,Seattle,L,Black,Spring,5.0,No,Pickup,Credit Card,Yes,No,20,Northwind,Monthly,Yes
CUST-2820,Male,66,Clothing,Sweater,198.58,Boston,M,Green,Summer,3.4,No,Express,PayPal,No,No,11,Aster,Annually,No
CUST-2821,Female,24,Clothing,T-Shirt,169.71,Boston,S,Red,Fall,4.35,Yes,Pickup,Bank Transfer,Yes,Yes,7,Horizon,Bi-Weekly,No
CUST-2822,Male,43,Clothing,T-Shirt,233.2,Seattle,S,Red,Spring,3.86,Yes,Next Day,Debit Card,Yes,No,22,Summit,Bi-Weekly,No
CUST-2823,Male,42,Books,History Book,196.34,Chicago,M,Black,Fall,4.14,Yes,Next Day,PayPal,No,No,14,Horizon,Quarterly,No
CUST-2824,Male,59,Electronics,Laptop,396.76,Boston,XL,White,Spring,5.0,Yes,Standard,Cash,No,No,23,Northwind,Annually,Yes
CUST-2825,Male,65,Home,Lamp,267.6,Chicago,M,Green,Summer,2.67,Yes,Standard,Debit Card,Yes,Yes,14,Northwind,Monthly,No
CUST-2826,Female,45,Home,Chair,183.06,Austin,S,Gold,Spring,3.58,No,Next Day,PayPal,No,No,4,Horizon,Quarterly,No
CUST-2827,Male,55,Sports,Fitness Tracker,233.9,Boston,One Size,Red,Winter,4.64,Yes,Express,Cash,No,No,2,Vivid,Quarterly,No
CUST-2828,Male,53,Clothing,Jeans,169.97,Boston,One Size,Green,Summer,2.81,No,Next Day,Bank Transfer,No,No,10,Luma,Bi-Weekly,No
CUST-2829,Male,35,Books,Self-help,140.16,Miami,S,Green,Summer,2.71,No,Standard,PayPal,Yes,Yes,17,Aster,Weekly,No
CUST-2830,Female,70,Clothing,Jeans,165.3,Los Angeles,L,Gold,Fall,5.0,No,Express,Credit Card,Yes,Yes,6,Aster,Bi-Weekly,No
CUST-2831,Male,32,Electronics,Phone,266.77,New York,M,Gold,Winter,4.65,Yes,Next Day,PayPal,Yes,No,2,Luma,Annually,No
CUST-2832,Female,29,Books,Cookbook,219.75,Boston,XL,Red,Spring,4.6,No,Pickup,Debit Card,Yes,Yes,22,Aster,Weekly,No
CUST-2833,Female,47,Clothing,Jeans,159.36,Chicago,XL,Blue,Fall,4.8,No,Standard,Cash,Yes,No,10,Summit,Bi-Weekly,No
CUST-2834,Male,42,Clothing,Jeans,194.88,Austin,One Size,Purple,Winter,4.3,No,Express,Debit Card,No,No,7,Vivid,Monthly,No
CUST-2835,Male,40,Beauty,Brush Set,229.42,Houston,XL,Gold,Fall,4.15,Yes,Standard,Credit Card,No,No,19,Horizon,Monthly,No
CUST-2836,Male,50,Clothing,Dress,254.06,New York,L,Gold,Winter,3.83,Yes,Next Day,Credit Card,No,No,13,Northwind,Bi-Weekly,No
CUST-2837,Female,66,Clothing,Jacket,259.94,Seattle,One Size,White,Fall,4.98,No,Pickup,Cash,No,No,19,Aster,Quarterly,No
CUST-2838,Male,48,Clothing,T-Shirt,214.52,Austin,M,Purple,Spring,4.99,No,Express,Cash,No,No,15,Horizon,Bi-Weekly,No
CUST-2839,Female,43,Books,Science Book,178.47,Seattle,XL,White,Spring,3.76,Yes,Express,Credit Card,No,No,14,Vivid,Quarterly,No
CUST-2840,Male,44,Beauty,Perfume,255.84,Chicago,One Size,Red,Winter,4.81,Yes,Pickup,Cash,No,No,18,Summit,Annually,No
CUST-2841,Male,65,Home,Desk,181.02,New York,M,Gold,Summer,3.51,No,Pickup,Bank Transfer,Yes,No,3,Summit,Annually,No
CUST-2842,Female,54,Electronics,Laptop,303.52,Chicago,L,Red,Winter,4.32,Yes,Express,Credit Card,Yes,Yes,4,Northwind,Weekly,Yes
CUST-2843,Female,21,Books,Self-help,166.15,Miami,One Size,White,Fall,4.28,Yes,Standard,Cash,No,No,8,Luma,Bi-Weekly,No
CUST-2844,Male,47,Home,Storage Bin,303.25,Los Angeles,S,Red,Winter,3.92,No,Pickup,Cash,Yes,No,21,Northwind,Quarterly,Yes
CUST-2845,Male,23,Electronics,Laptop,304.47,Los Angeles,L,White,Summer,4.58,Yes,Express,Bank Transfer,Yes,No,5,Summit,Bi-Weekly,Yes
CUST-2846,Male,64,Clothing,Jeans,202.57,New York,M,Green,Winter,4.34,Yes,Pickup,Bank Transfer,No,No,7,Summit,Monthly,No
CUST-2847,Male,28,Books,Novel,102.2,Houston,XL,Gold,Summer,3.82,No,Express,Credit Card,Yes,Yes,5,Luma,Annually,No
CUST-2848,Female,58,Clothing,Sweater,228.55,Houston,One Size,Purple,Summer,4.04,No,Pickup,Debit Card,No,No,23,Aster,Monthly,No
CUST-2849,Female,40,Books,Novel,147.1,Chicago,S,Black,Fall,4.22,No,Next Day,Debit Card,Yes,Yes,17,Aster,Bi-Weekly,No
CUST-2850,Female,68,Sports,Yoga Mat,268.45,Austin,L,Purple,Summer,4.36,No,Next Day,PayPal,No,No,15,Luma,Monthly,No
CUST-2851,Male,31,Electronics,Smartwatch,315.95,Los Angeles,One Size,Red,Winter,4.59,No,Next Day,Debit Card,Yes,Yes,21,Northwind,Annually,Yes
CUST-2852,Male,66,Home,Storage Bin,258.74,Chicago,XL,Black,Fall,3.74,No,Standard,Debit Card,Yes,No,16,Aster,Bi-Weekly,No
CUST-2853,Male,51,Sports,Fitness Tracker,158.77,New York,M,Red,Fall,4.12,No,Standard,Bank Transfer,Yes,No,3,Aster,Bi-Weekly,No
CUST-2854,Male,67,Home,Chair,285.51,Boston,L,Black,Spring,4.45,Yes,Express,Credit Card,No,No,6,Vivid,Weekly,Yes
CUST-2855,Male,33,Clothing,Jeans,207.81,Seattle,S,Black,Spring,3.86,No,Next Day,Debit Card,No,No,15,Northwind,Monthly,No
CUST-2856,Male,71,Electronics,Smartwatch,336.61,New York,L,Red,Winter,5.0,Yes,Standard,PayPal,Yes,No,12,Aster,Annually,Yes
CUST-2857,Female,43,Clothing,Jeans,295.64,Boston,One Size,Purple,Winter,3.94,Yes,Pickup,Credit Card,Yes,No,22,Aster,Bi-Weekly,Yes
CUST-2858,Male,59,Beauty,Makeup Kit,250.95,Austin,M,Purple,Winter,4.57,Yes,Pickup,PayPal,Yes,Yes,22,Aster,Bi-Weekly,No
CUST-2859,Male,44,Electronics,Headphones,341.41,Chicago,One Size,Green,Spring,4.24,No,Express,Credit Card,No,No,14,Horizon,Weekly,Yes
CUST-2860,Male,39,Home,Cookware,227.69,New York,XL,Green,Summer,4.91,No,Express,PayPal,No,No,11,Vivid,Quarterly,No
CUST-2861,Male,63,Beauty,Makeup Kit,193.53,Chicago,S,Black,Summer,3.3,Yes,Express,PayPal,No,No,6,Aster,Quarterly,No
CUST-2862,Female,31,Sports,Running Shoes,223.1,Houston,One Size,White,Fall,4.21,No,Next Day,Credit Card,No,No,15,Vivid,Annually,No
CUST-2863,Female,50,Clothing,Sweater,229.62,Seattle,M,Green,Winter,4.24,No,Standard,Credit Card,Yes,No,22,Vivid,Weekly,No
CUST-2864,Female,62,Clothing,Sweater,203.34,Seattle,M,Gold,Spring,4.92,No,Standard,Bank Transfer,Yes,Yes,4,Summit,Bi-Weekly,No
CUST-2865,Male,46,Clothing,T-Shirt,211.52,Chicago,S,Purple,Spring,4.22,Yes,Next Day,Cash,Yes,No,17,Horizon,Quarterly,No
CUST-2866,Female,44,Electronics,Headphones,331.25,Austin,M,Red,Spring,3.09,No,Standard,PayPal,Yes,No,20,Northwind,Monthly,Yes
CUST-2867,Female,51,Clothing,Sweater,158.89,Los Angeles,M,Green,Winter,1.92,Yes,Express,Cash,Yes,No,8,Aster,Weekly,No
CUST-2868,Female,58,Electronics,Headphones,345.34,Boston,XL,Blue,Spring,5.0,No,Pickup,Bank Transfer,Yes,No,17,Vivid,Monthly,Yes
CUST-2869,Female,58,Beauty,Brush Set,194.61,Seattle,M,Black,Spring,4.51,No,Pickup,Bank Transfer,No,No,1,Luma,Weekly,No
CUST-2870,Female,56,Clothing,T-Shirt,208.69,Seattle,XL,Blue,Spring,3.55,No,Pickup,Cash,Yes,No,18,Aster,Monthly,No
CUST-2871,Female,69,Clothing,Jacket,272.23,Boston,XL,Black,Winter,4.42,No,Pickup,Debit Card,No,No,21,Vivid,Bi-Weekly,No
CUST-2872,Male,19,Electronics,Headphones,255.17,Houston,M,Black,Winter,4.16,No,Next Day,Debit Card,Yes,Yes,1,Luma,Quarterly,No
CUST-2873,Female,19,Clothing,Jeans,206.26,Austin,S,Black,Spring,3.98,Yes,Standard,Bank Transfer,Yes,Yes,16,Luma,Bi-Weekly,No
CUST-2874,Female,51,Clothing,T-Shirt,257.74,Houston,M,Green,Fall,4.78,No,Express,PayPal,No,No,19,Aster,Bi-Weekly,No
CUST-2875,Male,23,Beauty,Perfume,162.32,Houston,M,Green,Winter,4.52,No,Standard,Credit Card,Yes,No,7,Horizon,Quarterly,No
CUST-2876,Male,23,Electronics,Phone,279.43,New York,One Size,Purple,Summer,3.84,Yes,Standard,Bank Transfer,No,No,5,Northwind,Monthly,Yes
CUST-2877,Male,57,Home,Desk,256.52,New York,XL,Blue,Summer,5.0,No,Next Day,Credit Card,No,No,9,Vivid,Weekly,No
CUST-2878,Male,55,Books,Novel,166.94,Austin,L,Green,Summer,3.93,No,Express,Credit Card,Yes,No,9,Luma,Quarterly,No
CUST-2879,Male,37,Home,Chair,281.15,New York,L,Green,Spring,4.96,Yes,Standard,PayPal,No,No,14,Vivid,Monthly,Yes
CUST-2880,Male,41,Clothing,Jeans,188.61,Miami,M,Purple,Summer,4.01,Yes,Standard,Credit Card,Yes,Yes,3,Aster,Weekly,No
CUST-2881,Male,41,Beauty,Makeup Kit,168.48,Austin,S,Red,Winter,3.71,No,Express,PayPal,Yes,No,10,Horizon,Annually,No
CUST-2882,Female,19,Books,Self-help,123.58,Chicago,One Size,Red,Fall,3.63,No,Pickup,PayPal,No,No,4,Horizon,Annually,No
CUST-2883,Male,27,Clothing,Dress,131.0,Chicago,XL,White,Fall,3.08,No,Express,Cash,Yes,Yes,14,Northwind,Monthly,No
CUST-2884,Male,34,Electronics,Headphones,298.43,Austin,XL,Purple,Fall,5.0,No,Standard,Credit Card,No,No,12,Northwind,Bi-Weekly,Yes
CUST-2885,Female,54,Home,Storage Bin,266.95,Miami,L,Red,Fall,5.0,No,Express,Bank Transfer,Yes,No,18,Northwind,Weekly,No
CUST-2886,Male,36,Sports,Running Shoes,353.9,Boston,XL,Green,Summer,4.93,Yes,Express,Credit Card,No,No,24,Summit,Weekly,Yes
CUST-2887,Female,44,Sports,Running Shoes,242.14,Houston,L,Gold,Summer,4.39,Yes,Standard,Cash,Yes,No,11,Northwind,Annually,No
CUST-2888,Male,40,Beauty,Perfume,225.61,New York,S,Black,Fall,4.33,Yes,Express,Debit Card,No,No,16,Vivid,Monthly,No
CUST-2889,Female,21,Beauty,Skincare Set,235.49,Boston,M,Gold,Fall,3.3,No,Standard,Debit Card,No,No,20,Luma,Annually,No
CUST-2890,Male,31,Sports,Running Shoes,247.03,Boston,One Size,Purple,Summer,4.34,Yes,Express,Bank Transfer,No,No,9,Summit,Monthly,No
CUST-2891,Non-binary,50,Clothing,Jacket,196.89,Miami,L,Green,Winter,4.93,Yes,Next Day,Bank Transfer,No,No,8,Northwind,Annually,No
CUST-2892,Male,22,Clothing,Sweater,134.3,Miami,L,Purple,Winter,4.83,No,Express,Debit Card,No,No,4,Vivid,Weekly,No
CUST-2893,Female,30,Beauty,Skincare Set,265.54,Austin,L,Gold,Summer,4.27,No,Pickup,Bank Transfer,No,No,17,Vivid,Weekly,No
CUST-2894,Male,56,Home,Cookware,280.64,Los Angeles,L,Blue,Winter,4.72,Yes,Next Day,Cash,Yes,No,16,Horizon,Quarterly,Yes
CUST-2895,Female,30,Clothing,Dress,158.84,New York,XL,White,Summer,2.93,No,Next Day,Debit Card,Yes,No,17,Vivid,Weekly,No
CUST-2896,Male,32,Home,Chair,261.58,Austin,S,Black,Summer,4.3,No,Express,Debit Card,No,No,15,Northwind,Monthly,No
CUST-2897,Female,36,Clothing,T-Shirt,212.31,Seattle,One Size,White,Spring,4.65,Yes,Pickup,Bank Transfer,Yes,Yes,13,Horizon,Bi-Weekly,No
CUST-2898,Female,60,Home,Lamp,358.63,New York,XL,White,Summer,5.0,Yes,Pickup,Bank Transfer,Yes,Yes,20,Luma,Monthly,Yes
CUST-2899,Female,48,Sports,Yoga Mat,217.49,Houston,M,White,Fall,4.26,No,Express,Credit Card,Yes,Yes,15,Summit,Annually,No
CUST-2900,Male,55,Clothing,Jacket,124.21,Houston,S,Red,Fall,4.01,No,Express,Debit Card,Yes,Yes,12,Horizon,Annually,No
CUST-2901,Male,40,Beauty,Skincare Set,208.53,Seattle,L,Red,Winter,2.94,No,Standard,PayPal,Yes,No,19,Horizon,Monthly,No
CUST-2902,Female,68,Clothing,Dress,273.24,Boston,S,Black,Fall,4.83,Yes,Next Day,Credit Card,No,No,23,Luma,Annually,No
CUST-2903,Male,23,Electronics,Tablet,278.73,Chicago,M,Red,Fall,5.0,No,Express,Debit Card,Yes,No,5,Vivid,Bi-Weekly,Yes
CUST-2904,Female,24,Home,Chair,202.74,Boston,One Size,Gold,Summer,3.86,Yes,Pickup,Cash,Yes,Yes,4,Vivid,Quarterly,No
CUST-2905,Female,36,Clothing,Dress,182.62,Boston,M,Red,Spring,5.0,No,Express,Bank Transfer,Yes,No,10,Aster,Weekly,No
CUST-2906,Male,51,Sports,Dumbbells,211.28,Chicago,L,Blue,Fall,4.15,No,Next Day,Bank Transfer,No,No,10,Aster,Weekly,No
CUST-2907,Male,57,Sports,Yoga Mat,268.73,Seattle,One Size,Gold,Fall,4.24,No,Express,Bank Transfer,Yes,Yes,23,Aster,Annually,No
CUST-2908,Male,35,Beauty,Perfume,180.91,New York,One Size,Red,Fall,4.05,Yes,Next Day,Cash,No,No,2,Summit,Bi-Weekly,No
CUST-2909,Male,55,Sports,Yoga Mat,272.54,Seattle,S,White,Summer,4.27,No,Pickup,Cash,Yes,Yes,15,Vivid,Weekly,No
CUST-2910,Male,28,Clothing,T-Shirt,149.98,Seattle,L,Blue,Summer,3.9,Yes,Pickup,Credit Card,Yes,No,8,Summit,Weekly,No
CUST-2911,Male,70,Clothing,Jacket,289.07,Houston,One Size,Green,Spring,4.31,Yes,Next Day,Bank Transfer,No,No,16,Luma,Weekly,Yes
CUST-2912,Female,71,Electronics,Phone,283.73,Austin,M,Gold,Summer,4.55,No,Next Day,Cash,Yes,Yes,6,Aster,Quarterly,Yes
CUST-2913,Female,20,Electronics,Laptop,253.75,Los Angeles,L,Gold,Spring,4.86,Yes,Next Day,Debit Card,Yes,Yes,1,Summit,Quarterly,No
CUST-2914,Female,71,Sports,Dumbbells,216.15,Miami,XL,Black,Spring,3.83,No,Pickup,PayPal,Yes,No,7,Horizon,Weekly,No
CUST-2915,Female,30,Books,Science Book,147.85,Boston,XL,Black,Spring,3.6,Yes,Standard,PayPal,No,No,5,Northwind,Bi-Weekly,No
CUST-2916,Female,64,Books,Novel,158.51,Houston,L,Black,Summer,5.0,No,Express,Debit Card,Yes,Yes,7,Vivid,Monthly,No
CUST-2917,Male,18,Clothing,Sweater,121.48,Boston,L,Black,Summer,3.82,Yes,Next Day,Cash,Yes,Yes,12,Aster,Quarterly,No
CUST-2918,Male,56,Home,Cookware,347.91,Boston,XL,Red,Winter,5.0,No,Next Day,Credit Card,Yes,Yes,24,Horizon,Weekly,Yes
CUST-2919,Female,66,Books,Science Book,254.74,Miami,M,Purple,Summer,4.1,Yes,Standard,PayPal,Yes,No,23,Northwind,Monthly,No
CUST-2920,Male,63,Sports,Running Shoes,265.35,Miami,L,Black,Spring,4.89,No,Express,PayPal,No,No,11,Vivid,Annually,No
CUST-2921,Female,50,Home,Cookware,286.95,Los Angeles,One Size,Red,Fall,3.57,Yes,Next Day,Debit Card,No,No,14,Aster,Bi-Weekly,Yes
CUST-2922,Non-binary,20,Books,Science Book,142.08,Boston,S,Blue,Fall,4.1,Yes,Express,Debit Card,No,No,9,Luma,Monthly,No
CUST-2923,Male,35,Electronics,Smartwatch,296.27,Houston,M,Blue,Summer,3.74,No,Next Day,Bank Transfer,No,No,11,Aster,Bi-Weekly,Yes
CUST-2924,Male,56,Books,Science Book,222.64,Boston,XL,Red,Spring,3.66,Yes,Pickup,Credit Card,Yes,No,21,Luma,Quarterly,No
CUST-2925,Male,31,Sports,Fitness Tracker,238.06,Austin,L,Black,Spring,3.23,Yes,Pickup,Cash,No,No,2,Aster,Weekly,No
CUST-2926,Male,55,Sports,Yoga Mat,258.83,Chicago,L,Black,Fall,5.0,No,Standard,PayPal,Yes,Yes,15,Aster,Bi-Weekly,No
CUST-2927,Female,21,Clothing,Jeans,175.46,Boston,One Size,Gold,Winter,4.08,Yes,Next Day,Credit Card,No,No,8,Northwind,Monthly,No
CUST-2928,Female,70,Home,Storage Bin,238.78,Los Angeles,XL,Red,Winter,4.25,Yes,Standard,Bank Transfer,Yes,No,5,Horizon,Monthly,No
CUST-2929,Male,30,Sports,Fitness Tracker,224.97,Houston,M,Red,Spring,3.04,Yes,Express,Debit Card,No,No,14,Horizon,Monthly,No
CUST-2930,Female,19,Sports,Running Shoes,137.34,Miami,L,White,Winter,4.79,No,Pickup,Credit Card,Yes,Yes,1,Horizon,Annually,No
CUST-2931,Female,49,Clothing,Jeans,161.65,Seattle,One Size,Blue,Fall,4.4,No,Next Day,Cash,No,No,2,Vivid,Annually,No
CUST-2932,Male,23,Beauty,Serum,185.75,Boston,L,Purple,Fall,4.64,No,Next Day,PayPal,No,No,13,Aster,Quarterly,No
CUST-2933,Male,52,Electronics,Headphones,352.13,Houston,One Size,Gold,Winter,4.65,Yes,Pickup,Debit Card,Yes,No,16,Luma,Bi-Weekly,Yes
CUST-2934,Male,45,Sports,Fitness Tracker,268.45,New York,S,White,Spring,4.57,No,Standard,Debit Card,No,No,18,Summit,Annually,No
CUST-2935,Male,28,Beauty,Brush Set,204.38,Austin,S,Purple,Spring,4.37,Yes,Standard,PayPal,No,No,13,Horizon,Quarterly,No
CUST-2936,Male,43,Books,Cookbook,196.03,New York,L,Green,Fall,3.59,No,Pickup,Bank Transfer,Yes,Yes,20,Horizon,Weekly,No
CUST-2937,Female,58,Beauty,Skincare Set,184.37,Houston,One Size,Blue,Fall,4.17,Yes,Next Day,Credit Card,Yes,Yes,3,Horizon,Monthly,No
CUST-2938,Female,38,Clothing,Sweater,200.38,Boston,L,Blue,Summer,4.04,No,Standard,Cash,No,No,6,Horizon,Weekly,No
CUST-2939,Non-binary,51,Sports,Dumbbells,138.25,Chicago,One Size,Red,Spring,4.92,No,Next Day,Debit Card,Yes,No,1,Summit,Quarterly,No
CUST-2940,Female,67,Books,Science Book,131.06,Boston,S,White,Fall,2.76,Yes,Express,PayPal,No,No,1,Luma,Annually,No
CUST-2941,Female,54,Home,Cookware,224.3,Austin,L,Red,Winter,5.0,No,Pickup,Credit Card,Yes,No,9,Horizon,Annually,No
CUST-2942,Male,53,Books,Novel,189.73,Seattle,S,Red,Summer,3.68,No,Next Day,Bank Transfer,Yes,No,18,Aster,Monthly,No
CUST-2943,Male,60,Home,Lamp,210.49,Los Angeles,L,Black,Spring,3.58,No,Express,Cash,Yes,Yes,1,Vivid,Bi-Weekly,No
CUST-2944,Male,38,Electronics,Headphones,233.68,Seattle,L,Red,Fall,3.84,No,Pickup,Credit Card,No,No,2,Horizon,Monthly,No
CUST-2945,Male,39,Books,History Book,169.59,Houston,S,Green,Summer,4.27,No,Next Day,Debit Card,Yes,No,14,Luma,Monthly,No
CUST-2946,Female,18,Clothing,Sweater,175.33,New York,S,Blue,Winter,5.0,Yes,Pickup,Bank Transfer,Yes,No,7,Luma,Weekly,No
CUST-2947,Male,36,Clothing,Jeans,120.21,Chicago,M,Blue,Summer,2.65,No,Standard,Cash,Yes,No,8,Summit,Bi-Weekly,No
CUST-2948,Female,60,Electronics,Tablet,349.97,New York,M,Green,Spring,5.0,Yes,Next Day,Cash,No,No,9,Northwind,Monthly,Yes
CUST-2949,Female,59,Clothing,Dress,278.98,Seattle,M,White,Fall,4.67,No,Next Day,PayPal,No,No,24,Vivid,Quarterly,Yes
CUST-2950,Female,63,Sports,Yoga Mat,276.74,Austin,M,White,Fall,4.82,No,Pickup,PayPal,No,No,12,Luma,Weekly,Yes
CUST-2951,Male,62,Clothing,T-Shirt,203.62,Miami,S,Gold,Summer,3.03,No,Next Day,Cash,Yes,No,18,Luma,Bi-Weekly,No
CUST-2952,Female,53,Electronics,Laptop,362.39,Houston,L,Green,Fall,5.0,Yes,Express,Cash,No,No,22,Summit,Annually,Yes
CUST-2953,Female,47,Beauty,Perfume,236.49,New York,L,Gold,Summer,4.72,No,Standard,Cash,No,No,13,Luma,Bi-Weekly,No
CUST-2954,Female,62,Books,Science Book,199.18,New York,One Size,Black,Fall,4.22,Yes,Standard,Bank Transfer,Yes,No,9,Vivid,Weekly,No
CUST-2955,Female,53,Electronics,Laptop,315.69,Houston,L,White,Winter,3.36,No,Next Day,PayPal,Yes,Yes,20,Luma,Bi-Weekly,Yes
CUST-2956,Female,36,Beauty,Serum,264.65,Miami,L,Blue,Winter,4.1,Yes,Standard,Bank Transfer,No,No,19,Aster,Bi-Weekly,No
CUST-2957,Female,29,Clothing,Jeans,111.9,Los Angeles,L,Red,Fall,3.76,No,Standard,Bank Transfer,Yes,Yes,4,Luma,Annually,No
CUST-2958,Female,35,Beauty,Serum,258.62,Austin,M,Purple,Winter,3.96,Yes,Next Day,PayPal,No,No,17,Northwind,Annually,No
CUST-2959,Female,53,Books,History Book,189.98,Chicago,S,Gold,Summer,4.79,No,Pickup,Credit Card,Yes,Yes,14,Horizon,Quarterly,No
CUST-2960,Female,53,Home,Chair,234.4,New York,S,Red,Spring,3.52,No,Standard,Bank Transfer,Yes,No,14,Luma,Annually,No
CUST-2961,Male,63,Electronics,Tablet,267.94,Seattle,M,Blue,Winter,3.91,No,Express,Debit Card,Yes,No,13,Luma,Annually,No
CUST-2962,Male,22,Clothing,Jacket,136.88,Boston,M,White,Winter,3.38,No,Next Day,Cash,Yes,No,15,Northwind,Annually,No
CUST-2963,Male,27,Clothing,Sweater,215.29,Seattle,S,White,Summer,4.21,Yes,Pickup,PayPal,Yes,No,18,Horizon,Monthly,No
CUST-2964,Male,24,Electronics,Phone,343.21,New York,S,Green,Spring,4.52,No,Pickup,PayPal,No,No,17,Vivid,Weekly,Yes
CUST-2965,Female,57,Beauty,Skincare Set,248.57,Chicago,S,Purple,Winter,3.83,No,Pickup,Cash,No,No,19,Vivid,Monthly,No
CUST-2966,Male,23,Clothing,T-Shirt,124.67,Seattle,One Size,White,Summer,2.57,No,Next Day,Cash,Yes,No,19,Aster,Quarterly,No
CUST-2967,Male,41,Clothing,Dress,204.18,Seattle,S,Gold,Fall,4.84,Yes,Express,Debit Card,No,No,11,Northwind,Quarterly,No
CUST-2968,Female,64,Sports,Fitness Tracker,270.18,Chicago,XL,Black,Winter,4.64,No,Pickup,PayPal,Yes,Yes,6,Vivid,Monthly,No
CUST-2969,Female,44,Electronics,Headphones,364.02,Houston,L,Black,Spring,3.25,Yes,Standard,PayPal,Yes,Yes,22,Northwind,Bi-Weekly,Yes
CUST-2970,Male,31,Clothing,Dress,167.45,Austin,S,Red,Winter,3.85,Yes,Express,Bank Transfer,Yes,No,12,Northwind,Annually,No
CUST-2971,Female,69,Beauty,Serum,176.38,Boston,L,Blue,Summer,3.76,No,Express,Debit Card,Yes,Yes,1,Aster,Bi-Weekly,No
CUST-2972,Female,44,Home,Cookware,266.0,New York,XL,Blue,Fall,3.25,Yes,Standard,Credit Card,Yes,Yes,13,Summit,Bi-Weekly,No
CUST-2973,Female,22,Beauty,Brush Set,173.88,New York,S,Blue,Winter,3.29,No,Express,PayPal,No,No,11,Northwind,Weekly,No
CUST-2974,Female,27,Home,Lamp,231.68,Austin,XL,Black,Winter,4.92,Yes,Express,Cash,Yes,Yes,9,Northwind,Quarterly,No
CUST-2975,Female,21,Clothing,Jeans,128.56,Boston,L,Green,Winter,3.2,No,Next Day,Bank Transfer,Yes,No,6,Vivid,Bi-Weekly,No
CUST-2976,Male,20,Home,Cookware,277.01,Austin,M,Purple,Summer,4.42,No,Next Day,Debit Card,No,No,21,Vivid,Monthly,Yes
CUST-2977,Female,63,Beauty,Perfume,261.73,Los Angeles,XL,Blue,Spring,3.92,Yes,Next Day,Cash,Yes,No,8,Horizon,Weekly,No
CUST-2978,Male,18,Electronics,Smartwatch,277.92,Chicago,S,Red,Fall,4.38,No,Express,PayPal,Yes,Yes,16,Vivid,Monthly,Yes
CUST-2979,Female,51,Home,Chair,250.58,Miami,One Size,White,Summer,3.27,No,Next Day,Debit Card,No,No,12,Vivid,Weekly,No
CUST-2980,Male,53,Books,Novel,201.03,Miami,S,Purple,Winter,3.86,Yes,Express,Bank Transfer,Yes,No,21,Aster,Quarterly,No
CUST-2981,Female,34,Beauty,Perfume,177.6,Austin,XL,Red,Summer,4.72,Yes,Next Day,Bank Transfer,Yes,No,1,Luma,Bi-Weekly,No
CUST-2982,Female,44,Clothing,Dress,147.46,Miami,M,Green,Winter,3.38,No,Pickup,Bank Transfer,Yes,Yes,6,Horizon,Monthly,No
CUST-2983,Male,49,Books,Novel,117.96,Boston,L,Purple,Spring,3.38,No,Pickup,Cash,No,No,1,Summit,Monthly,No
CUST-2984,Male,28,Clothing,T-Shirt,196.47,New York,M,White,Spring,4.27,No,Pickup,Cash,No,No,4,Aster,Weekly,No
CUST-2985,Male,22,Home,Lamp,215.83,Austin,One Size,Green,Spring,4.8,Yes,Next Day,Debit Card,No,No,7,Luma,Annually,No
CUST-2986,Male,63,Home,Chair,340.66,Chicago,XL,Green,Summer,3.42,Yes,Express,Debit Card,No,No,23,Northwind,Quarterly,Yes
CUST-2987,Female,62,Electronics,Phone,349.5,Seattle,One Size,Green,Spring,3.19,No,Standard,Cash,Yes,Yes,21,Summit,Weekly,Yes
CUST-2988,Female,68,Clothing,Jeans,190.98,Seattle,One Size,Red,Summer,4.64,No,Pickup,PayPal,Yes,Yes,11,Aster,Annually,No
CUST-2989,Female,33,Home,Lamp,174.08,New York,S,White,Winter,4.58,No,Pickup,Bank Transfer,Yes,No,2,Horizon,Weekly,No
CUST-2990,Male,38,Home,Storage Bin,263.5,Boston,S,Black,Winter,4.66,No,Express,Bank Transfer,No,No,14,Northwind,Annually,No
CUST-2991,Male,59,Clothing,Sweater,264.37,New York,S,Black,Winter,5.0,Yes,Express,Cash,No,No,15,Horizon,Monthly,No
CUST-2992,Female,58,Clothing,T-Shirt,200.62,Miami,M,Black,Fall,4.86,Yes,Standard,Cash,No,No,8,Vivid,Monthly,No
CUST-2993,Female,21,Books,Cookbook,181.99,Los Angeles,L,Red,Summer,4.48,No,Standard,Debit Card,Yes,Yes,16,Summit,Weekly,No
CUST-2994,Male,20,Sports,Running Shoes,220.57,Seattle,L,Green,Summer,3.6,Yes,Pickup,Credit Card,Yes,Yes,24,Aster,Annually,No
CUST-2995,Female,32,Clothing,Jeans,189.5,Houston,XL,Purple,Winter,3.96,No,Standard,Debit Card,Yes,Yes,23,Luma,Quarterly,No
CUST-2996,Female,25,Books,Self-help,140.95,Boston,S,White,Winter,3.77,No,Express,Cash,Yes,No,9,Luma,Bi-Weekly,No
CUST-2997,Male,48,Electronics,Tablet,298.94,Boston,L,Gold,Spring,3.89,No,Express,Debit Card,No,No,5,Luma,Annually,Yes
CUST-2998,Male,19,Clothing,T-Shirt,201.9,Austin,L,White,Winter,4.27,Yes,Standard,Cash,No,No,18,Luma,Monthly,No
CUST-2999,Female,42,Sports,Yoga Mat,252.75,Chicago,XL,Purple,Fall,3.91,No,Next Day,Debit Card,No,No,21,Aster,Weekly,No
CUST-3000,Female,30,Electronics,Phone,271.85,Boston,One Size,Gold,Spring,2.42,No,Standard,Bank Transfer,Yes,No,21,Vivid,Quarterly,No
CUST-3001,Female,20,Sports,Running Shoes,188.75,Austin,S,Red,Fall,3.02,No,Next Day,Credit Card,No,No,8,Vivid,Bi-Weekly,No
CUST-3002,Male,37,Home,Cookware,267.53,Houston,S,Green,Fall,3.73,No,Standard,PayPal,Yes,No,24,Northwind,Quarterly,No
CUST-3003,Female,45,Clothing,T-Shirt,259.55,New York,S,Gold,Summer,4.23,Yes,Express,Debit Card,No,No,21,Aster,Annually,No
CUST-3004,Female,57,Beauty,Serum,228.19,Chicago,XL,Gold,Fall,4.83,Yes,Standard,PayPal,No,No,10,Northwind,Quarterly,No
CUST-3005,Male,41,Books,Science Book,164.64,Miami,S,Green,Winter,5.0,Yes,Express,Debit Card,Yes,Yes,9,Northwind,Annually,No
CUST-3006,Female,24,Beauty,Brush Set,132.44,Austin,L,Black,Winter,4.27,Yes,Pickup,Debit Card,Yes,No,5,Northwind,Bi-Weekly,No
CUST-3007,Female,32,Clothing,Jacket,131.56,Los Angeles,XL,Purple,Summer,3.58,No,Next Day,Cash,No,No,7,Horizon,Annually,No
CUST-3008,Female,41,Sports,Cycling Bottle,181.16,New York,XL,Gold,Fall,4.84,Yes,Express,Bank Transfer,Yes,No,3,Horizon,Bi-Weekly,No
CUST-3009,Female,40,Clothing,T-Shirt,209.72,Seattle,S,Black,Spring,4.93,No,Pickup,PayPal,Yes,Yes,22,Summit,Annually,No
CUST-3010,Male,22,Home,Chair,288.72,New York,S,Gold,Fall,3.44,Yes,Standard,Bank Transfer,No,No,16,Northwind,Monthly,Yes
CUST-3011,Female,48,Home,Chair,212.74,Chicago,S,Green,Winter,3.99,No,Express,PayPal,Yes,Yes,15,Horizon,Quarterly,No
CUST-3012,Non-binary,23,Clothing,Jeans,107.6,Chicago,S,Red,Fall,3.32,No,Next Day,Bank Transfer,Yes,No,7,Luma,Monthly,No
CUST-3013,Male,66,Beauty,Skincare Set,234.83,Austin,One Size,Black,Summer,3.17,No,Next Day,Credit Card,No,No,13,Northwind,Bi-Weekly,No
CUST-3014,Male,29,Home,Cookware,186.4,Seattle,S,Green,Summer,4.6,No,Express,Credit Card,No,No,4,Summit,Monthly,No
CUST-3015,Female,66,Books,Cookbook,175.2,New York,L,Green,Summer,4.72,Yes,Next Day,Credit Card,Yes,No,1,Summit,Weekly,No
CUST-3016,Female,40,Electronics,Phone,326.66,New York,M,Black,Summer,3.04,Yes,Next Day,Cash,Yes,Yes,21,Aster,Quarterly,Yes
CUST-3017,Female,43,Home,Desk,204.52,Houston,L,Blue,Fall,5.0,No,Express,Cash,No,No,1,Aster,Weekly,No
CUST-3018,Male,38,Clothing,Jeans,217.18,Chicago,L,White,Winter,4.26,No,Standard,Debit Card,No,No,6,Luma,Weekly,No
CUST-3019,Female,20,Sports,Running Shoes,203.94,Boston,M,Green,Fall,5.0,No,Pickup,Credit Card,No,No,14,Aster,Weekly,No
CUST-3020,Male,37,Home,Chair,200.58,Seattle,S,Black,Spring,5.0,Yes,Pickup,Cash,Yes,No,4,Aster,Annually,No
CUST-3021,Male,67,Books,Cookbook,215.05,Houston,XL,Red,Fall,5.0,Yes,Pickup,Cash,No,No,17,Luma,Quarterly,No
CUST-3022,Female,26,Clothing,Jacket,211.87,New York,S,Green,Winter,3.67,No,Next Day,Bank Transfer,Yes,Yes,23,Luma,Weekly,No
CUST-3023,Female,59,Sports,Cycling Bottle,172.53,Miami,One Size,Gold,Fall,3.59,No,Express,Credit Card,No,No,2,Summit,Quarterly,No
CUST-3024,Female,20,Home,Storage Bin,260.76,Miami,M,Gold,Summer,3.74,Yes,Standard,Debit Card,Yes,Yes,19,Horizon,Quarterly,No
CUST-3025,Female,41,Home,Lamp,227.19,Austin,One Size,Red,Fall,3.46,Yes,Express,Cash,Yes,No,13,Summit,Quarterly,No
CUST-3026,Female,52,Home,Cookware,233.08,Boston,One Size,White,Winter,4.02,No,Pickup,Debit Card,No,No,9,Aster,Quarterly,No
CUST-3027,Female,43,Electronics,Smartwatch,368.39,Miami,L,Red,Winter,4.48,Yes,Express,Cash,No,No,22,Horizon,Annually,Yes
CUST-3028,Male,38,Home,Desk,260.21,Austin,One Size,Green,Summer,4.29,Yes,Pickup,Bank Transfer,No,No,24,Summit,Monthly,No
CUST-3029,Female,52,Clothing,Sweater,182.77,Seattle,S,Purple,Summer,4.68,No,Next Day,PayPal,Yes,Yes,20,Vivid,Annually,No
CUST-3030,Female,32,Beauty,Skincare Set,201.49,Austin,One Size,Gold,Winter,4.07,No,Pickup,Debit Card,Yes,No,21,Summit,Bi-Weekly,No
CUST-3031,Female,31,Home,Chair,226.71,Austin,S,Red,Spring,4.62,No,Pickup,Bank Transfer,No,No,12,Aster,Quarterly,No
CUST-3032,Male,30,Beauty,Serum,217.86,Chicago,XL,Red,Spring,4.02,No,Pickup,PayPal,Yes,No,15,Luma,Weekly,No
CUST-3033,Male,22,Clothing,Jacket,226.83,Boston,S,Blue,Fall,5.0,No,Next Day,PayPal,Yes,No,24,Summit,Quarterly,No
CUST-3034,Female,51,Clothing,T-Shirt,157.75,New York,M,Black,Fall,3.14,No,Standard,Bank Transfer,Yes,Yes,17,Vivid,Annually,No
CUST-3035,Male,62,Sports,Fitness Tracker,270.63,Seattle,XL,Blue,Winter,5.0,No,Express,Bank Transfer,No,No,12,Summit,Annually,No
CUST-3036,Female,71,Electronics,Phone,341.66,Austin,S,Gold,Winter,4.26,No,Express,Credit Card,No,No,13,Horizon,Monthly,Yes
CUST-3037,Non-binary,71,Home,Chair,267.79,Austin,L,White,Winter,4.31,Yes,Express,Debit Card,Yes,Yes,16,Luma,Monthly,No
CUST-3038,Female,50,Home,Lamp,190.71,Chicago,One Size,Black,Fall,4.41,No,Next Day,Bank Transfer,No,No,4,Aster,Quarterly,No
CUST-3039,Male,30,Books,Science Book,197.49,Boston,XL,Red,Spring,4.74,Yes,Pickup,Credit Card,Yes,No,11,Aster,Bi-Weekly,No
CUST-3040,Male,22,Electronics,Tablet,328.3,New York,One Size,Gold,Fall,5.0,No,Pickup,Debit Card,No,No,17,Summit,Weekly,Yes
CUST-3041,Female,58,Clothing,Dress,211.89,Los Angeles,XL,Blue,Spring,4.1,No,Next Day,Debit Card,Yes,Yes,14,Luma,Weekly,No
CUST-3042,Female,30,Clothing,Dress,195.32,Chicago,M,Green,Winter,4.46,Yes,Pickup,PayPal,Yes,Yes,11,Northwind,Bi-Weekly,No
CUST-3043,Male,59,Clothing,Sweater,263.62,Chicago,One Size,Purple,Winter,4.48,No,Standard,PayPal,No,No,24,Summit,Quarterly,No
CUST-3044,Male,24,Beauty,Perfume,210.4,Chicago,XL,Red,Winter,4.14,No,Next Day,Cash,No,No,23,Luma,Annually,No
CUST-3045,Male,66,Beauty,Perfume,200.35,Chicago,S,Blue,Summer,3.72,Yes,Next Day,PayPal,No,No,7,Vivid,Annually,No
CUST-3046,Male,63,Home,Lamp,286.42,Boston,One Size,Purple,Fall,4.5,No,Express,Credit Card,No,No,11,Vivid,Monthly,Yes
CUST-3047,Female,38,Books,History Book,142.22,Houston,One Size,Green,Summer,3.57,No,Pickup,Cash,No,No,14,Horizon,Bi-Weekly,No
CUST-3048,Male,68,Electronics,Headphones,366.05,New York,S,White,Summer,4.94,No,Standard,Debit Card,Yes,No,13,Summit,Weekly,Yes
CUST-3049,Male,43,Electronics,Smartwatch,322.79,Austin,L,Blue,Fall,4.52,Yes,Next Day,PayPal,Yes,No,15,Horizon,Bi-Weekly,Yes
CUST-3050,Female,48,Clothing,Jacket,193.4,Boston,M,Red,Summer,4.34,No,Next Day,PayPal,No,No,10,Northwind,Annually,No
CUST-3051,Male,62,Clothing,Jacket,222.65,Seattle,M,Green,Summer,4.57,Yes,Next Day,Bank Transfer,Yes,Yes,17,Aster,Quarterly,No
CUST-3052,Female,60,Sports,Cycling Bottle,218.09,Boston,XL,Purple,Winter,3.68,No,Next Day,Debit Card,Yes,Yes,6,Summit,Monthly,No
CUST-3053,Female,47,Books,History Book,185.15,Chicago,S,Red,Spring,3.27,Yes,Next Day,Bank Transfer,Yes,Yes,14,Summit,Monthly,No
CUST-3054,Female,23,Home,Chair,244.65,Austin,L,White,Winter,4.6,Yes,Express,Bank Transfer,Yes,Yes,9,Northwind,Weekly,No
CUST-3055,Female,41,Sports,Cycling Bottle,306.62,Austin,XL,Black,Winter,3.75,Yes,Pickup,Credit Card,Yes,Yes,23,Horizon,Quarterly,Yes
CUST-3056,Female,18,Sports,Cycling Bottle,191.65,Los Angeles,XL,White,Fall,3.17,Yes,Express,Cash,Yes,Yes,8,Northwind,Weekly,No
CUST-3057,Male,38,Home,Desk,343.29,Houston,One Size,White,Summer,3.68,Yes,Standard,Cash,No,No,18,Vivid,Monthly,Yes
CUST-3058,Female,64,Electronics,Smartwatch,385.92,Seattle,XL,Gold,Fall,5.0,No,Next Day,Cash,No,No,22,Northwind,Monthly,Yes
CUST-3059,Female,70,Books,Cookbook,223.82,New York,One Size,Purple,Spring,3.64,No,Standard,Credit Card,No,No,21,Luma,Annually,No
CUST-3060,Male,50,Beauty,Serum,279.83,Los Angeles,M,Black,Summer,4.85,Yes,Express,Bank Transfer,Yes,Yes,16,Luma,Weekly,Yes
CUST-3061,Female,37,Home,Cookware,230.5,Chicago,One Size,Red,Winter,4.19,No,Next Day,Debit Card,No,No,9,Northwind,Weekly,No
CUST-3062,Male,34,Books,Science Book,211.61,New York,S,Blue,Summer,5.0,No,Standard,Credit Card,No,No,12,Northwind,Weekly,No
CUST-3063,Female,24,Electronics,Smartwatch,244.39,Seattle,XL,Purple,Fall,4.95,No,Standard,Cash,No,No,1,Luma,Monthly,No
CUST-3064,Male,56,Beauty,Serum,142.01,New York,L,Black,Summer,4.76,No,Pickup,Cash,Yes,No,1,Summit,Weekly,No
CUST-3065,Male,46,Books,Self-help,187.43,New York,L,Blue,Winter,5.0,No,Pickup,Credit Card,Yes,No,17,Luma,Weekly,No
CUST-3066,Female,53,Clothing,Dress,192.89,Austin,M,Red,Spring,4.88,No,Next Day,Credit Card,Yes,No,18,Vivid,Monthly,No
CUST-3067,Female,52,Clothing,Jeans,177.43,Chicago,One Size,Green,Winter,4.49,No,Express,Cash,Yes,Yes,15,Vivid,Quarterly,No
CUST-3068,Male,32,Electronics,Laptop,300.29,Los Angeles,S,Green,Summer,3.86,No,Pickup,Debit Card,No,No,18,Vivid,Annually,Yes
CUST-3069,Female,56,Sports,Dumbbells,270.49,Los Angeles,S,Blue,Winter,4.14,No,Pickup,Bank Transfer,Yes,Yes,22,Vivid,Quarterly,No
CUST-3070,Female,37,Home,Cookware,244.02,Seattle,XL,White,Spring,3.95,No,Standard,Bank Transfer,Yes,No,17,Vivid,Monthly,No
CUST-3071,Male,65,Electronics,Laptop,328.86,Boston,XL,Red,Fall,4.36,No,Standard,Debit Card,Yes,No,15,Vivid,Bi-Weekly,Yes
CUST-3072,Male,62,Beauty,Perfume,281.44,Austin,One Size,White,Spring,4.28,Yes,Express,Credit Card,Yes,No,16,Luma,Weekly,Yes
CUST-3073,Female,68,Clothing,Jeans,231.66,Los Angeles,S,Red,Summer,3.61,Yes,Standard,Debit Card,Yes,Yes,22,Northwind,Annually,No
CUST-3074,Male,61,Sports,Cycling Bottle,212.7,Chicago,M,Black,Winter,4.04,Yes,Express,PayPal,Yes,Yes,5,Summit,Weekly,No
CUST-3075,Male,70,Home,Chair,315.59,New York,S,Gold,Winter,3.61,Yes,Standard,Credit Card,No,No,15,Luma,Weekly,Yes
CUST-3076,Female,30,Home,Storage Bin,291.96,Austin,S,Green,Summer,3.64,Yes,Next Day,Bank Transfer,No,No,23,Luma,Annually,Yes
CUST-3077,Female,38,Sports,Running Shoes,229.1,Boston,XL,Green,Fall,3.54,No,Pickup,Debit Card,Yes,Yes,18,Summit,Weekly,No
CUST-3078,Male,63,Beauty,Serum,300.77,Houston,M,Green,Summer,4.09,Yes,Pickup,PayPal,No,No,16,Vivid,Monthly,Yes
CUST-3079,Female,55,Books,History Book,116.49,New York,One Size,White,Spring,4.03,No,Next Day,Credit Card,No,No,6,Northwind,Monthly,No
CUST-3080,Male,50,Books,History Book,146.83,Chicago,M,Black,Summer,3.34,Yes,Standard,Credit Card,Yes,Yes,3,Northwind,Monthly,No
CUST-3081,Non-binary,20,Electronics,Smartwatch,339.17,New York,M,Gold,Fall,3.99,Yes,Pickup,Bank Transfer,No,No,10,Northwind,Weekly,Yes
CUST-3082,Female,64,Beauty,Perfume,228.85,Miami,L,Blue,Summer,4.41,Yes,Next Day,PayPal,Yes,Yes,15,Northwind,Quarterly,No
CUST-3083,Female,67,Electronics,Tablet,300.74,Los Angeles,L,Green,Fall,3.04,Yes,Next Day,Credit Card,Yes,Yes,13,Luma,Bi-Weekly,Yes
CUST-3084,Female,35,Clothing,Sweater,149.7,Houston,M,Purple,Fall,4.13,No,Next Day,Debit Card,Yes,Yes,11,Northwind,Monthly,No
CUST-3085,Female,46,Electronics,Tablet,307.43,Chicago,XL,Black,Summer,5.0,No,Standard,Credit Card,No,No,11,Summit,Quarterly,Yes
CUST-3086,Male,19,Electronics,Tablet,275.8,Seattle,S,Red,Spring,4.37,No,Standard,Credit Card,No,No,5,Aster,Weekly,Yes
CUST-3087,Non-binary,22,Beauty,Skincare Set,174.67,Seattle,M,Purple,Fall,3.89,No,Next Day,Debit Card,Yes,Yes,16,Summit,Bi-Weekly,No
CUST-3088,Male,70,Books,Novel,165.57,Houston,L,Red,Summer,4.88,Yes,Standard,Bank Transfer,Yes,Yes,6,Luma,Monthly,No
CUST-3089,Male,20,Home,Chair,194.67,Miami,L,Green,Spring,3.62,Yes,Next Day,Bank Transfer,No,No,1,Horizon,Monthly,No
CUST-3090,Male,69,Sports,Yoga Mat,295.07,Seattle,M,Red,Winter,3.78,No,Standard,Cash,Yes,No,22,Horizon,Weekly,Yes
CUST-3091,Female,39,Clothing,Jacket,147.16,Seattle,S,Green,Fall,4.33,No,Standard,PayPal,Yes,Yes,19,Northwind,Annually,No
CUST-3092,Male,60,Books,Novel,165.45,Houston,XL,Blue,Winter,4.85,Yes,Next Day,Cash,Yes,Yes,2,Luma,Bi-Weekly,No
CUST-3093,Female,30,Home,Storage Bin,227.23,Boston,XL,Green,Fall,4.56,Yes,Next Day,Cash,Yes,Yes,4,Luma,Weekly,No
CUST-3094,Female,29,Electronics,Tablet,235.64,Boston,L,Green,Fall,3.73,Yes,Pickup,Bank Transfer,Yes,Yes,9,Summit,Annually,No
CUST-3095,Female,34,Beauty,Perfume,149.7,Miami,One Size,Red,Fall,5.0,No,Standard,Credit Card,Yes,Yes,5,Summit,Weekly,No
CUST-3096,Female,60,Clothing,Jeans,164.55,Seattle,XL,Gold,Fall,5.0,Yes,Pickup,Credit Card,Yes,Yes,1,Aster,Annually,No
CUST-3097,Male,43,Home,Lamp,197.15,Boston,One Size,Gold,Spring,3.02,No,Express,Credit Card,No,No,3,Luma,Quarterly,No
CUST-3098,Male,39,Clothing,T-Shirt,241.11,Seattle,One Size,Gold,Fall,4.05,Yes,Standard,Cash,No,No,6,Luma,Weekly,No
CUST-3099,Male,35,Books,Science Book,186.13,Austin,L,Black,Fall,4.39,No,Pickup,Cash,Yes,Yes,17,Northwind,Weekly,No
CUST-3100,Male,42,Books,Novel,143.74,Houston,XL,Purple,Fall,4.09,Yes,Standard,Cash,Yes,Yes,3,Horizon,Weekly,No
CUST-3101,Female,44,Books,Cookbook,209.67,Seattle,S,Black,Fall,3.48,Yes,Express,PayPal,No,No,23,Aster,Quarterly,No
CUST-3102,Male,71,Electronics,Headphones,371.48,Miami,M,White,Fall,5.0,Yes,Express,Credit Card,Yes,Yes,16,Horizon,Quarterly,Yes
CUST-3103,Male,18,Clothing,T-Shirt,197.01,Austin,S,Red,Summer,4.2,Yes,Express,Bank Transfer,No,No,14,Vivid,Annually,No
CUST-3104,Female,68,Home,Cookware,305.62,New York,L,Blue,Spring,5.0,No,Pickup,PayPal,Yes,No,23,Northwind,Quarterly,Yes
CUST-3105,Male,22,Sports,Dumbbells,191.9,Boston,S,Red,Fall,5.0,No,Pickup,Debit Card,Yes,No,16,Summit,Bi-Weekly,No
CUST-3106,Female,64,Home,Desk,268.65,Seattle,S,Red,Winter,3.29,No,Pickup,Cash,Yes,Yes,20,Luma,Monthly,No
CUST-3107,Male,69,Beauty,Makeup Kit,300.19,Boston,M,Black,Fall,5.0,Yes,Standard,Bank Transfer,Yes,Yes,19,Horizon,Annually,Yes
CUST-3108,Female,50,Sports,Running Shoes,229.3,Chicago,M,Purple,Winter,4.7,No,Express,Cash,Yes,No,10,Luma,Annually,No
CUST-3109,Male,63,Electronics,Headphones,328.46,New York,XL,Green,Spring,3.46,No,Standard,Credit Card,No,No,12,Northwind,Weekly,Yes
CUST-3110,Male,62,Books,Novel,211.43,Seattle,S,Black,Summer,4.07,Yes,Pickup,Cash,No,No,7,Luma,Weekly,No
CUST-3111,Female,53,Sports,Dumbbells,238.69,Miami,One Size,Green,Spring,4.13,Yes,Next Day,Debit Card,Yes,No,13,Aster,Monthly,No
CUST-3112,Male,56,Sports,Cycling Bottle,201.07,Miami,XL,Blue,Fall,4.83,No,Standard,Cash,No,No,3,Luma,Quarterly,No
CUST-3113,Female,70,Electronics,Tablet,311.85,Boston,L,Purple,Winter,4.41,No,Pickup,PayPal,No,No,7,Summit,Bi-Weekly,Yes
CUST-3114,Female,31,Home,Chair,321.37,Seattle,S,Gold,Spring,4.98,No,Next Day,Bank Transfer,No,No,20,Vivid,Bi-Weekly,Yes
CUST-3115,Female,57,Clothing,Jeans,196.44,Miami,L,Gold,Summer,4.06,No,Pickup,Bank Transfer,Yes,No,16,Aster,Quarterly,No
CUST-3116,Female,30,Clothing,Jacket,152.66,Boston,L,Gold,Fall,4.99,No,Pickup,Debit Card,No,No,7,Horizon,Bi-Weekly,No
CUST-3117,Female,56,Electronics,Smartwatch,317.16,Seattle,S,Black,Winter,3.75,Yes,Next Day,Bank Transfer,No,No,12,Summit,Annually,Yes
CUST-3118,Male,63,Clothing,Jacket,231.49,Miami,L,Red,Summer,4.75,No,Express,PayPal,Yes,No,23,Horizon,Quarterly,No
CUST-3119,Male,31,Electronics,Tablet,337.08,Austin,XL,Blue,Summer,5.0,Yes,Pickup,Credit Card,Yes,No,14,Northwind,Quarterly,Yes
CUST-3120,Male,51,Clothing,Dress,162.56,Los Angeles,M,Red,Summer,3.13,No,Pickup,Debit Card,Yes,No,13,Aster,Quarterly,No
CUST-3121,Female,60,Clothing,Jeans,201.3,Miami,L,White,Winter,3.53,No,Standard,Credit Card,Yes,No,13,Luma,Weekly,No
CUST-3122,Female,46,Clothing,Dress,260.64,Boston,M,Black,Summer,4.94,Yes,Standard,Debit Card,Yes,No,22,Horizon,Monthly,No
CUST-3123,Female,39,Electronics,Headphones,278.78,Miami,One Size,Red,Winter,3.45,Yes,Pickup,PayPal,Yes,Yes,7,Summit,Monthly,Yes
CUST-3124,Male,31,Home,Storage Bin,269.74,Houston,XL,White,Summer,3.71,No,Express,Credit Card,No,No,17,Horizon,Annually,No
CUST-3125,Male,20,Beauty,Perfume,120.24,Miami,M,Red,Summer,4.28,No,Next Day,Bank Transfer,Yes,Yes,3,Vivid,Weekly,No
CUST-3126,Female,36,Clothing,Sweater,172.33,Chicago,L,Black,Spring,4.75,No,Pickup,PayPal,No,No,2,Summit,Weekly,No
CUST-3127,Female,58,Sports,Fitness Tracker,188.87,New York,M,White,Summer,2.84,Yes,Express,PayPal,Yes,Yes,6,Aster,Monthly,No
CUST-3128,Male,53,Sports,Yoga Mat,283.89,Austin,M,Black,Winter,5.0,Yes,Standard,Bank Transfer,No,No,8,Northwind,Weekly,Yes
CUST-3129,Male,45,Electronics,Laptop,243.33,New York,S,Red,Winter,4.12,No,Pickup,PayPal,Yes,No,10,Aster,Annually,No
CUST-3130,Female,51,Home,Desk,350.19,Chicago,One Size,Red,Winter,5.0,Yes,Standard,Credit Card,Yes,Yes,24,Luma,Bi-Weekly,Yes
CUST-3131,Female,36,Books,Science Book,222.76,Seattle,M,Red,Winter,3.81,No,Pickup,Cash,No,No,21,Horizon,Weekly,No
CUST-3132,Male,28,Electronics,Headphones,253.97,Seattle,L,Black,Summer,5.0,Yes,Next Day,Bank Transfer,Yes,Yes,4,Aster,Monthly,No
CUST-3133,Non-binary,24,Home,Chair,224.72,New York,M,White,Summer,5.0,Yes,Next Day,PayPal,Yes,No,13,Summit,Quarterly,No
CUST-3134,Female,25,Sports,Dumbbells,266.15,Houston,XL,Gold,Winter,3.76,No,Pickup,Debit Card,No,No,18,Horizon,Weekly,No
CUST-3135,Non-binary,57,Home,Cookware,248.11,Los Angeles,One Size,Blue,Spring,3.42,No,Next Day,Debit Card,No,No,11,Vivid,Monthly,No
CUST-3136,Female,20,Clothing,T-Shirt,116.81,Seattle,L,Red,Summer,4.48,No,Standard,Bank Transfer,No,No,7,Vivid,Quarterly,No
CUST-3137,Female,24,Clothing,Jeans,219.29,Houston,XL,Red,Spring,3.39,No,Pickup,Debit Card,No,No,21,Luma,Weekly,No
CUST-3138,Male,59,Sports,Yoga Mat,337.38,Boston,L,Red,Summer,4.07,Yes,Express,PayPal,No,No,19,Northwind,Weekly,Yes
CUST-3139,Female,44,Home,Lamp,342.2,Miami,L,White,Spring,3.37,Yes,Next Day,Cash,Yes,Yes,24,Summit,Weekly,Yes
CUST-3140,Male,61,Beauty,Serum,224.85,Miami,M,Gold,Spring,3.24,Yes,Standard,Cash,No,No,10,Aster,Bi-Weekly,No
CUST-3141,Female,33,Home,Lamp,184.51,Austin,XL,Purple,Summer,4.48,No,Next Day,Bank Transfer,Yes,No,11,Vivid,Quarterly,No
CUST-3142,Male,63,Sports,Running Shoes,312.07,Houston,XL,Red,Spring,5.0,Yes,Pickup,Cash,No,No,9,Vivid,Weekly,Yes
CUST-3143,Male,57,Books,Cookbook,234.37,Miami,S,Purple,Summer,5.0,No,Standard,Credit Card,Yes,No,21,Vivid,Monthly,No
CUST-3144,Female,40,Clothing,Jacket,228.04,Seattle,L,Green,Winter,3.99,Yes,Express,Debit Card,Yes,Yes,15,Horizon,Weekly,No
CUST-3145,Male,61,Sports,Fitness Tracker,222.07,Los Angeles,One Size,Black,Summer,3.54,No,Next Day,Cash,Yes,Yes,18,Luma,Quarterly,No
CUST-3146,Female,44,Clothing,Jeans,258.98,Boston,S,Green,Summer,4.34,Yes,Express,Credit Card,No,No,21,Summit,Weekly,No
CUST-3147,Male,43,Beauty,Makeup Kit,184.01,Boston,S,Black,Winter,3.86,No,Pickup,Cash,Yes,No,18,Vivid,Quarterly,No
CUST-3148,Female,39,Clothing,Sweater,185.66,Boston,S,White,Summer,3.94,Yes,Pickup,Cash,No,No,19,Vivid,Annually,No
CUST-3149,Female,61,Electronics,Headphones,255.41,Houston,M,Red,Spring,4.83,No,Standard,Credit Card,Yes,No,3,Luma,Quarterly,No
CUST-3150,Female,27,Clothing,Jacket,87.57,Los Angeles,L,Gold,Spring,3.35,Yes,Next Day,Debit Card,Yes,Yes,6,Luma,Weekly,No
CUST-3151,Male,64,Clothing,Jeans,185.61,Seattle,One Size,Green,Fall,3.8,No,Next Day,Debit Card,Yes,No,12,Summit,Bi-Weekly,No
CUST-3152,Female,52,Beauty,Serum,274.69,Los Angeles,One Size,White,Spring,3.96,Yes,Next Day,Credit Card,Yes,No,20,Summit,Weekly,Yes
CUST-3153,Male,69,Clothing,T-Shirt,261.47,Austin,M,Green,Fall,5.0,No,Next Day,PayPal,Yes,No,16,Vivid,Annually,No
CUST-3154,Female,48,Electronics,Smartwatch,264.68,New York,S,Green,Summer,3.71,No,Express,Cash,No,No,7,Luma,Monthly,No
CUST-3155,Male,65,Beauty,Skincare Set,284.85,Houston,S,Green,Spring,4.59,Yes,Express,Debit Card,No,No,9,Aster,Weekly,Yes
CUST-3156,Female,64,Home,Desk,288.51,New York,M,Green,Spring,5.0,Yes,Next Day,Debit Card,Yes,No,10,Summit,Weekly,Yes
CUST-3157,Male,19,Home,Cookware,275.41,New York,L,Black,Fall,5.0,No,Next Day,Debit Card,No,No,20,Luma,Bi-Weekly,Yes
CUST-3158,Female,35,Electronics,Laptop,360.22,Houston,L,Black,Fall,4.06,Yes,Next Day,Cash,No,No,22,Northwind,Monthly,Yes
CUST-3159,Female,27,Home,Storage Bin,262.98,Chicago,M,Black,Fall,4.61,Yes,Pickup,Credit Card,No,No,13,Luma,Annually,No
CUST-3160,Male,29,Clothing,Dress,138.92,New York,XL,Purple,Fall,3.35,No,Next Day,PayPal,Yes,No,12,Luma,Bi-Weekly,No
CUST-3161,Female,35,Home,Lamp,307.86,Austin,S,Black,Spring,4.16,Yes,Pickup,Credit Card,No,No,16,Vivid,Weekly,Yes
CUST-3162,Male,35,Home,Storage Bin,288.34,New York,XL,Black,Summer,5.0,Yes,Next Day,PayPal,No,No,17,Northwind,Annually,Yes
CUST-3163,Female,28,Sports,Cycling Bottle,263.91,Houston,M,Black,Summer,4.92,Yes,Next Day,PayPal,Yes,No,15,Luma,Bi-Weekly,No
CUST-3164,Female,36,Beauty,Makeup Kit,213.7,New York,XL,Gold,Summer,3.78,No,Next Day,Bank Transfer,Yes,Yes,17,Horizon,Weekly,No
CUST-3165,Female,21,Beauty,Makeup Kit,154.53,Seattle,S,Black,Fall,5.0,No,Pickup,Cash,Yes,No,13,Horizon,Weekly,No
CUST-3166,Male,58,Sports,Running Shoes,274.22,Houston,One Size,Red,Winter,4.29,No,Standard,Credit Card,No,No,22,Summit,Bi-Weekly,No
CUST-3167,Male,67,Clothing,T-Shirt,247.22,Houston,L,Gold,Summer,4.28,No,Express,Credit Card,Yes,No,22,Aster,Monthly,No
CUST-3168,Female,55,Electronics,Tablet,392.03,Miami,M,White,Summer,5.0,Yes,Standard,Debit Card,No,No,17,Northwind,Bi-Weekly,Yes
CUST-3169,Female,31,Electronics,Tablet,291.2,Austin,M,White,Fall,3.52,Yes,Next Day,Debit Card,Yes,Yes,14,Vivid,Bi-Weekly,Yes
CUST-3170,Female,21,Books,Science Book,179.95,Chicago,XL,Black,Summer,3.54,No,Pickup,Bank Transfer,Yes,No,20,Vivid,Annually,No
CUST-3171,Female,49,Clothing,Dress,172.76,Houston,One Size,White,Fall,3.41,Yes,Standard,PayPal,Yes,Yes,3,Vivid,Bi-Weekly,No
CUST-3172,Non-binary,47,Electronics,Headphones,393.59,Austin,L,Blue,Winter,5.0,Yes,Pickup,Credit Card,Yes,No,23,Luma,Bi-Weekly,Yes
CUST-3173,Female,62,Sports,Yoga Mat,253.48,New York,One Size,White,Winter,2.99,Yes,Standard,Credit Card,Yes,No,15,Luma,Annually,No
CUST-3174,Female,51,Electronics,Laptop,412.85,Miami,L,White,Summer,4.26,Yes,Pickup,Credit Card,No,No,24,Horizon,Annually,Yes
CUST-3175,Male,48,Clothing,T-Shirt,115.26,Miami,XL,Purple,Spring,3.65,No,Next Day,Bank Transfer,Yes,Yes,3,Summit,Quarterly,No
CUST-3176,Female,48,Sports,Fitness Tracker,146.7,Chicago,One Size,Gold,Summer,4.31,No,Express,Debit Card,No,No,3,Summit,Quarterly,No
CUST-3177,Male,43,Books,Cookbook,154.45,Boston,One Size,Blue,Winter,4.11,Yes,Standard,Cash,Yes,No,11,Summit,Quarterly,No
CUST-3178,Female,18,Books,Science Book,87.42,Seattle,One Size,Blue,Winter,2.62,No,Standard,Bank Transfer,Yes,Yes,1,Luma,Weekly,No
CUST-3179,Male,54,Sports,Cycling Bottle,261.51,New York,L,White,Summer,4.66,No,Next Day,Credit Card,No,No,21,Luma,Annually,No
CUST-3180,Male,60,Beauty,Serum,203.89,Seattle,S,Gold,Fall,3.61,Yes,Express,PayPal,Yes,No,11,Northwind,Monthly,No
CUST-3181,Female,55,Clothing,Sweater,192.45,Seattle,M,Black,Winter,4.31,No,Standard,Cash,No,No,15,Northwind,Bi-Weekly,No
CUST-3182,Male,27,Home,Lamp,285.07,Los Angeles,L,Purple,Spring,3.96,No,Standard,Bank Transfer,No,No,22,Luma,Weekly,Yes
CUST-3183,Female,66,Clothing,Dress,184.97,Los Angeles,M,Red,Winter,4.89,No,Express,Cash,Yes,No,2,Luma,Weekly,No
CUST-3184,Male,60,Books,Novel,221.26,Miami,M,Black,Winter,5.0,No,Express,PayPal,No,No,6,Horizon,Weekly,No
CUST-3185,Female,38,Clothing,Jacket,146.63,Seattle,M,Blue,Summer,3.57,No,Next Day,PayPal,No,No,5,Horizon,Quarterly,No
CUST-3186,Male,61,Clothing,Dress,261.11,Seattle,S,Red,Fall,4.34,Yes,Express,Cash,Yes,No,15,Vivid,Weekly,No
CUST-3187,Male,29,Clothing,Jacket,85.08,Houston,L,Purple,Spring,4.32,No,Standard,PayPal,No,No,1,Luma,Quarterly,No
CUST-3188,Male,21,Electronics,Laptop,284.28,Houston,L,Black,Winter,5.0,No,Next Day,Debit Card,Yes,No,10,Aster,Weekly,Yes
CUST-3189,Female,49,Electronics,Smartwatch,261.33,Chicago,One Size,Green,Spring,4.38,No,Next Day,Credit Card,Yes,No,3,Vivid,Quarterly,No
CUST-3190,Female,48,Books,Novel,212.34,Seattle,XL,Green,Spring,4.32,No,Pickup,Credit Card,No,No,21,Summit,Bi-Weekly,No
CUST-3191,Male,46,Home,Desk,234.66,New York,M,Gold,Fall,5.0,No,Standard,Cash,No,No,6,Northwind,Quarterly,No
CUST-3192,Male,40,Electronics,Phone,281.72,New York,One Size,Blue,Fall,4.72,No,Pickup,PayPal,Yes,Yes,5,Summit,Weekly,Yes
CUST-3193,Female,20,Clothing,Sweater,142.57,Miami,S,Gold,Summer,4.17,No,Next Day,Bank Transfer,Yes,No,16,Luma,Annually,No
CUST-3194,Male,68,Electronics,Headphones,280.73,Chicago,One Size,Gold,Fall,4.09,Yes,Next Day,Bank Transfer,No,No,1,Summit,Quarterly,Yes
CUST-3195,Male,31,Clothing,T-Shirt,264.3,Chicago,M,Purple,Spring,5.0,No,Pickup,Debit Card,Yes,Yes,23,Luma,Bi-Weekly,No
CUST-3196,Male,53,Electronics,Phone,266.18,Austin,M,Black,Fall,5.0,No,Express,Cash,Yes,Yes,8,Luma,Annually,No
CUST-3197,Female,56,Sports,Fitness Tracker,192.78,Boston,S,White,Summer,3.18,No,Pickup,Debit Card,Yes,Yes,5,Vivid,Bi-Weekly,No
CUST-3198,Female,29,Electronics,Smartwatch,359.66,Houston,L,Gold,Summer,4.4,Yes,Standard,PayPal,Yes,No,24,Northwind,Bi-Weekly,Yes
CUST-3199,Non-binary,22,Books,Science Book,243.62,Chicago,XL,Black,Fall,3.39,No,Standard,Credit Card,No,No,22,Aster,Weekly,No
CUST-3200,Male,39,Home,Chair,253.67,Boston,One Size,Green,Fall,4.15,No,Standard,Credit Card,No,No,16,Northwind,Bi-Weekly,No
CUST-3201,Female,69,Sports,Running Shoes,250.9,Miami,S,Purple,Winter,5.0,Yes,Pickup,Cash,Yes,Yes,17,Luma,Annually,No
CUST-3202,Female,46,Clothing,Dress,246.45,Austin,M,Blue,Fall,4.07,Yes,Pickup,Cash,Yes,No,20,Vivid,Weekly,No
CUST-3203,Female,32,Books,Science Book,129.16,Boston,M,Blue,Fall,5.0,No,Pickup,Bank Transfer,Yes,No,11,Northwind,Monthly,No
CUST-3204,Female,44,Electronics,Phone,312.54,New York,M,Gold,Winter,4.52,No,Express,Cash,No,No,10,Horizon,Quarterly,Yes
CUST-3205,Male,70,Sports,Yoga Mat,285.19,Chicago,XL,Red,Fall,4.15,Yes,Pickup,PayPal,Yes,Yes,10,Luma,Weekly,Yes
CUST-3206,Female,57,Home,Chair,272.97,New York,XL,Red,Spring,5.0,No,Standard,Credit Card,Yes,Yes,11,Northwind,Quarterly,No
CUST-3207,Male,67,Clothing,Sweater,195.94,Austin,M,Black,Winter,2.81,Yes,Standard,Debit Card,No,No,10,Luma,Bi-Weekly,No
CUST-3208,Female,18,Electronics,Laptop,347.66,Los Angeles,L,Gold,Summer,4.78,No,Express,Cash,No,No,22,Luma,Weekly,Yes
CUST-3209,Male,36,Electronics,Tablet,307.73,Seattle,XL,White,Fall,3.81,Yes,Express,Bank Transfer,No,No,5,Vivid,Bi-Weekly,Yes
CUST-3210,Female,32,Sports,Cycling Bottle,218.77,Seattle,XL,Red,Fall,3.71,No,Standard,Credit Card,Yes,No,12,Summit,Weekly,No
CUST-3211,Female,49,Sports,Fitness Tracker,242.28,Houston,M,Black,Spring,4.98,No,Next Day,Debit Card,Yes,No,11,Vivid,Annually,No
CUST-3212,Male,23,Clothing,Dress,169.25,Austin,XL,Gold,Summer,4.41,No,Standard,Debit Card,Yes,Yes,16,Northwind,Bi-Weekly,No
CUST-3213,Female,21,Electronics,Laptop,309.6,Miami,L,Purple,Winter,4.65,No,Next Day,PayPal,Yes,Yes,18,Luma,Weekly,Yes
CUST-3214,Female,19,Clothing,Sweater,146.43,Seattle,S,Green,Fall,4.37,No,Next Day,PayPal,No,No,9,Northwind,Annually,No
CUST-3215,Female,32,Sports,Dumbbells,247.86,New York,L,Blue,Summer,5.0,Yes,Next Day,Cash,Yes,Yes,13,Aster,Monthly,No
CUST-3216,Female,71,Books,Cookbook,222.96,Chicago,M,White,Winter,4.46,Yes,Express,PayPal,No,No,12,Summit,Quarterly,No
CUST-3217,Female,55,Clothing,Dress,176.78,Austin,One Size,Gold,Fall,3.97,Yes,Standard,Bank Transfer,No,No,5,Aster,Bi-Weekly,No
CUST-3218,Male,30,Home,Cookware,196.34,Houston,S,Blue,Fall,4.62,Yes,Next Day,Credit Card,Yes,No,2,Luma,Monthly,No
CUST-3219,Female,62,Books,Cookbook,232.79,Austin,XL,Gold,Fall,3.38,No,Standard,Bank Transfer,No,No,19,Luma,Weekly,No
CUST-3220,Female,28,Books,Novel,187.21,New York,M,Green,Summer,3.69,Yes,Next Day,Bank Transfer,Yes,Yes,15,Aster,Monthly,No
CUST-3221,Female,45,Home,Chair,237.0,Los Angeles,One Size,Black,Fall,2.95,No,Express,Cash,Yes,Yes,21,Summit,Annually,No
CUST-3222,Male,55,Clothing,Dress,255.68,Houston,XL,Red,Fall,4.96,Yes,Pickup,PayPal,Yes,No,19,Horizon,Annually,No
CUST-3223,Male,55,Beauty,Perfume,252.13,New York,M,Purple,Fall,3.49,Yes,Next Day,Bank Transfer,No,No,7,Luma,Weekly,No
CUST-3224,Male,22,Electronics,Tablet,237.93,New York,L,Purple,Spring,3.05,No,Express,Bank Transfer,No,No,9,Northwind,Quarterly,No
CUST-3225,Male,26,Electronics,Smartwatch,218.84,Boston,M,Green,Spring,3.78,No,Next Day,Cash,No,No,1,Luma,Annually,No
CUST-3226,Male,61,Electronics,Tablet,323.28,Miami,One Size,Green,Fall,2.5,Yes,Standard,Cash,No,No,21,Aster,Quarterly,Yes
CUST-3227,Male,42,Beauty,Serum,278.92,Austin,L,Black,Spring,4.02,No,Standard,Debit Card,Yes,Yes,24,Luma,Bi-Weekly,Yes
CUST-3228,Male,41,Books,Cookbook,194.11,New York,L,Black,Summer,4.2,No,Standard,Cash,Yes,No,18,Vivid,Annually,No
CUST-3229,Female,48,Books,History Book,171.23,Boston,M,Green,Summer,4.29,Yes,Next Day,Bank Transfer,Yes,Yes,13,Northwind,Quarterly,No
CUST-3230,Male,57,Home,Chair,288.73,Seattle,XL,Green,Fall,5.0,No,Standard,Cash,No,No,20,Vivid,Annually,Yes
CUST-3231,Male,56,Beauty,Skincare Set,194.21,Miami,S,Blue,Summer,2.34,No,Next Day,Bank Transfer,Yes,Yes,21,Vivid,Bi-Weekly,No
CUST-3232,Female,61,Home,Lamp,230.82,Chicago,M,Purple,Winter,3.01,Yes,Next Day,Cash,No,No,7,Aster,Bi-Weekly,No
CUST-3233,Female,40,Books,History Book,260.03,New York,XL,Black,Spring,5.0,Yes,Standard,Debit Card,No,No,13,Vivid,Weekly,No
CUST-3234,Female,42,Electronics,Smartwatch,348.44,Los Angeles,XL,Blue,Summer,4.11,Yes,Express,Debit Card,No,No,12,Vivid,Bi-Weekly,Yes
CUST-3235,Non-binary,44,Sports,Fitness Tracker,197.22,Miami,L,Gold,Winter,3.72,No,Standard,PayPal,Yes,No,7,Luma,Monthly,No
CUST-3236,Female,42,Home,Cookware,278.68,Chicago,One Size,Red,Summer,4.6,No,Express,PayPal,Yes,Yes,22,Northwind,Bi-Weekly,Yes
CUST-3237,Male,39,Books,History Book,217.75,Miami,XL,Black,Spring,4.36,No,Express,Cash,No,No,8,Horizon,Weekly,No
CUST-3238,Female,42,Beauty,Skincare Set,157.44,Houston,L,Purple,Spring,3.02,Yes,Standard,Bank Transfer,No,No,4,Aster,Monthly,No
CUST-3239,Male,23,Books,Self-help,131.21,Los Angeles,One Size,Gold,Fall,4.51,No,Express,PayPal,No,No,7,Horizon,Bi-Weekly,No
CUST-3240,Male,52,Clothing,Dress,133.69,Seattle,S,Blue,Summer,3.37,No,Express,PayPal,No,No,1,Northwind,Quarterly,No
CUST-3241,Female,45,Sports,Cycling Bottle,280.7,Houston,S,Red,Fall,3.86,No,Pickup,Cash,No,No,22,Aster,Monthly,Yes
CUST-3242,Female,31,Sports,Running Shoes,255.06,Austin,One Size,Gold,Fall,4.21,No,Express,Debit Card,No,No,22,Horizon,Weekly,No
CUST-3243,Male,69,Clothing,T-Shirt,224.31,Los Angeles,L,Blue,Fall,4.26,Yes,Pickup,Debit Card,Yes,Yes,6,Horizon,Bi-Weekly,No
CUST-3244,Male,49,Electronics,Headphones,308.72,Miami,One Size,Black,Fall,4.6,No,Express,Bank Transfer,No,No,4,Luma,Monthly,Yes
CUST-3245,Male,59,Sports,Running Shoes,289.98,Seattle,One Size,Purple,Summer,3.81,Yes,Next Day,Credit Card,No,No,16,Northwind,Bi-Weekly,Yes
CUST-3246,Female,27,Clothing,T-Shirt,176.31,Seattle,L,Black,Winter,2.56,No,Pickup,Cash,Yes,Yes,19,Luma,Weekly,No
CUST-3247,Female,66,Electronics,Smartwatch,293.01,Houston,One Size,Purple,Spring,3.05,No,Standard,Debit Card,Yes,No,16,Luma,Annually,Yes
CUST-3248,Male,66,Home,Desk,304.55,Seattle,One Size,Blue,Summer,3.73,Yes,Standard,Debit Card,Yes,No,13,Summit,Weekly,Yes
CUST-3249,Female,56,Home,Lamp,220.19,Los Angeles,L,Red,Summer,5.0,Yes,Pickup,Bank Transfer,Yes,No,10,Vivid,Annually,No
CUST-3250,Male,42,Home,Storage Bin,267.33,Miami,XL,Gold,Spring,4.31,No,Next Day,Cash,Yes,No,23,Northwind,Annually,No
CUST-3251,Male,60,Electronics,Laptop,292.07,Los Angeles,S,Blue,Summer,3.6,No,Standard,Bank Transfer,Yes,Yes,10,Aster,Monthly,Yes
CUST-3252,Female,61,Sports,Fitness Tracker,269.02,Austin,One Size,Red,Winter,3.11,No,Express,Debit Card,Yes,No,21,Aster,Monthly,No
CUST-3253,Male,63,Electronics,Phone,374.5,Houston,S,Blue,Fall,4.37,Yes,Express,Bank Transfer,Yes,No,23,Vivid,Quarterly,Yes
CUST-3254,Female,18,Beauty,Serum,200.59,Chicago,XL,Black,Summer,4.53,No,Express,Debit Card,No,No,15,Luma,Bi-Weekly,No
CUST-3255,Female,23,Home,Cookware,214.33,Chicago,L,Gold,Spring,4.04,Yes,Express,Cash,Yes,Yes,7,Aster,Annually,No
CUST-3256,Female,70,Clothing,Jacket,226.6,Los Angeles,XL,White,Spring,4.07,Yes,Pickup,Debit Card,Yes,No,20,Luma,Monthly,No
CUST-3257,Male,55,Books,History Book,153.13,Miami,One Size,Red,Winter,2.59,No,Express,Debit Card,Yes,Yes,15,Horizon,Monthly,No
CUST-3258,Female,62,Clothing,T-Shirt,150.02,Seattle,M,Purple,Fall,5.0,Yes,Pickup,Credit Card,Yes,Yes,1,Vivid,Quarterly,No
CUST-3259,Female,65,Electronics,Phone,321.97,Miami,XL,Green,Spring,3.16,No,Next Day,Cash,No,No,22,Horizon,Bi-Weekly,Yes
CUST-3260,Female,40,Clothing,Sweater,190.82,Houston,One Size,Blue,Winter,3.89,No,Express,Cash,No,No,13,Vivid,Quarterly,No
CUST-3261,Female,45,Electronics,Headphones,328.42,Chicago,S,Green,Fall,3.79,No,Pickup,Debit Card,No,No,21,Luma,Bi-Weekly,Yes
CUST-3262,Male,58,Sports,Cycling Bottle,216.78,Houston,L,Black,Summer,4.27,No,Standard,Bank Transfer,Yes,Yes,8,Aster,Weekly,No
CUST-3263,Female,50,Beauty,Brush Set,152.62,Los Angeles,One Size,Black,Fall,4.02,No,Standard,PayPal,Yes,Yes,9,Horizon,Monthly,No
CUST-3264,Female,39,Clothing,Jacket,178.25,Los Angeles,One Size,Purple,Spring,5.0,No,Pickup,Bank Transfer,No,No,5,Luma,Bi-Weekly,No
CUST-3265,Male,42,Clothing,Jacket,183.38,Austin,S,Green,Summer,3.94,No,Next Day,Bank Transfer,No,No,8,Aster,Weekly,No
CUST-3266,Female,36,Beauty,Serum,212.78,Boston,One Size,Green,Winter,3.78,Yes,Pickup,Cash,No,No,9,Northwind,Weekly,No
CUST-3267,Female,54,Home,Storage Bin,234.17,Austin,M,Blue,Fall,4.22,No,Express,PayPal,Yes,Yes,8,Luma,Weekly,No
CUST-3268,Female,70,Clothing,T-Shirt,263.73,Boston,S,Black,Summer,4.72,Yes,Next Day,Cash,No,No,20,Summit,Bi-Weekly,No
CUST-3269,Male,41,Books,Science Book,210.41,Austin,One Size,Black,Fall,3.8,Yes,Next Day,Cash,No,No,14,Summit,Quarterly,No
CUST-3270,Male,48,Home,Desk,329.36,Chicago,XL,White,Winter,4.81,Yes,Express,Credit Card,No,No,16,Luma,Bi-Weekly,Yes
CUST-3271,Non-binary,55,Beauty,Perfume,156.55,Miami,One Size,Purple,Fall,3.43,No,Next Day,Bank Transfer,Yes,Yes,4,Summit,Quarterly,No
CUST-3272,Female,48,Sports,Yoga Mat,148.2,Los Angeles,M,Gold,Summer,2.94,Yes,Next Day,Bank Transfer,Yes,Yes,4,Summit,Quarterly,No
CUST-3273,Male,23,Sports,Cycling Bottle,239.87,Miami,M,Purple,Fall,5.0,No,Express,Bank Transfer,Yes,No,19,Luma,Monthly,No
CUST-3274,Non-binary,31,Home,Chair,261.0,Houston,One Size,Blue,Winter,3.89,No,Next Day,Cash,Yes,No,24,Summit,Annually,No
CUST-3275,Female,44,Books,History Book,211.18,Chicago,M,Blue,Winter,4.76,No,Express,Credit Card,No,No,20,Northwind,Annually,No
CUST-3276,Male,31,Books,Cookbook,183.8,Miami,S,Green,Spring,3.94,No,Standard,Debit Card,No,No,15,Northwind,Monthly,No
CUST-3277,Female,19,Sports,Yoga Mat,260.66,Boston,S,Gold,Fall,5.0,No,Express,Cash,No,No,24,Vivid,Quarterly,No
CUST-3278,Male,59,Sports,Dumbbells,168.92,Austin,L,White,Spring,2.42,No,Next Day,PayPal,Yes,Yes,10,Aster,Annually,No
CUST-3279,Male,54,Clothing,Jeans,205.38,Seattle,XL,Red,Winter,4.07,No,Pickup,Bank Transfer,No,No,16,Aster,Monthly,No
CUST-3280,Non-binary,22,Clothing,Sweater,157.16,Seattle,XL,Red,Summer,4.76,No,Standard,Credit Card,Yes,Yes,10,Aster,Bi-Weekly,No
CUST-3281,Female,48,Home,Desk,247.16,Seattle,M,Blue,Spring,4.21,No,Express,Bank Transfer,No,No,13,Aster,Bi-Weekly,No
CUST-3282,Female,69,Sports,Fitness Tracker,248.48,Seattle,One Size,Gold,Summer,4.53,No,Express,Credit Card,Yes,No,14,Luma,Bi-Weekly,No
CUST-3283,Male,52,Home,Storage Bin,256.01,Seattle,One Size,Gold,Winter,5.0,No,Standard,Debit Card,No,No,5,Northwind,Quarterly,No
CUST-3284,Male,66,Home,Desk,321.36,Miami,One Size,Blue,Winter,3.61,No,Next Day,Bank Transfer,Yes,Yes,24,Vivid,Annually,Yes
CUST-3285,Male,69,Clothing,T-Shirt,123.73,Boston,XL,Gold,Fall,3.75,Yes,Next Day,Credit Card,Yes,No,1,Northwind,Annually,No
CUST-3286,Male,42,Sports,Dumbbells,295.02,Los Angeles,M,Blue,Spring,4.49,No,Pickup,Cash,No,No,23,Northwind,Bi-Weekly,Yes
CUST-3287,Female,60,Electronics,Phone,303.15,New York,One Size,Blue,Winter,4.57,Yes,Standard,PayPal,No,No,7,Aster,Bi-Weekly,Yes
CUST-3288,Male,31,Electronics,Tablet,265.73,New York,XL,Purple,Fall,2.69,No,Next Day,Debit Card,Yes,Yes,16,Northwind,Bi-Weekly,No
CUST-3289,Male,57,Books,Novel,262.79,Boston,One Size,White,Summer,5.0,No,Next Day,PayPal,Yes,Yes,24,Northwind,Weekly,No
CUST-3290,Female,35,Electronics,Tablet,337.87,Austin,One Size,Purple,Summer,3.97,Yes,Express,PayPal,No,No,16,Summit,Bi-Weekly,Yes
CUST-3291,Female,39,Books,Novel,153.62,Austin,S,Black,Winter,3.79,No,Next Day,Bank Transfer,No,No,16,Luma,Annually,No
CUST-3292,Female,55,Home,Storage Bin,198.4,Houston,S,White,Fall,3.29,No,Pickup,Debit Card,Yes,Yes,10,Luma,Weekly,No
CUST-3293,Male,57,Electronics,Smartwatch,343.21,Seattle,One Size,Gold,Winter,3.92,No,Next Day,Debit Card,No,No,19,Luma,Bi-Weekly,Yes
CUST-3294,Female,52,Sports,Yoga Mat,193.3,Boston,L,White,Winter,3.35,Yes,Next Day,Cash,Yes,Yes,5,Summit,Monthly,No
CUST-3295,Male,64,Clothing,Sweater,239.65,Boston,M,Purple,Winter,3.13,Yes,Standard,Cash,Yes,Yes,21,Aster,Annually,No
CUST-3296,Female,56,Books,Novel,108.15,Boston,XL,Purple,Fall,2.72,Yes,Pickup,Bank Transfer,No,No,2,Vivid,Monthly,No
CUST-3297,Male,61,Home,Desk,325.21,Seattle,M,Purple,Spring,4.35,Yes,Standard,Bank Transfer,No,No,24,Horizon,Quarterly,Yes
CUST-3298,Male,69,Books,History Book,228.35,New York,L,Red,Fall,4.1,No,Next Day,Debit Card,No,No,21,Horizon,Monthly,No
CUST-3299,Female,69,Electronics,Tablet,307.18,New York,M,Black,Spring,3.32,No,Pickup,Cash,Yes,No,5,Horizon,Bi-Weekly,Yes
CUST-3300,Female,25,Electronics,Phone,248.23,Boston,M,Blue,Spring,3.99,Yes,Pickup,Credit Card,No,No,1,Northwind,Bi-Weekly,No
CUST-3301,Male,59,Electronics,Tablet,321.66,New York,L,Blue,Winter,4.61,Yes,Pickup,Cash,No,No,12,Horizon,Quarterly,Yes
CUST-3302,Male,47,Sports,Running Shoes,289.52,Miami,S,Black,Fall,4.14,Yes,Pickup,Debit Card,Yes,Yes,23,Summit,Quarterly,Yes
CUST-3303,Female,64,Beauty,Skincare Set,284.39,Seattle,S,Purple,Summer,4.58,Yes,Express,Debit Card,No,No,22,Aster,Annually,Yes
CUST-3304,Female,44,Clothing,Jeans,171.11,Houston,M,White,Summer,4.1,No,Pickup,PayPal,Yes,No,8,Vivid,Annually,No
CUST-3305,Male,25,Beauty,Makeup Kit,95.68,Houston,S,Black,Summer,4.3,No,Next Day,Cash,Yes,Yes,2,Summit,Monthly,No
CUST-3306,Male,43,Beauty,Skincare Set,248.52,Miami,L,Gold,Winter,4.21,Yes,Express,Credit Card,Yes,Yes,16,Summit,Weekly,No
CUST-3307,Male,23,Electronics,Headphones,320.68,Miami,M,Red,Spring,4.7,No,Next Day,Debit Card,Yes,No,19,Horizon,Bi-Weekly,Yes
CUST-3308,Female,30,Sports,Yoga Mat,254.48,Boston,One Size,Red,Fall,3.62,No,Pickup,Debit Card,Yes,Yes,21,Summit,Weekly,No
CUST-3309,Female,45,Beauty,Makeup Kit,214.3,Los Angeles,XL,White,Fall,4.38,No,Express,Bank Transfer,No,No,8,Northwind,Weekly,No
CUST-3310,Female,24,Electronics,Tablet,293.82,Miami,M,Black,Summer,3.94,Yes,Express,Cash,No,No,12,Summit,Annually,Yes
CUST-3311,Male,38,Sports,Dumbbells,231.14,New York,XL,Gold,Winter,4.01,No,Standard,Cash,Yes,No,7,Vivid,Weekly,No
CUST-3312,Female,52,Home,Storage Bin,197.36,New York,One Size,White,Spring,3.29,No,Pickup,PayPal,Yes,Yes,10,Vivid,Quarterly,No
CUST-3313,Female,49,Electronics,Laptop,220.42,Seattle,S,Green,Fall,3.33,No,Pickup,Bank Transfer,No,No,1,Horizon,Annually,No
CUST-3314,Male,48,Beauty,Makeup Kit,209.14,Austin,L,Black,Fall,3.57,Yes,Pickup,Debit Card,Yes,No,10,Aster,Monthly,No
CUST-3315,Female,20,Home,Cookware,248.73,Chicago,M,Green,Winter,4.45,Yes,Standard,PayPal,Yes,No,17,Luma,Monthly,No
CUST-3316,Female,42,Electronics,Smartwatch,342.03,Boston,L,Black,Summer,3.7,Yes,Express,Debit Card,Yes,Yes,11,Summit,Weekly,Yes
CUST-3317,Female,38,Electronics,Headphones,276.09,New York,XL,Black,Summer,3.84,Yes,Express,Cash,Yes,No,4,Summit,Bi-Weekly,Yes
CUST-3318,Non-binary,70,Clothing,Sweater,297.68,Houston,L,White,Fall,5.0,Yes,Pickup,PayPal,Yes,Yes,21,Northwind,Annually,Yes
CUST-3319,Female,21,Home,Desk,229.22,Boston,One Size,Purple,Winter,4.75,Yes,Next Day,PayPal,No,No,11,Summit,Quarterly,No
CUST-3320,Female,57,Beauty,Makeup Kit,275.45,New York,L,White,Spring,3.78,No,Express,Debit Card,No,No,20,Aster,Weekly,Yes
CUST-3321,Female,20,Sports,Cycling Bottle,206.15,Miami,M,Black,Winter,4.65,No,Pickup,PayPal,No,No,12,Vivid,Quarterly,No
CUST-3322,Female,34,Sports,Dumbbells,223.22,Los Angeles,L,Purple,Winter,4.24,No,Pickup,Credit Card,Yes,No,23,Aster,Quarterly,No
CUST-3323,Non-binary,36,Beauty,Brush Set,184.14,Los Angeles,L,Blue,Fall,4.47,Yes,Pickup,Cash,Yes,No,11,Northwind,Bi-Weekly,No
CUST-3324,Male,57,Electronics,Phone,342.49,Miami,M,Green,Winter,3.8,No,Pickup,Credit Card,No,No,10,Vivid,Weekly,Yes
CUST-3325,Male,63,Sports,Dumbbells,241.2,New York,XL,Green,Spring,4.24,No,Standard,PayPal,No,No,11,Aster,Monthly,No
CUST-3326,Male,58,Sports,Fitness Tracker,327.46,Boston,L,Gold,Summer,5.0,Yes,Pickup,Cash,No,No,16,Summit,Weekly,Yes
CUST-3327,Male,26,Beauty,Skincare Set,171.32,Los Angeles,S,White,Summer,4.09,No,Standard,Cash,Yes,No,12,Vivid,Annually,No
CUST-3328,Female,69,Beauty,Skincare Set,244.33,Houston,One Size,Black,Winter,2.3,Yes,Next Day,Bank Transfer,No,No,2,Summit,Weekly,No
CUST-3329,Female,33,Books,Novel,245.76,New York,XL,Purple,Summer,3.9,No,Standard,Bank Transfer,No,No,24,Northwind,Quarterly,No
CUST-3330,Male,27,Electronics,Laptop,282.63,Chicago,S,Red,Spring,4.84,Yes,Next Day,Bank Transfer,Yes,No,4,Northwind,Quarterly,Yes
CUST-3331,Female,64,Sports,Yoga Mat,266.21,Seattle,XL,Green,Summer,3.48,No,Next Day,PayPal,Yes,Yes,22,Aster,Quarterly,No
CUST-3332,Male,49,Electronics,Tablet,290.34,Chicago,L,Green,Fall,4.93,No,Next Day,Credit Card,Yes,Yes,10,Luma,Monthly,Yes
CUST-3333,Female,66,Books,History Book,118.91,Los Angeles,XL,White,Spring,4.7,No,Standard,PayPal,Yes,No,2,Horizon,Quarterly,No
CUST-3334,Male,44,Clothing,Jeans,213.92,Los Angeles,M,Purple,Summer,5.0,Yes,Pickup,Bank Transfer,Yes,Yes,12,Summit,Annually,No
CUST-3335,Male,67,Clothing,Dress,199.32,Los Angeles,M,Blue,Fall,4.57,No,Pickup,Cash,Yes,Yes,13,Summit,Annually,No
CUST-3336,Male,44,Books,Cookbook,258.45,Seattle,XL,Gold,Fall,4.59,Yes,Express,Debit Card,Yes,No,24,Summit,Weekly,No
CUST-3337,Male,23,Clothing,Sweater,212.87,Miami,One Size,Purple,Summer,4.0,Yes,Next Day,Bank Transfer,Yes,Yes,23,Northwind,Bi-Weekly,No
CUST-3338,Female,47,Electronics,Phone,331.97,Seattle,L,Green,Fall,3.51,Yes,Standard,Cash,Yes,No,16,Aster,Weekly,Yes
CUST-3339,Female,39,Clothing,Dress,146.68,Miami,S,Blue,Summer,3.3,No,Next Day,Debit Card,Yes,Yes,14,Horizon,Quarterly,No
CUST-3340,Male,48,Electronics,Smartwatch,252.32,Boston,L,Purple,Fall,3.32,Yes,Next Day,PayPal,Yes,Yes,3,Luma,Quarterly,No
CUST-3341,Female,25,Sports,Cycling Bottle,180.79,Chicago,XL,Gold,Spring,4.75,No,Express,Cash,Yes,Yes,12,Horizon,Quarterly,No
CUST-3342,Female,28,Beauty,Brush Set,187.54,Chicago,S,White,Spring,3.63,No,Express,Credit Card,No,No,13,Vivid,Annually,No
CUST-3343,Male,21,Beauty,Brush Set,255.4,Miami,L,Gold,Winter,3.81,Yes,Next Day,Debit Card,No,No,14,Luma,Weekly,No
CUST-3344,Female,50,Sports,Dumbbells,227.0,Boston,L,Red,Fall,4.14,No,Next Day,Cash,No,No,7,Vivid,Bi-Weekly,No
CUST-3345,Female,24,Home,Lamp,299.49,New York,XL,Blue,Spring,4.34,No,Next Day,Credit Card,No,No,16,Horizon,Weekly,Yes
CUST-3346,Male,47,Electronics,Tablet,268.53,Houston,One Size,Blue,Spring,3.86,No,Express,Cash,Yes,Yes,9,Northwind,Bi-Weekly,No
CUST-3347,Male,57,Clothing,Sweater,212.35,Houston,XL,Purple,Winter,4.11,No,Pickup,PayPal,Yes,No,19,Luma,Weekly,No
CUST-3348,Female,56,Sports,Dumbbells,122.68,Chicago,L,Blue,Fall,3.58,No,Next Day,Cash,Yes,No,5,Northwind,Annually,No
CUST-3349,Male,42,Home,Storage Bin,255.83,Seattle,L,Blue,Winter,4.15,Yes,Pickup,Debit Card,No,No,1,Aster,Quarterly,No
CUST-3350,Male,21,Sports,Yoga Mat,216.51,Seattle,L,Purple,Summer,4.12,No,Pickup,Debit Card,No,No,21,Horizon,Annually,No
CUST-3351,Male,35,Sports,Fitness Tracker,249.6,Houston,M,Green,Fall,3.87,No,Express,Credit Card,Yes,Yes,23,Vivid,Weekly,No
CUST-3352,Female,51,Books,Novel,164.23,Miami,XL,Blue,Spring,4.55,No,Pickup,Bank Transfer,Yes,No,17,Aster,Quarterly,No
CUST-3353,Male,50,Sports,Yoga Mat,272.14,Boston,One Size,Blue,Fall,4.25,Yes,Next Day,Cash,Yes,No,15,Horizon,Bi-Weekly,No
CUST-3354,Female,35,Clothing,T-Shirt,217.67,Miami,M,Gold,Summer,3.14,Yes,Express,Cash,Yes,No,17,Horizon,Bi-Weekly,No
CUST-3355,Female,37,Electronics,Smartwatch,322.75,Miami,One Size,White,Summer,5.0,No,Pickup,Credit Card,Yes,No,23,Aster,Quarterly,Yes
CUST-3356,Male,30,Home,Lamp,184.89,Miami,M,Gold,Summer,3.9,No,Next Day,Debit Card,Yes,No,8,Summit,Monthly,No
CUST-3357,Male,56,Sports,Fitness Tracker,293.18,Chicago,S,Red,Fall,2.79,Yes,Next Day,Cash,No,No,22,Summit,Weekly,Yes
CUST-3358,Male,57,Beauty,Serum,240.99,Austin,L,Black,Fall,5.0,No,Next Day,Cash,Yes,Yes,15,Luma,Weekly,No
CUST-3359,Female,43,Home,Chair,203.74,New York,M,Red,Fall,4.01,No,Next Day,Bank Transfer,Yes,No,7,Horizon,Weekly,No
CUST-3360,Male,59,Sports,Dumbbells,245.85,Chicago,S,White,Winter,3.35,No,Pickup,Credit Card,No,No,15,Horizon,Annually,No
CUST-3361,Male,21,Beauty,Skincare Set,211.82,Houston,L,Green,Spring,3.83,Yes,Express,Credit Card,Yes,No,9,Vivid,Bi-Weekly,No
CUST-3362,Female,67,Beauty,Serum,173.34,Chicago,One Size,Blue,Fall,3.52,No,Next Day,Credit Card,Yes,Yes,8,Aster,Quarterly,No
CUST-3363,Female,22,Sports,Cycling Bottle,216.79,Chicago,M,Black,Winter,3.66,Yes,Express,Credit Card,Yes,Yes,9,Northwind,Weekly,No
CUST-3364,Female,31,Beauty,Perfume,246.23,Boston,XL,Purple,Fall,4.04,Yes,Pickup,Cash,Yes,Yes,23,Horizon,Annually,No
CUST-3365,Female,26,Electronics,Smartwatch,243.42,Austin,One Size,Purple,Winter,3.66,No,Standard,PayPal,No,No,4,Vivid,Monthly,No
CUST-3366,Male,20,Books,Science Book,182.3,Seattle,L,Green,Spring,3.15,No,Standard,Debit Card,No,No,13,Vivid,Weekly,No
CUST-3367,Female,46,Home,Chair,271.44,Boston,S,Blue,Spring,4.19,No,Next Day,Debit Card,Yes,Yes,22,Vivid,Annually,No
CUST-3368,Female,26,Clothing,Jacket,138.88,Austin,M,Red,Summer,3.29,No,Express,Cash,No,No,7,Northwind,Weekly,No
CUST-3369,Female,53,Sports,Yoga Mat,258.54,Houston,XL,Blue,Fall,4.38,No,Standard,PayPal,No,No,23,Northwind,Quarterly,No
CUST-3370,Male,34,Beauty,Brush Set,278.78,Seattle,XL,Gold,Spring,4.86,No,Pickup,Cash,No,No,22,Aster,Weekly,Yes
CUST-3371,Female,61,Home,Chair,278.88,Seattle,One Size,Blue,Summer,5.0,No,Standard,Credit Card,Yes,Yes,14,Luma,Annually,Yes
CUST-3372,Female,57,Sports,Cycling Bottle,254.36,Seattle,L,Green,Winter,4.15,No,Next Day,PayPal,Yes,Yes,17,Luma,Bi-Weekly,No
CUST-3373,Female,35,Books,Self-help,188.49,Houston,L,Gold,Winter,3.6,No,Express,Cash,No,No,19,Northwind,Annually,No
CUST-3374,Female,41,Clothing,Jeans,190.44,New York,S,Black,Winter,3.82,Yes,Next Day,Bank Transfer,Yes,No,13,Luma,Annually,No
CUST-3375,Female,35,Clothing,Jacket,189.54,Los Angeles,S,Green,Winter,2.72,Yes,Express,Bank Transfer,Yes,Yes,17,Aster,Monthly,No
CUST-3376,Female,26,Sports,Dumbbells,239.99,Boston,S,Green,Summer,4.7,Yes,Pickup,PayPal,No,No,10,Horizon,Weekly,No
CUST-3377,Female,48,Sports,Fitness Tracker,254.97,Los Angeles,One Size,Gold,Spring,3.08,Yes,Pickup,Debit Card,Yes,No,8,Summit,Quarterly,No
CUST-3378,Female,29,Electronics,Laptop,371.04,Austin,S,White,Summer,5.0,Yes,Express,Bank Transfer,Yes,Yes,23,Summit,Monthly,Yes
CUST-3379,Female,60,Electronics,Tablet,319.67,Boston,S,Black,Winter,4.17,No,Next Day,Bank Transfer,Yes,No,8,Horizon,Annually,Yes
CUST-3380,Female,19,Electronics,Headphones,239.64,Chicago,One Size,Green,Fall,5.0,No,Next Day,Cash,No,No,2,Summit,Annually,No
CUST-3381,Female,28,Sports,Running Shoes,282.36,Austin,S,Green,Winter,4.67,No,Pickup,Bank Transfer,Yes,No,22,Vivid,Weekly,Yes
CUST-3382,Male,39,Sports,Cycling Bottle,271.13,Chicago,S,Black,Summer,5.0,No,Standard,Bank Transfer,Yes,Yes,20,Northwind,Weekly,No
CUST-3383,Female,68,Clothing,Jacket,209.34,Los Angeles,One Size,Purple,Winter,3.68,Yes,Pickup,Credit Card,No,No,6,Vivid,Quarterly,No
CUST-3384,Female,58,Electronics,Phone,312.67,New York,M,Red,Summer,3.03,No,Next Day,Debit Card,Yes,No,16,Horizon,Bi-Weekly,Yes
CUST-3385,Female,54,Books,Novel,137.44,Boston,M,Red,Summer,4.33,No,Standard,Bank Transfer,No,No,1,Aster,Annually,No
CUST-3386,Female,24,Beauty,Serum,172.92,New York,M,Black,Winter,4.31,No,Next Day,Debit Card,Yes,No,15,Summit,Quarterly,No
CUST-3387,Male,66,Books,Cookbook,183.19,Boston,S,Blue,Summer,4.23,No,Next Day,Debit Card,No,No,11,Summit,Annually,No
CUST-3388,Male,56,Clothing,Dress,246.22,Austin,L,Blue,Winter,4.13,Yes,Standard,PayPal,No,No,14,Horizon,Bi-Weekly,No
CUST-3389,Male,33,Beauty,Makeup Kit,238.25,Chicago,XL,White,Winter,4.71,Yes,Standard,Credit Card,No,No,6,Vivid,Weekly,No
CUST-3390,Female,68,Sports,Cycling Bottle,287.97,Seattle,XL,Blue,Fall,5.0,No,Next Day,Debit Card,No,No,12,Horizon,Weekly,Yes
CUST-3391,Female,20,Beauty,Perfume,265.72,Houston,L,Black,Summer,4.99,Yes,Next Day,Bank Transfer,Yes,Yes,24,Vivid,Quarterly,No
CUST-3392,Male,50,Beauty,Makeup Kit,179.74,Los Angeles,M,Red,Fall,3.61,No,Next Day,Cash,Yes,Yes,15,Horizon,Annually,No
CUST-3393,Female,67,Electronics,Laptop,275.79,Seattle,XL,Purple,Summer,3.66,No,Pickup,Cash,Yes,No,8,Luma,Annually,Yes
CUST-3394,Female,18,Beauty,Makeup Kit,185.23,Boston,XL,Blue,Winter,4.1,Yes,Express,Bank Transfer,Yes,Yes,16,Vivid,Quarterly,No
CUST-3395,Male,55,Home,Storage Bin,309.8,New York,S,White,Spring,5.0,No,Express,Debit Card,No,No,9,Aster,Weekly,Yes
CUST-3396,Female,50,Clothing,Jacket,147.33,Seattle,L,Green,Winter,4.65,No,Standard,Cash,No,No,6,Vivid,Quarterly,No
CUST-3397,Male,58,Electronics,Phone,317.23,New York,S,White,Spring,4.86,Yes,Standard,Bank Transfer,Yes,Yes,7,Summit,Quarterly,Yes
CUST-3398,Female,40,Books,Self-help,161.91,Los Angeles,S,Black,Winter,5.0,Yes,Standard,Debit Card,No,No,1,Northwind,Quarterly,No
CUST-3399,Female,65,Electronics,Phone,388.43,Austin,M,White,Spring,3.42,Yes,Standard,Credit Card,No,No,17,Luma,Annually,Yes
CUST-3400,Male,31,Sports,Running Shoes,129.89,New York,S,Green,Spring,4.19,No,Next Day,PayPal,Yes,No,8,Aster,Quarterly,No
CUST-3401,Male,41,Home,Lamp,264.18,Boston,S,Blue,Winter,3.68,No,Standard,Cash,No,No,16,Aster,Weekly,No
CUST-3402,Female,49,Clothing,Sweater,300.24,Chicago,XL,White,Winter,5.0,Yes,Next Day,Debit Card,Yes,No,24,Summit,Weekly,Yes
CUST-3403,Female,18,Home,Cookware,215.52,Austin,XL,Red,Winter,4.13,Yes,Standard,Bank Transfer,No,No,7,Luma,Annually,No
CUST-3404,Male,60,Clothing,Jeans,285.96,Miami,S,Blue,Winter,5.0,No,Express,Credit Card,No,No,18,Luma,Bi-Weekly,Yes
CUST-3405,Female,56,Clothing,Dress,191.71,New York,One Size,Red,Summer,4.89,Yes,Next Day,Credit Card,No,No,8,Northwind,Quarterly,No
CUST-3406,Male,70,Sports,Fitness Tracker,295.66,Austin,XL,Black,Fall,5.0,Yes,Next Day,Cash,Yes,Yes,20,Northwind,Annually,Yes
CUST-3407,Male,22,Books,Novel,123.93,Boston,One Size,White,Fall,4.32,No,Standard,Debit Card,Yes,Yes,14,Luma,Quarterly,No
CUST-3408,Male,37,Sports,Yoga Mat,230.15,Los Angeles,L,Red,Summer,4.82,No,Next Day,Credit Card,Yes,Yes,23,Horizon,Monthly,No
CUST-3409,Male,19,Beauty,Perfume,227.38,Los Angeles,S,Gold,Winter,4.82,No,Standard,Bank Transfer,Yes,No,22,Northwind,Quarterly,No
CUST-3410,Male,23,Beauty,Skincare Set,203.12,Chicago,One Size,Red,Winter,4.23,Yes,Standard,PayPal,No,No,13,Luma,Monthly,No
CUST-3411,Male,70,Clothing,Sweater,221.4,Miami,L,Purple,Fall,3.83,Yes,Pickup,Credit Card,Yes,No,19,Luma,Bi-Weekly,No
CUST-3412,Female,59,Clothing,Jeans,219.51,Houston,L,Red,Spring,3.99,No,Pickup,Cash,Yes,No,16,Northwind,Bi-Weekly,No
CUST-3413,Female,26,Sports,Fitness Tracker,288.38,Boston,One Size,Gold,Summer,5.0,No,Express,Bank Transfer,Yes,Yes,20,Aster,Weekly,Yes
CUST-3414,Male,28,Books,Cookbook,55.61,Houston,XL,Gold,Spring,3.21,No,Next Day,Cash,Yes,Yes,3,Summit,Bi-Weekly,No
CUST-3415,Male,70,Books,Science Book,251.72,Austin,S,Black,Fall,4.64,Yes,Pickup,Credit Card,No,No,23,Aster,Monthly,No
CUST-3416,Male,33,Clothing,Sweater,70.54,Chicago,XL,Green,Summer,3.11,No,Pickup,Cash,Yes,Yes,2,Aster,Bi-Weekly,No
CUST-3417,Female,71,Clothing,Jacket,170.64,New York,One Size,White,Winter,4.93,No,Pickup,Cash,Yes,No,6,Luma,Bi-Weekly,No
CUST-3418,Male,40,Sports,Cycling Bottle,266.82,Boston,One Size,Blue,Winter,4.88,No,Standard,Bank Transfer,No,No,21,Horizon,Annually,No
CUST-3419,Female,44,Beauty,Brush Set,241.16,Boston,One Size,Black,Fall,4.29,Yes,Next Day,Cash,No,No,14,Horizon,Bi-Weekly,No
CUST-3420,Female,44,Books,Science Book,213.35,Miami,M,Gold,Fall,5.0,Yes,Express,Cash,No,No,11,Summit,Monthly,No
CUST-3421,Male,25,Home,Storage Bin,171.29,Houston,XL,Gold,Spring,2.81,No,Standard,Cash,Yes,No,7,Horizon,Bi-Weekly,No
CUST-3422,Male,30,Sports,Dumbbells,205.64,Los Angeles,XL,White,Spring,5.0,No,Standard,Credit Card,Yes,Yes,7,Luma,Weekly,No
CUST-3423,Male,26,Sports,Fitness Tracker,318.36,Miami,One Size,Black,Spring,4.38,Yes,Pickup,Bank Transfer,No,No,23,Northwind,Weekly,Yes
CUST-3424,Female,57,Home,Cookware,190.15,Austin,L,Red,Spring,5.0,No,Next Day,PayPal,Yes,No,4,Luma,Quarterly,No
CUST-3425,Male,34,Beauty,Skincare Set,220.85,New York,M,White,Summer,5.0,Yes,Standard,Cash,No,No,22,Luma,Annually,No
CUST-3426,Male,24,Sports,Dumbbells,206.34,Miami,One Size,Gold,Summer,4.77,No,Express,Debit Card,Yes,Yes,17,Aster,Quarterly,No
CUST-3427,Non-binary,39,Books,History Book,113.23,Los Angeles,S,Red,Winter,3.62,No,Pickup,PayPal,Yes,Yes,13,Luma,Quarterly,No
CUST-3428,Male,50,Sports,Yoga Mat,318.33,Houston,M,Gold,Winter,5.0,No,Next Day,PayPal,Yes,No,22,Vivid,Quarterly,Yes
CUST-3429,Male,59,Beauty,Skincare Set,302.35,Austin,One Size,Blue,Spring,5.0,Yes,Next Day,Debit Card,No,No,21,Northwind,Annually,Yes
CUST-3430,Female,45,Electronics,Smartwatch,360.69,Chicago,XL,Blue,Fall,4.35,Yes,Express,Credit Card,No,No,20,Summit,Annually,Yes
CUST-3431,Female,28,Electronics,Tablet,275.82,Miami,XL,Purple,Summer,5.0,No,Express,Bank Transfer,No,No,1,Northwind,Weekly,Yes
CUST-3432,Male,36,Electronics,Tablet,319.89,New York,L,Blue,Fall,3.94,No,Next Day,Debit Card,No,No,10,Vivid,Weekly,Yes
CUST-3433,Female,55,Electronics,Phone,273.1,Austin,S,Purple,Winter,5.0,No,Pickup,Debit Card,Yes,No,6,Horizon,Annually,No
CUST-3434,Female,37,Electronics,Phone,315.27,Seattle,S,White,Spring,1.76,No,Next Day,Debit Card,No,No,18,Northwind,Bi-Weekly,Yes
CUST-3435,Male,60,Beauty,Serum,249.88,Chicago,S,Gold,Spring,4.9,No,Pickup,Debit Card,Yes,No,23,Aster,Quarterly,No
CUST-3436,Male,36,Electronics,Laptop,277.2,Los Angeles,One Size,Purple,Spring,4.12,No,Express,Debit Card,Yes,No,17,Vivid,Annually,Yes
CUST-3437,Male,56,Home,Lamp,246.5,Chicago,M,Green,Winter,4.23,No,Express,Bank Transfer,No,No,20,Vivid,Annually,No
CUST-3438,Female,71,Electronics,Laptop,443.41,Boston,M,Purple,Spring,4.75,Yes,Next Day,Cash,Yes,No,23,Luma,Weekly,Yes
CUST-3439,Male,46,Beauty,Skincare Set,176.47,Los Angeles,S,Green,Summer,4.89,Yes,Express,PayPal,Yes,No,7,Vivid,Monthly,No
CUST-3440,Non-binary,33,Sports,Yoga Mat,283.18,Austin,XL,Purple,Summer,3.95,Yes,Next Day,Cash,No,No,21,Summit,Bi-Weekly,Yes
CUST-3441,Non-binary,62,Clothing,Jeans,212.29,Miami,S,Green,Spring,4.89,No,Next Day,Bank Transfer,No,No,5,Northwind,Weekly,No
CUST-3442,Male,38,Home,Cookware,197.99,Seattle,L,Green,Spring,3.97,No,Pickup,Credit Card,Yes,No,9,Luma,Quarterly,No
CUST-3443,Non-binary,43,Home,Lamp,316.49,Miami,XL,Red,Spring,3.66,Yes,Pickup,Credit Card,No,No,22,Luma,Weekly,Yes
CUST-3444,Male,45,Sports,Fitness Tracker,326.46,Boston,L,Green,Winter,4.71,Yes,Next Day,Debit Card,No,No,20,Horizon,Weekly,Yes
CUST-3445,Female,30,Books,Self-help,150.33,Miami,XL,Purple,Fall,2.95,No,Express,Debit Card,Yes,No,19,Northwind,Annually,No
CUST-3446,Female,31,Clothing,Jeans,196.12,Miami,XL,Blue,Spring,4.66,Yes,Next Day,Cash,No,No,10,Aster,Quarterly,No
CUST-3447,Male,20,Electronics,Tablet,343.82,Houston,S,Green,Spring,5.0,No,Pickup,Credit Card,No,No,23,Horizon,Quarterly,Yes
CUST-3448,Male,42,Sports,Running Shoes,230.59,Seattle,M,Green,Spring,4.07,No,Express,Cash,No,No,9,Northwind,Bi-Weekly,No
CUST-3449,Female,46,Clothing,T-Shirt,206.08,Houston,M,Green,Summer,4.26,No,Standard,Debit Card,No,No,13,Horizon,Weekly,No
CUST-3450,Male,23,Electronics,Headphones,320.67,Los Angeles,XL,Red,Winter,3.93,Yes,Standard,Debit Card,No,No,19,Horizon,Bi-Weekly,Yes
CUST-3451,Female,19,Clothing,Sweater,60.95,Los Angeles,XL,Gold,Summer,3.77,Yes,Pickup,Cash,Yes,Yes,1,Horizon,Annually,No
CUST-3452,Female,49,Sports,Fitness Tracker,222.88,Los Angeles,M,Black,Spring,4.01,No,Next Day,Bank Transfer,No,No,11,Northwind,Annually,No
CUST-3453,Female,69,Sports,Fitness Tracker,310.09,Austin,M,Blue,Spring,5.0,Yes,Pickup,Debit Card,No,No,5,Horizon,Bi-Weekly,Yes
CUST-3454,Female,50,Beauty,Brush Set,257.99,Los Angeles,S,Red,Spring,5.0,Yes,Express,Debit Card,No,No,8,Summit,Bi-Weekly,No
CUST-3455,Female,67,Sports,Running Shoes,279.08,New York,XL,Gold,Summer,3.8,Yes,Express,Credit Card,No,No,21,Aster,Monthly,Yes
CUST-3456,Male,71,Sports,Running Shoes,218.17,Chicago,M,Gold,Summer,4.69,No,Standard,Debit Card,No,No,1,Summit,Weekly,No
CUST-3457,Male,37,Books,Novel,214.08,Boston,S,Gold,Fall,3.49,Yes,Next Day,Bank Transfer,No,No,21,Horizon,Annually,No
CUST-3458,Male,52,Books,Novel,132.86,Houston,XL,Black,Spring,3.92,Yes,Standard,Credit Card,Yes,Yes,4,Northwind,Annually,No
CUST-3459,Female,53,Sports,Running Shoes,247.45,Chicago,One Size,Blue,Winter,4.22,No,Standard,Bank Transfer,No,No,12,Vivid,Quarterly,No
CUST-3460,Female,31,Electronics,Tablet,293.83,Los Angeles,L,Green,Winter,5.0,No,Next Day,Debit Card,No,No,15,Summit,Bi-Weekly,Yes
CUST-3461,Female,55,Sports,Cycling Bottle,231.67,Austin,S,Purple,Fall,4.55,Yes,Next Day,Debit Card,Yes,No,8,Aster,Quarterly,No
CUST-3462,Female,67,Books,History Book,232.76,New York,One Size,Black,Summer,4.11,Yes,Pickup,Bank Transfer,Yes,No,18,Northwind,Weekly,No
CUST-3463,Female,44,Books,Science Book,83.04,Boston,S,Black,Spring,3.37,No,Standard,Cash,Yes,No,2,Aster,Quarterly,No
CUST-3464,Male,60,Electronics,Tablet,303.91,Austin,S,Green,Spring,4.49,Yes,Express,Debit Card,No,No,8,Summit,Quarterly,Yes
CUST-3465,Female,43,Beauty,Perfume,202.23,Boston,S,White,Fall,4.82,No,Next Day,Debit Card,No,No,9,Summit,Weekly,No
CUST-3466,Male,26,Beauty,Perfume,115.88,Boston,L,Black,Spring,4.62,No,Next Day,Bank Transfer,Yes,No,4,Horizon,Annually,No
CUST-3467,Female,66,Sports,Fitness Tracker,226.97,New York,M,Black,Spring,4.86,No,Pickup,Cash,Yes,No,3,Horizon,Bi-Weekly,No
CUST-3468,Male,27,Electronics,Smartwatch,272.24,Houston,L,Black,Fall,4.24,No,Pickup,Debit Card,Yes,No,9,Horizon,Annually,No
CUST-3469,Female,44,Electronics,Tablet,299.03,Austin,L,Blue,Winter,2.33,No,Next Day,Credit Card,Yes,No,14,Vivid,Monthly,Yes
CUST-3470,Female,42,Beauty,Serum,167.65,Seattle,L,Blue,Fall,4.57,No,Express,Bank Transfer,Yes,No,5,Northwind,Bi-Weekly,No
CUST-3471,Female,32,Sports,Dumbbells,243.48,Boston,S,Blue,Spring,4.02,No,Standard,Cash,Yes,Yes,17,Luma,Annually,No
CUST-3472,Male,43,Electronics,Tablet,263.14,Houston,L,Purple,Summer,3.57,No,Express,PayPal,Yes,No,4,Horizon,Quarterly,No
CUST-3473,Male,46,Clothing,Sweater,244.54,Seattle,M,Red,Winter,4.04,Yes,Express,Bank Transfer,No,No,18,Vivid,Monthly,No
CUST-3474,Female,22,Sports,Dumbbells,262.83,New York,XL,Red,Fall,4.41,No,Pickup,PayPal,No,No,19,Vivid,Weekly,No
CUST-3475,Male,28,Sports,Cycling Bottle,273.11,Los Angeles,S,Gold,Fall,4.17,No,Standard,PayPal,No,No,18,Horizon,Weekly,No
CUST-3476,Male,70,Beauty,Serum,232.54,Seattle,S,Purple,Summer,4.57,No,Next Day,Debit Card,No,No,3,Luma,Bi-Weekly,No
CUST-3477,Male,56,Clothing,Jeans,135.07,Boston,One Size,Purple,Summer,3.44,No,Pickup,Cash,Yes,Yes,4,Vivid,Bi-Weekly,No
CUST-3478,Female,61,Clothing,Jeans,216.61,Seattle,One Size,White,Spring,3.16,Yes,Express,Bank Transfer,No,No,10,Aster,Quarterly,No
CUST-3479,Male,66,Books,Self-help,240.83,Miami,S,Purple,Summer,4.63,Yes,Next Day,Debit Card,Yes,No,20,Northwind,Quarterly,No
CUST-3480,Female,33,Clothing,Sweater,277.59,Austin,L,Blue,Fall,3.65,Yes,Next Day,Debit Card,No,No,24,Vivid,Weekly,Yes
CUST-3481,Female,57,Electronics,Phone,333.77,New York,M,Black,Winter,3.24,No,Standard,Bank Transfer,Yes,No,19,Luma,Annually,Yes
CUST-3482,Male,59,Clothing,Dress,178.05,Los Angeles,XL,Purple,Spring,4.55,No,Next Day,Credit Card,No,No,6,Northwind,Quarterly,No
CUST-3483,Female,35,Beauty,Brush Set,229.62,New York,XL,Black,Summer,4.33,No,Pickup,PayPal,Yes,No,19,Northwind,Quarterly,No
CUST-3484,Female,71,Electronics,Laptop,287.09,Seattle,L,White,Summer,3.43,No,Standard,PayPal,Yes,Yes,14,Northwind,Annually,Yes
CUST-3485,Female,47,Clothing,Jacket,193.41,Seattle,S,White,Fall,3.87,No,Next Day,Cash,Yes,Yes,19,Summit,Bi-Weekly,No
CUST-3486,Female,54,Clothing,Dress,266.63,Los Angeles,XL,Green,Fall,5.0,Yes,Pickup,PayPal,No,No,15,Summit,Weekly,No
CUST-3487,Male,71,Clothing,Dress,198.65,Los Angeles,One Size,White,Spring,3.99,Yes,Next Day,PayPal,No,No,1,Northwind,Monthly,No
CUST-3488,Female,59,Clothing,Jeans,266.41,Austin,S,Red,Winter,4.62,Yes,Next Day,PayPal,Yes,No,15,Luma,Weekly,No
CUST-3489,Female,24,Electronics,Tablet,320.08,Chicago,One Size,Green,Fall,4.08,No,Express,Debit Card,No,No,13,Luma,Weekly,Yes
CUST-3490,Female,70,Home,Desk,288.55,Los Angeles,M,Green,Winter,5.0,No,Pickup,Credit Card,No,No,20,Horizon,Annually,Yes
CUST-3491,Male,52,Home,Cookware,287.88,Austin,M,Gold,Winter,2.35,Yes,Standard,Credit Card,Yes,No,22,Horizon,Weekly,Yes
CUST-3492,Male,62,Electronics,Laptop,348.89,Houston,M,Gold,Spring,3.69,Yes,Pickup,Credit Card,Yes,Yes,22,Horizon,Bi-Weekly,Yes
CUST-3493,Female,42,Electronics,Tablet,225.76,Austin,XL,Black,Spring,3.29,Yes,Standard,Credit Card,Yes,No,5,Luma,Annually,No
CUST-3494,Male,25,Clothing,Dress,136.62,Los Angeles,M,Black,Spring,4.16,No,Express,Cash,No,No,4,Luma,Monthly,No
CUST-3495,Female,71,Clothing,T-Shirt,154.3,Boston,S,Gold,Summer,3.33,No,Express,Cash,Yes,Yes,9,Northwind,Annually,No
CUST-3496,Female,33,Sports,Fitness Tracker,218.88,Los Angeles,L,Purple,Winter,3.14,No,Express,Debit Card,No,No,15,Luma,Quarterly,No
CUST-3497,Female,64,Clothing,Dress,231.89,Los Angeles,L,Green,Spring,4.3,Yes,Express,Cash,Yes,No,23,Aster,Annually,No
CUST-3498,Female,43,Home,Chair,155.65,Los Angeles,One Size,Black,Spring,3.46,No,Express,Debit Card,Yes,No,8,Summit,Quarterly,No
CUST-3499,Male,71,Electronics,Smartwatch,300.35,Seattle,One Size,Gold,Winter,4.37,No,Next Day,Cash,No,No,7,Northwind,Annually,Yes
CUST-3500,Male,58,Sports,Running Shoes,207.81,Miami,One Size,Gold,Spring,4.28,No,Pickup,Bank Transfer,No,No,9,Summit,Monthly,No
CUST-3501,Male,28,Clothing,Dress,232.07,New York,S,Gold,Summer,5.0,No,Standard,Debit Card,Yes,Yes,15,Luma,Weekly,No
CUST-3502,Female,46,Sports,Cycling Bottle,242.65,Austin,S,Red,Winter,2.44,No,Standard,Credit Card,No,No,23,Luma,Bi-Weekly,No
CUST-3503,Male,42,Beauty,Perfume,237.35,New York,S,Gold,Summer,3.34,Yes,Standard,Debit Card,Yes,No,17,Vivid,Weekly,No
CUST-3504,Female,48,Clothing,Jeans,224.16,Houston,L,Gold,Fall,3.53,No,Express,Bank Transfer,Yes,No,19,Luma,Weekly,No
CUST-3505,Female,59,Electronics,Tablet,357.69,Houston,S,Red,Winter,5.0,No,Standard,Bank Transfer,No,No,18,Vivid,Bi-Weekly,Yes
CUST-3506,Male,18,Sports,Fitness Tracker,157.49,Chicago,L,Green,Fall,4.13,No,Pickup,Debit Card,Yes,No,3,Vivid,Monthly,No
CUST-3507,Male,27,Clothing,T-Shirt,190.54,New York,M,Green,Spring,4.59,No,Standard,Debit Card,Yes,Yes,15,Summit,Weekly,No
CUST-3508,Male,48,Home,Desk,244.61,Austin,L,Green,Winter,3.02,Yes,Express,Bank Transfer,Yes,No,7,Luma,Weekly,No
CUST-3509,Female,59,Sports,Fitness Tracker,225.26,Los Angeles,One Size,Red,Summer,4.45,No,Next Day,Credit Card,No,No,13,Vivid,Annually,No
CUST-3510,Male,68,Electronics,Phone,384.47,Houston,XL,Black,Winter,4.21,Yes,Express,Cash,No,No,22,Aster,Bi-Weekly,Yes
CUST-3511,Female,32,Books,Cookbook,127.45,New York,XL,Black,Winter,3.98,No,Next Day,Credit Card,No,No,1,Summit,Quarterly,No
CUST-3512,Male,62,Sports,Cycling Bottle,258.37,Austin,M,Purple,Winter,4.98,No,Pickup,Debit Card,Yes,No,16,Vivid,Annually,No
CUST-3513,Male,27,Beauty,Makeup Kit,176.33,Chicago,One Size,Red,Fall,4.15,No,Next Day,Credit Card,Yes,Yes,17,Vivid,Weekly,No
CUST-3514,Male,39,Clothing,Jeans,198.59,Miami,One Size,Gold,Summer,4.56,No,Standard,Debit Card,Yes,Yes,11,Luma,Weekly,No
CUST-3515,Male,37,Electronics,Tablet,356.37,Los Angeles,S,Black,Winter,4.2,Yes,Next Day,Bank Transfer,No,No,18,Northwind,Annually,Yes
CUST-3516,Female,49,Electronics,Headphones,250.82,Chicago,L,Blue,Winter,3.96,No,Next Day,Debit Card,Yes,No,1,Northwind,Annually,No
CUST-3517,Male,24,Clothing,Jeans,154.2,Miami,One Size,Blue,Fall,3.76,No,Express,Cash,Yes,No,8,Summit,Bi-Weekly,No
CUST-3518,Male,54,Sports,Yoga Mat,231.6,Austin,XL,Black,Summer,3.81,No,Standard,Credit Card,Yes,Yes,19,Northwind,Annually,No
CUST-3519,Female,63,Home,Lamp,301.42,New York,One Size,Green,Fall,5.0,No,Standard,Cash,Yes,Yes,17,Luma,Annually,Yes
CUST-3520,Female,71,Clothing,Jeans,239.0,Seattle,XL,Gold,Winter,5.0,No,Standard,PayPal,No,No,17,Northwind,Monthly,No
CUST-3521,Female,67,Books,History Book,150.22,New York,XL,Red,Summer,3.99,No,Standard,Credit Card,Yes,Yes,8,Horizon,Monthly,No
CUST-3522,Female,20,Clothing,Sweater,248.02,Los Angeles,XL,Purple,Spring,3.5,Yes,Standard,Credit Card,No,No,24,Aster,Monthly,No
CUST-3523,Female,60,Beauty,Makeup Kit,309.65,Houston,S,Black,Summer,3.98,Yes,Pickup,PayPal,No,No,23,Summit,Quarterly,Yes
CUST-3524,Male,49,Books,Novel,159.63,Miami,M,Red,Winter,4.13,No,Standard,Bank Transfer,Yes,No,13,Luma,Monthly,No
CUST-3525,Female,34,Clothing,T-Shirt,279.19,New York,XL,Gold,Spring,4.88,No,Express,Credit Card,Yes,No,21,Vivid,Weekly,Yes
CUST-3526,Male,44,Home,Desk,229.77,Houston,S,White,Fall,3.23,No,Next Day,Debit Card,No,No,13,Northwind,Bi-Weekly,No
CUST-3527,Female,67,Clothing,T-Shirt,224.52,Boston,L,Purple,Winter,5.0,No,Express,PayPal,Yes,No,17,Luma,Quarterly,No
CUST-3528,Male,49,Sports,Yoga Mat,331.9,Miami,M,Purple,Winter,3.98,Yes,Standard,Bank Transfer,Yes,Yes,22,Luma,Bi-Weekly,Yes
CUST-3529,Female,45,Sports,Fitness Tracker,155.72,Houston,One Size,Blue,Fall,3.71,No,Standard,Credit Card,Yes,Yes,7,Northwind,Annually,No
CUST-3530,Male,28,Home,Chair,210.57,New York,L,Gold,Fall,3.62,No,Pickup,Bank Transfer,No,No,10,Northwind,Weekly,No
CUST-3531,Female,67,Electronics,Laptop,312.28,Miami,One Size,Purple,Fall,3.52,Yes,Express,Cash,No,No,9,Northwind,Monthly,Yes
CUST-3532,Male,56,Home,Desk,208.99,Seattle,S,Black,Spring,5.0,No,Standard,Cash,No,No,1,Vivid,Annually,No
CUST-3533,Female,50,Books,History Book,146.82,New York,XL,Green,Fall,4.35,No,Standard,PayPal,No,No,10,Vivid,Annually,No
CUST-3534,Male,30,Electronics,Tablet,306.64,New York,XL,Green,Fall,5.0,Yes,Next Day,PayPal,Yes,No,17,Aster,Annually,Yes
CUST-3535,Male,59,Electronics,Headphones,338.82,Miami,M,Blue,Summer,3.26,No,Pickup,PayPal,No,No,9,Summit,Weekly,Yes
CUST-3536,Female,42,Beauty,Perfume,228.4,New York,One Size,Red,Fall,3.05,Yes,Express,Debit Card,No,No,16,Luma,Weekly,No
CUST-3537,Male,51,Clothing,Jeans,240.88,Boston,S,Green,Summer,3.72,Yes,Standard,Cash,No,No,22,Luma,Monthly,No
CUST-3538,Female,30,Sports,Running Shoes,195.5,Boston,S,Purple,Summer,3.01,No,Next Day,PayPal,Yes,Yes,19,Vivid,Monthly,No
CUST-3539,Female,56,Sports,Cycling Bottle,239.74,Chicago,M,Gold,Winter,4.67,Yes,Pickup,Cash,Yes,No,6,Vivid,Bi-Weekly,No
CUST-3540,Male,32,Beauty,Perfume,195.33,Los Angeles,M,Green,Winter,4.44,No,Next Day,Credit Card,Yes,Yes,15,Horizon,Quarterly,No
CUST-3541,Male,68,Home,Storage Bin,245.16,Boston,One Size,Purple,Winter,3.64,Yes,Pickup,PayPal,Yes,No,6,Summit,Weekly,No
CUST-3542,Male,30,Electronics,Tablet,350.12,Austin,L,Red,Summer,3.74,Yes,Next Day,Cash,Yes,Yes,24,Vivid,Quarterly,Yes
CUST-3543,Male,45,Electronics,Laptop,288.11,Seattle,XL,Green,Spring,4.53,Yes,Standard,Bank Transfer,Yes,No,5,Aster,Monthly,Yes
CUST-3544,Male,33,Home,Cookware,250.65,Miami,XL,Black,Summer,3.77,No,Standard,Bank Transfer,Yes,No,12,Summit,Weekly,No
CUST-3545,Male,68,Beauty,Makeup Kit,297.58,Chicago,One Size,Gold,Fall,4.3,Yes,Pickup,Credit Card,No,No,24,Aster,Weekly,Yes
CUST-3546,Male,46,Clothing,Dress,241.26,Seattle,M,Purple,Summer,4.71,No,Next Day,Debit Card,Yes,No,20,Luma,Bi-Weekly,No
CUST-3547,Female,22,Clothing,Sweater,149.43,Miami,L,Gold,Summer,4.34,No,Pickup,Cash,Yes,No,10,Vivid,Bi-Weekly,No
CUST-3548,Non-binary,49,Books,Self-help,186.05,Seattle,XL,Gold,Spring,5.0,No,Express,Cash,No,No,1,Aster,Monthly,No
CUST-3549,Male,63,Sports,Yoga Mat,233.1,Austin,L,White,Fall,5.0,Yes,Next Day,Credit Card,No,No,5,Luma,Monthly,No
CUST-3550,Female,34,Sports,Cycling Bottle,230.62,Chicago,One Size,White,Summer,5.0,No,Express,Cash,Yes,No,18,Luma,Monthly,No
CUST-3551,Male,35,Electronics,Phone,279.1,Austin,One Size,White,Fall,4.4,No,Next Day,Cash,Yes,No,7,Summit,Annually,Yes
CUST-3552,Female,65,Sports,Yoga Mat,236.23,Seattle,M,Black,Winter,4.21,No,Next Day,PayPal,No,No,8,Northwind,Bi-Weekly,No
CUST-3553,Male,28,Beauty,Perfume,181.7,Los Angeles,L,Purple,Summer,4.29,No,Next Day,Credit Card,Yes,Yes,4,Summit,Weekly,No
CUST-3554,Male,47,Sports,Yoga Mat,185.09,New York,M,Green,Spring,4.31,Yes,Express,Cash,Yes,Yes,7,Horizon,Annually,No
CUST-3555,Female,71,Electronics,Laptop,322.15,Houston,M,Red,Spring,4.48,No,Next Day,Debit Card,Yes,No,17,Summit,Bi-Weekly,Yes
CUST-3556,Female,42,Sports,Cycling Bottle,234.3,Seattle,L,Red,Spring,4.93,Yes,Express,Credit Card,No,No,11,Vivid,Monthly,No
CUST-3557,Male,21,Books,Cookbook,191.42,Boston,S,Green,Spring,2.81,Yes,Next Day,Debit Card,Yes,Yes,23,Northwind,Quarterly,No
CUST-3558,Female,35,Electronics,Headphones,307.31,Seattle,M,Blue,Summer,3.48,No,Next Day,Credit Card,Yes,Yes,18,Aster,Bi-Weekly,Yes
CUST-3559,Male,28,Beauty,Skincare Set,172.22,Los Angeles,One Size,Black,Spring,4.15,No,Express,PayPal,No,No,10,Luma,Annually,No
CUST-3560,Female,41,Sports,Yoga Mat,240.09,Austin,One Size,Green,Summer,4.16,Yes,Pickup,Credit Card,Yes,No,19,Summit,Quarterly,No
CUST-3561,Female,70,Sports,Yoga Mat,235.63,Austin,S,Blue,Summer,4.02,No,Express,Cash,Yes,Yes,12,Aster,Bi-Weekly,No
CUST-3562,Male,30,Home,Chair,216.32,Los Angeles,L,White,Spring,4.95,No,Express,Debit Card,Yes,Yes,11,Horizon,Weekly,No
CUST-3563,Female,44,Books,Novel,150.34,Boston,S,Green,Fall,4.14,Yes,Express,Cash,Yes,No,12,Aster,Quarterly,No
CUST-3564,Female,25,Clothing,Sweater,167.45,Chicago,M,Green,Summer,4.08,No,Standard,PayPal,No,No,10,Vivid,Bi-Weekly,No
CUST-3565,Male,56,Clothing,Dress,219.77,Miami,XL,Gold,Fall,4.47,No,Next Day,Credit Card,Yes,No,12,Aster,Bi-Weekly,No
CUST-3566,Female,44,Sports,Dumbbells,285.35,Boston,M,Red,Spring,4.58,No,Express,PayPal,Yes,Yes,21,Summit,Monthly,Yes
CUST-3567,Female,71,Clothing,Jeans,207.87,Chicago,S,Green,Summer,5.0,Yes,Pickup,Debit Card,No,No,9,Horizon,Quarterly,No
CUST-3568,Female,37,Beauty,Serum,156.36,Seattle,XL,Purple,Fall,4.15,Yes,Pickup,Debit Card,Yes,Yes,5,Aster,Annually,No
CUST-3569,Male,26,Sports,Dumbbells,188.16,New York,One Size,Red,Fall,3.58,No,Pickup,Debit Card,Yes,No,16,Horizon,Quarterly,No
CUST-3570,Male,30,Clothing,Jacket,188.9,Boston,One Size,Gold,Spring,4.69,No,Next Day,Bank Transfer,Yes,No,16,Vivid,Bi-Weekly,No
CUST-3571,Male,23,Electronics,Smartwatch,275.36,Los Angeles,M,Blue,Fall,3.85,No,Pickup,PayPal,No,No,10,Vivid,Weekly,Yes
CUST-3572,Male,69,Electronics,Smartwatch,256.06,New York,L,Black,Winter,3.45,No,Express,PayPal,Yes,Yes,5,Northwind,Annually,No
CUST-3573,Female,40,Clothing,Dress,177.11,Los Angeles,XL,Gold,Summer,5.0,No,Next Day,Debit Card,Yes,Yes,10,Northwind,Monthly,No
CUST-3574,Male,27,Sports,Yoga Mat,176.58,Seattle,L,Gold,Summer,3.99,No,Next Day,PayPal,Yes,No,8,Vivid,Weekly,No
CUST-3575,Female,21,Electronics,Phone,313.31,Boston,One Size,Green,Winter,3.78,Yes,Standard,Cash,No,No,8,Summit,Bi-Weekly,Yes
CUST-3576,Male,18,Electronics,Tablet,224.62,New York,One Size,Purple,Spring,2.84,No,Express,PayPal,No,No,3,Luma,Annually,No
CUST-3577,Female,45,Home,Lamp,206.33,Houston,S,Red,Spring,5.0,No,Pickup,Cash,Yes,No,2,Northwind,Monthly,No
CUST-3578,Male,29,Sports,Yoga Mat,218.06,Austin,L,White,Winter,4.68,No,Express,PayPal,Yes,No,6,Horizon,Weekly,No
CUST-3579,Male,55,Beauty,Skincare Set,286.17,Chicago,XL,Gold,Winter,4.98,Yes,Next Day,Debit Card,No,No,21,Northwind,Bi-Weekly,Yes
CUST-3580,Non-binary,26,Electronics,Tablet,241.75,Los Angeles,S,Red,Fall,5.0,No,Next Day,Credit Card,Yes,No,1,Aster,Monthly,No
CUST-3581,Female,60,Electronics,Smartwatch,267.93,Houston,L,Purple,Winter,5.0,No,Pickup,PayPal,Yes,No,6,Luma,Quarterly,No
CUST-3582,Female,52,Beauty,Perfume,176.32,Austin,L,Red,Summer,3.45,Yes,Standard,Cash,Yes,Yes,2,Summit,Monthly,No
CUST-3583,Female,59,Clothing,Jeans,167.59,Seattle,L,Gold,Winter,4.66,No,Next Day,Debit Card,Yes,Yes,2,Aster,Quarterly,No
CUST-3584,Male,59,Home,Chair,225.78,Chicago,XL,Blue,Fall,3.86,No,Standard,Credit Card,Yes,Yes,3,Luma,Monthly,No
CUST-3585,Male,63,Clothing,Jacket,199.86,Miami,One Size,Purple,Summer,4.84,No,Standard,Bank Transfer,No,No,5,Northwind,Weekly,No
CUST-3586,Female,21,Electronics,Phone,294.34,New York,One Size,Purple,Winter,4.08,Yes,Next Day,Bank Transfer,Yes,No,15,Summit,Quarterly,Yes
CUST-3587,Female,32,Beauty,Perfume,217.35,Seattle,L,Gold,Spring,5.0,Yes,Next Day,Credit Card,Yes,Yes,2,Luma,Weekly,No
CUST-3588,Female,60,Home,Storage Bin,255.06,New York,L,Gold,Spring,4.94,No,Express,Debit Card,No,No,4,Aster,Bi-Weekly,No
CUST-3589,Male,18,Home,Desk,254.26,Seattle,XL,Red,Spring,5.0,No,Next Day,Cash,Yes,No,12,Horizon,Weekly,No
CUST-3590,Male,43,Home,Storage Bin,204.87,Los Angeles,L,Blue,Spring,3.43,Yes,Standard,PayPal,Yes,Yes,4,Summit,Weekly,No
CUST-3591,Male,40,Books,Novel,115.15,Miami,XL,Blue,Summer,3.6,No,Pickup,PayPal,No,No,8,Vivid,Quarterly,No
CUST-3592,Female,70,Clothing,Jacket,305.31,Boston,M,Gold,Winter,5.0,Yes,Pickup,Credit Card,No,No,19,Summit,Annually,Yes
CUST-3593,Female,40,Clothing,Dress,182.68,Houston,M,Black,Fall,4.98,No,Next Day,PayPal,Yes,No,5,Summit,Monthly,No
CUST-3594,Female,30,Electronics,Headphones,350.11,Houston,S,Gold,Summer,4.65,No,Express,PayPal,Yes,Yes,22,Luma,Monthly,Yes
CUST-3595,Male,57,Clothing,T-Shirt,195.44,Boston,One Size,Red,Summer,3.41,No,Standard,Debit Card,Yes,Yes,18,Vivid,Weekly,No
CUST-3596,Male,38,Home,Chair,207.25,New York,XL,Blue,Fall,3.95,No,Standard,PayPal,No,No,15,Aster,Annually,No
CUST-3597,Male,33,Beauty,Makeup Kit,245.82,Chicago,One Size,Blue,Fall,4.79,Yes,Next Day,Cash,No,No,16,Aster,Quarterly,No
CUST-3598,Male,54,Sports,Dumbbells,253.97,Austin,S,Blue,Summer,4.07,No,Pickup,Bank Transfer,No,No,14,Horizon,Quarterly,No
CUST-3599,Male,37,Clothing,T-Shirt,302.77,Boston,S,Green,Summer,4.28,Yes,Standard,Credit Card,No,No,20,Aster,Bi-Weekly,Yes
CUST-3600,Male,48,Clothing,Sweater,247.11,Boston,One Size,Red,Winter,4.78,Yes,Pickup,Bank Transfer,Yes,Yes,8,Aster,Bi-Weekly,No
CUST-3601,Male,53,Clothing,Jeans,242.43,Seattle,One Size,White,Fall,4.44,No,Express,Debit Card,No,No,22,Aster,Annually,No
CUST-3602,Non-binary,64,Beauty,Makeup Kit,211.67,Boston,XL,Green,Spring,2.95,No,Pickup,Credit Card,Yes,Yes,13,Horizon,Bi-Weekly,No
CUST-3603,Female,29,Home,Chair,223.52,Seattle,M,White,Spring,4.43,No,Next Day,Cash,Yes,Yes,17,Luma,Monthly,No
CUST-3604,Female,32,Beauty,Makeup Kit,226.16,Miami,XL,Blue,Summer,3.95,Yes,Standard,Debit Card,No,No,21,Vivid,Annually,No
CUST-3605,Male,62,Books,Novel,254.77,Seattle,S,Red,Spring,4.9,Yes,Pickup,Bank Transfer,Yes,Yes,21,Summit,Bi-Weekly,No
CUST-3606,Male,54,Sports,Dumbbells,246.95,Houston,S,White,Winter,3.87,Yes,Pickup,Debit Card,Yes,Yes,12,Northwind,Bi-Weekly,No
CUST-3607,Male,56,Sports,Fitness Tracker,274.07,Miami,L,White,Fall,4.42,No,Pickup,Cash,Yes,Yes,23,Horizon,Quarterly,No
CUST-3608,Female,20,Sports,Dumbbells,201.97,Seattle,XL,Red,Winter,5.0,No,Express,Credit Card,Yes,Yes,8,Summit,Annually,No
CUST-3609,Male,21,Books,Self-help,159.72,Boston,M,White,Summer,3.81,Yes,Standard,Cash,Yes,Yes,2,Northwind,Weekly,No
CUST-3610,Male,45,Beauty,Perfume,278.43,Seattle,XL,Blue,Spring,3.48,Yes,Pickup,Cash,No,No,20,Northwind,Weekly,Yes
CUST-3611,Female,56,Books,Science Book,151.12,Miami,XL,Purple,Winter,3.12,Yes,Next Day,Credit Card,Yes,No,6,Luma,Monthly,No
CUST-3612,Male,58,Home,Storage Bin,213.29,Boston,XL,Green,Winter,2.41,Yes,Next Day,PayPal,No,No,6,Summit,Quarterly,No
CUST-3613,Male,56,Clothing,T-Shirt,200.44,Miami,S,Red,Spring,4.32,Yes,Standard,PayPal,No,No,10,Vivid,Annually,No
CUST-3614,Female,71,Clothing,Dress,214.42,Chicago,One Size,Blue,Spring,5.0,No,Pickup,Bank Transfer,No,No,11,Vivid,Monthly,No
CUST-3615,Male,44,Home,Desk,275.25,Austin,L,White,Fall,4.25,Yes,Next Day,Cash,Yes,Yes,21,Aster,Bi-Weekly,Yes
CUST-3616,Female,25,Home,Chair,186.77,Los Angeles,XL,White,Fall,3.66,No,Standard,PayPal,Yes,Yes,2,Luma,Bi-Weekly,No
CUST-3617,Female,28,Clothing,Sweater,181.53,Austin,L,Red,Summer,4.43,Yes,Pickup,PayPal,Yes,Yes,10,Summit,Bi-Weekly,No
CUST-3618,Female,29,Electronics,Tablet,289.95,Miami,One Size,Black,Summer,3.72,Yes,Express,Credit Card,No,No,4,Aster,Annually,Yes
CUST-3619,Female,56,Clothing,Jeans,131.84,Boston,One Size,Green,Fall,4.12,Yes,Pickup,Debit Card,Yes,No,2,Summit,Annually,No
CUST-3620,Female,64,Clothing,Dress,185.52,Houston,M,Red,Winter,5.0,No,Pickup,Bank Transfer,Yes,Yes,7,Aster,Bi-Weekly,No
CUST-3621,Female,59,Electronics,Headphones,343.36,Chicago,S,Red,Spring,3.92,No,Express,Bank Transfer,Yes,No,18,Luma,Monthly,Yes
CUST-3622,Male,21,Books,Novel,107.73,Seattle,L,Blue,Winter,3.69,Yes,Standard,Bank Transfer,Yes,No,2,Luma,Quarterly,No
CUST-3623,Male,32,Clothing,Jacket,226.05,Houston,S,Blue,Fall,3.98,No,Express,Cash,Yes,No,21,Vivid,Weekly,No
CUST-3624,Male,48,Books,Science Book,209.68,Los Angeles,One Size,Black,Summer,4.65,No,Next Day,Debit Card,Yes,Yes,19,Northwind,Monthly,No
CUST-3625,Female,53,Beauty,Serum,213.67,Boston,One Size,Green,Fall,3.29,No,Pickup,PayPal,Yes,No,23,Horizon,Quarterly,No
CUST-3626,Female,48,Clothing,Dress,203.23,Houston,One Size,White,Spring,4.09,Yes,Pickup,Credit Card,Yes,No,14,Horizon,Quarterly,No
CUST-3627,Female,24,Beauty,Makeup Kit,137.96,Miami,L,Gold,Winter,4.34,No,Express,Debit Card,Yes,Yes,10,Aster,Monthly,No
CUST-3628,Male,68,Home,Desk,301.45,Houston,M,Purple,Fall,3.94,No,Standard,Bank Transfer,No,No,16,Luma,Annually,Yes
CUST-3629,Male,60,Sports,Yoga Mat,231.94,Los Angeles,S,Purple,Winter,3.91,No,Next Day,Cash,No,No,5,Horizon,Monthly,No
CUST-3630,Male,51,Clothing,Jacket,197.67,Houston,XL,Black,Summer,3.63,No,Express,Credit Card,Yes,Yes,19,Vivid,Quarterly,No
CUST-3631,Female,34,Home,Storage Bin,182.5,Los Angeles,L,Red,Spring,2.64,No,Standard,Bank Transfer,No,No,4,Northwind,Monthly,No
CUST-3632,Male,21,Electronics,Tablet,262.76,Seattle,XL,Green,Winter,3.87,Yes,Standard,Bank Transfer,No,No,5,Aster,Monthly,No
CUST-3633,Female,68,Home,Storage Bin,275.89,Miami,S,Gold,Spring,4.17,Yes,Express,PayPal,Yes,No,17,Vivid,Quarterly,Yes
CUST-3634,Female,29,Home,Cookware,218.58,New York,S,Green,Summer,4.11,No,Next Day,Bank Transfer,Yes,Yes,8,Summit,Weekly,No
CUST-3635,Female,67,Home,Cookware,274.38,New York,S,Purple,Spring,3.19,No,Express,Credit Card,Yes,Yes,22,Northwind,Monthly,Yes
CUST-3636,Female,25,Sports,Fitness Tracker,152.48,Houston,M,Green,Spring,3.61,No,Pickup,Debit Card,No,No,1,Aster,Monthly,No
CUST-3637,Male,52,Electronics,Phone,328.55,Austin,One Size,Black,Spring,5.0,No,Next Day,PayPal,Yes,No,18,Aster,Bi-Weekly,Yes
CUST-3638,Male,47,Clothing,Dress,240.92,Chicago,One Size,Purple,Winter,4.73,Yes,Standard,Cash,Yes,No,20,Aster,Monthly,No
CUST-3639,Female,25,Clothing,Dress,160.67,Los Angeles,S,Black,Fall,2.06,Yes,Next Day,Credit Card,Yes,Yes,23,Northwind,Annually,No
CUST-3640,Female,28,Electronics,Headphones,272.96,Seattle,XL,Green,Summer,4.81,Yes,Express,Debit Card,Yes,No,7,Luma,Quarterly,No
CUST-3641,Female,61,Home,Lamp,303.14,Boston,XL,Green,Winter,4.23,Yes,Next Day,Credit Card,Yes,No,18,Luma,Weekly,Yes
CUST-3642,Female,36,Home,Storage Bin,276.0,Seattle,L,Black,Winter,4.31,Yes,Pickup,Credit Card,No,No,11,Aster,Monthly,Yes
CUST-3643,Male,59,Books,Science Book,265.36,Chicago,One Size,Blue,Winter,4.14,Yes,Standard,PayPal,No,No,19,Horizon,Bi-Weekly,No
CUST-3644,Male,48,Electronics,Headphones,316.54,Seattle,L,Black,Winter,4.22,No,Standard,Cash,No,No,22,Summit,Annually,Yes
CUST-3645,Male,61,Beauty,Skincare Set,181.46,Houston,S,White,Spring,4.54,No,Standard,Debit Card,Yes,No,7,Summit,Weekly,No
CUST-3646,Non-binary,57,Clothing,Sweater,207.33,New York,M,Blue,Winter,4.91,Yes,Standard,Cash,Yes,Yes,12,Northwind,Annually,No
CUST-3647,Female,34,Clothing,Dress,176.3,Austin,XL,Red,Spring,3.22,Yes,Express,Bank Transfer,No,No,9,Summit,Quarterly,No
CUST-3648,Male,56,Sports,Cycling Bottle,250.52,New York,One Size,Gold,Fall,4.53,No,Pickup,Cash,No,No,14,Northwind,Monthly,No
CUST-3649,Female,25,Clothing,Dress,174.34,Houston,S,Blue,Fall,2.97,No,Next Day,Cash,Yes,Yes,14,Luma,Monthly,No
CUST-3650,Male,57,Sports,Fitness Tracker,205.99,Chicago,One Size,Green,Summer,3.96,No,Pickup,Bank Transfer,Yes,Yes,4,Luma,Bi-Weekly,No
CUST-3651,Female,33,Clothing,Jacket,131.24,Miami,XL,Red,Summer,4.6,No,Pickup,Bank Transfer,Yes,No,4,Vivid,Weekly,No
CUST-3652,Female,27,Books,Novel,201.64,Houston,XL,White,Spring,4.85,No,Next Day,Cash,Yes,No,16,Luma,Monthly,No
CUST-3653,Male,62,Clothing,Dress,266.84,Houston,L,Gold,Fall,4.28,Yes,Next Day,Credit Card,No,No,12,Luma,Weekly,No
CUST-3654,Non-binary,40,Clothing,T-Shirt,180.94,New York,S,Black,Winter,3.8,No,Next Day,PayPal,No,No,3,Vivid,Weekly,No
CUST-3655,Male,53,Electronics,Headphones,264.77,Boston,M,Red,Winter,2.74,No,Next Day,Credit Card,No,No,7,Vivid,Annually,No
CUST-3656,Female,44,Books,Science Book,209.69,Seattle,M,Gold,Spring,4.27,No,Next Day,Cash,Yes,No,24,Summit,Bi-Weekly,No
CUST-3657,Male,29,Clothing,T-Shirt,241.48,New York,L,Blue,Spring,4.19,No,Next Day,Bank Transfer,No,No,19,Northwind,Weekly,No
CUST-3658,Male,68,Sports,Dumbbells,300.01,Los Angeles,XL,White,Winter,5.0,No,Standard,Cash,Yes,Yes,16,Summit,Bi-Weekly,Yes
CUST-3659,Female,43,Books,Self-help,143.99,Boston,XL,White,Spring,4.38,No,Pickup,PayPal,Yes,No,13,Northwind,Weekly,No
CUST-3660,Female,50,Beauty,Serum,227.03,Houston,XL,Blue,Spring,4.64,No,Next Day,Cash,Yes,No,23,Luma,Annually,No
CUST-3661,Male,36,Beauty,Perfume,278.4,Los Angeles,M,Purple,Spring,4.83,No,Standard,Debit Card,No,No,22,Horizon,Quarterly,Yes
CUST-3662,Male,68,Home,Chair,179.88,Seattle,One Size,Red,Fall,5.0,No,Pickup,Bank Transfer,Yes,Yes,1,Summit,Annually,No
CUST-3663,Female,33,Clothing,Jeans,148.78,Boston,L,Blue,Spring,3.19,No,Express,Debit Card,Yes,No,16,Aster,Weekly,No
CUST-3664,Male,22,Electronics,Laptop,323.82,Miami,XL,Black,Spring,4.05,Yes,Pickup,Bank Transfer,No,No,17,Luma,Quarterly,Yes
CUST-3665,Male,64,Clothing,T-Shirt,252.51,Miami,M,Black,Winter,3.06,Yes,Next Day,Bank Transfer,Yes,Yes,22,Aster,Weekly,No
CUST-3666,Female,23,Clothing,Jacket,202.81,New York,S,Gold,Summer,5.0,Yes,Express,Credit Card,Yes,Yes,21,Summit,Quarterly,No
CUST-3667,Female,61,Home,Lamp,228.35,Miami,S,Gold,Fall,4.04,Yes,Pickup,Bank Transfer,Yes,Yes,4,Horizon,Quarterly,No
CUST-3668,Female,30,Electronics,Headphones,307.89,Miami,One Size,Red,Winter,4.53,No,Pickup,Bank Transfer,No,No,15,Luma,Monthly,Yes
CUST-3669,Male,31,Clothing,Jacket,208.64,New York,XL,Gold,Fall,4.89,No,Standard,Credit Card,No,No,14,Aster,Bi-Weekly,No
CUST-3670,Female,49,Home,Chair,259.17,New York,S,Red,Winter,5.0,No,Standard,PayPal,Yes,No,9,Luma,Quarterly,No
CUST-3671,Female,35,Books,Cookbook,173.14,Boston,M,White,Summer,4.06,No,Standard,PayPal,Yes,Yes,15,Horizon,Bi-Weekly,No
CUST-3672,Male,59,Clothing,T-Shirt,200.34,Los Angeles,L,Purple,Summer,4.26,Yes,Express,Debit Card,No,No,6,Aster,Annually,No
CUST-3673,Male,57,Clothing,T-Shirt,122.21,Los Angeles,XL,Red,Winter,4.76,No,Pickup,Cash,No,No,1,Aster,Monthly,No
CUST-3674,Female,51,Beauty,Skincare Set,199.82,New York,One Size,Purple,Summer,3.15,No,Next Day,Cash,Yes,Yes,18,Vivid,Monthly,No
CUST-3675,Female,29,Clothing,Sweater,124.86,Houston,S,Gold,Summer,4.04,No,Next Day,Cash,Yes,No,8,Horizon,Monthly,No
CUST-3676,Male,23,Clothing,T-Shirt,121.63,Boston,M,White,Fall,4.07,No,Standard,PayPal,No,No,2,Northwind,Monthly,No
CUST-3677,Non-binary,19,Electronics,Tablet,326.85,Chicago,One Size,White,Fall,3.85,No,Next Day,Credit Card,No,No,21,Luma,Weekly,Yes
CUST-3678,Male,63,Beauty,Skincare Set,250.67,Chicago,S,Red,Summer,3.95,No,Pickup,Bank Transfer,Yes,No,23,Northwind,Bi-Weekly,No
CUST-3679,Male,68,Electronics,Smartwatch,338.57,Austin,XL,Black,Fall,4.62,No,Express,Cash,Yes,Yes,23,Luma,Bi-Weekly,Yes
CUST-3680,Female,20,Beauty,Skincare Set,243.18,Austin,One Size,Green,Fall,5.0,No,Pickup,PayPal,Yes,No,22,Northwind,Monthly,No
CUST-3681,Female,40,Beauty,Perfume,210.72,New York,M,Green,Fall,4.37,No,Express,Debit Card,Yes,No,19,Aster,Bi-Weekly,No
CUST-3682,Male,39,Beauty,Serum,254.83,Miami,M,White,Winter,4.25,No,Express,Bank Transfer,Yes,Yes,18,Horizon,Bi-Weekly,No
CUST-3683,Female,63,Books,Self-help,226.64,Houston,M,Red,Summer,4.7,No,Next Day,Bank Transfer,Yes,Yes,24,Horizon,Monthly,No
CUST-3684,Female,47,Home,Cookware,330.9,Boston,One Size,White,Winter,5.0,Yes,Express,PayPal,Yes,No,24,Aster,Monthly,Yes
CUST-3685,Male,25,Electronics,Laptop,222.8,Miami,XL,White,Fall,4.32,No,Standard,PayPal,No,No,1,Northwind,Monthly,No
CUST-3686,Female,28,Home,Storage Bin,222.81,Chicago,M,Red,Spring,5.0,No,Express,Credit Card,Yes,No,14,Vivid,Bi-Weekly,No
CUST-3687,Male,22,Electronics,Phone,263.06,Boston,XL,White,Fall,2.74,Yes,Express,Bank Transfer,No,No,11,Horizon,Bi-Weekly,No
CUST-3688,Female,55,Home,Lamp,298.94,Chicago,M,Black,Spring,4.69,No,Standard,Bank Transfer,Yes,Yes,24,Luma,Quarterly,Yes
CUST-3689,Female,53,Sports,Fitness Tracker,195.85,Boston,XL,Gold,Fall,4.31,No,Standard,PayPal,No,No,5,Aster,Monthly,No
CUST-3690,Male,38,Clothing,Jeans,133.97,Austin,XL,Red,Fall,4.3,No,Express,Bank Transfer,Yes,No,12,Horizon,Annually,No
CUST-3691,Male,64,Books,Science Book,107.43,New York,XL,Red,Summer,3.24,No,Next Day,Debit Card,Yes,Yes,4,Aster,Bi-Weekly,No
CUST-3692,Male,59,Home,Cookware,240.89,Seattle,M,Purple,Summer,4.06,Yes,Pickup,Credit Card,No,No,1,Luma,Bi-Weekly,No
CUST-3693,Female,61,Home,Lamp,223.07,Seattle,XL,Blue,Summer,3.99,No,Next Day,PayPal,Yes,No,6,Northwind,Quarterly,No
CUST-3694,Female,56,Clothing,Jacket,171.98,Houston,S,Purple,Winter,4.09,No,Express,Credit Card,Yes,Yes,10,Northwind,Quarterly,No
CUST-3695,Female,46,Sports,Fitness Tracker,210.72,Miami,S,White,Fall,5.0,No,Standard,PayPal,Yes,Yes,8,Luma,Annually,No
CUST-3696,Female,32,Electronics,Phone,303.25,Houston,S,White,Summer,5.0,Yes,Next Day,Debit Card,No,No,11,Horizon,Bi-Weekly,Yes
CUST-3697,Male,32,Books,Self-help,170.59,New York,XL,Red,Fall,5.0,Yes,Standard,Credit Card,No,No,3,Summit,Monthly,No
CUST-3698,Male,59,Electronics,Headphones,279.48,Los Angeles,One Size,Black,Winter,3.82,No,Standard,PayPal,No,No,3,Vivid,Monthly,Yes
CUST-3699,Female,27,Home,Chair,260.82,Chicago,L,Purple,Summer,4.42,Yes,Pickup,PayPal,No,No,19,Aster,Annually,No
CUST-3700,Male,63,Beauty,Perfume,194.87,Austin,XL,White,Summer,5.0,No,Express,Cash,No,No,3,Summit,Quarterly,No
CUST-3701,Female,29,Clothing,Dress,190.84,Seattle,M,Red,Spring,5.0,Yes,Next Day,PayPal,No,No,7,Horizon,Annually,No
CUST-3702,Female,50,Clothing,Jeans,192.09,New York,L,Blue,Fall,4.36,No,Next Day,Bank Transfer,Yes,Yes,16,Horizon,Monthly,No
CUST-3703,Non-binary,57,Sports,Yoga Mat,324.64,Austin,XL,Black,Winter,3.68,No,Next Day,Bank Transfer,No,No,20,Aster,Weekly,Yes
CUST-3704,Female,48,Sports,Dumbbells,266.48,Houston,XL,Blue,Winter,4.48,No,Pickup,Debit Card,Yes,Yes,22,Summit,Annually,No
CUST-3705,Female,33,Beauty,Brush Set,185.29,Boston,One Size,Red,Winter,3.73,Yes,Express,Debit Card,No,No,1,Aster,Weekly,No
CUST-3706,Male,64,Clothing,Jeans,264.63,Houston,M,White,Summer,4.24,No,Standard,Credit Card,Yes,Yes,20,Summit,Monthly,No
CUST-3707,Female,26,Electronics,Headphones,336.72,Miami,L,White,Summer,4.16,No,Next Day,Cash,No,No,10,Summit,Weekly,Yes
CUST-3708,Female,46,Sports,Running Shoes,189.97,Houston,XL,Blue,Fall,3.98,Yes,Express,Cash,Yes,Yes,4,Luma,Monthly,No
CUST-3709,Female,37,Electronics,Phone,303.28,Los Angeles,M,White,Fall,4.07,Yes,Express,PayPal,No,No,11,Northwind,Annually,Yes
CUST-3710,Male,30,Books,History Book,109.43,Los Angeles,S,Gold,Winter,4.52,No,Express,Debit Card,Yes,Yes,8,Luma,Weekly,No
CUST-3711,Female,35,Clothing,Jacket,266.69,Houston,XL,Red,Winter,3.89,Yes,Pickup,PayPal,Yes,No,15,Horizon,Weekly,No
CUST-3712,Female,55,Home,Storage Bin,296.51,Austin,M,Purple,Spring,4.75,Yes,Standard,Credit Card,No,No,15,Luma,Annually,Yes
CUST-3713,Male,31,Beauty,Perfume,229.93,New York,XL,Black,Summer,4.02,Yes,Standard,PayPal,Yes,Yes,12,Vivid,Weekly,No
CUST-3714,Female,60,Clothing,Dress,221.84,Austin,S,Green,Fall,5.0,Yes,Next Day,Bank Transfer,Yes,No,21,Horizon,Annually,No
CUST-3715,Female,25,Clothing,Jacket,127.2,Seattle,L,Purple,Summer,4.38,No,Express,Credit Card,No,No,1,Aster,Monthly,No
CUST-3716,Female,18,Sports,Dumbbells,236.67,Los Angeles,M,Purple,Winter,3.54,Yes,Pickup,Credit Card,Yes,Yes,20,Luma,Annually,No
CUST-3717,Male,50,Home,Desk,193.61,Austin,L,Purple,Winter,3.0,No,Express,Credit Card,No,No,8,Vivid,Quarterly,No
CUST-3718,Male,20,Home,Chair,222.43,Los Angeles,M,Red,Winter,4.78,Yes,Standard,Bank Transfer,Yes,No,13,Northwind,Bi-Weekly,No
CUST-3719,Male,59,Sports,Fitness Tracker,240.36,New York,M,Gold,Spring,4.57,No,Express,Bank Transfer,No,No,8,Summit,Monthly,No
CUST-3720,Female,23,Books,Cookbook,221.46,Houston,S,Purple,Spring,5.0,Yes,Next Day,PayPal,No,No,22,Northwind,Annually,No
CUST-3721,Male,65,Beauty,Serum,179.83,Austin,L,Green,Spring,4.44,No,Express,Credit Card,Yes,Yes,7,Northwind,Quarterly,No
CUST-3722,Male,42,Books,History Book,164.34,Los Angeles,M,Blue,Spring,4.2,Yes,Express,Cash,No,No,12,Northwind,Annually,No
CUST-3723,Female,59,Sports,Cycling Bottle,254.1,Miami,M,Black,Fall,3.51,Yes,Next Day,Cash,No,No,17,Horizon,Annually,No
CUST-3724,Female,50,Clothing,Dress,273.98,Seattle,M,White,Spring,3.59,Yes,Express,Cash,No,No,16,Vivid,Quarterly,No
CUST-3725,Female,35,Electronics,Phone,280.88,Boston,XL,Gold,Winter,4.26,No,Standard,Bank Transfer,Yes,No,6,Vivid,Weekly,Yes
CUST-3726,Male,52,Beauty,Brush Set,213.51,Chicago,L,White,Winter,4.01,No,Express,PayPal,No,No,11,Northwind,Monthly,No
CUST-3727,Male,55,Beauty,Perfume,249.53,Seattle,L,Gold,Summer,4.93,No,Express,Credit Card,Yes,Yes,18,Vivid,Monthly,No
CUST-3728,Female,60,Sports,Cycling Bottle,314.99,Los Angeles,One Size,Black,Summer,5.0,Yes,Next Day,Bank Transfer,No,No,24,Vivid,Weekly,Yes
CUST-3729,Male,23,Clothing,T-Shirt,180.02,Houston,S,White,Fall,3.83,Yes,Next Day,Bank Transfer,No,No,4,Horizon,Bi-Weekly,No
CUST-3730,Male,31,Home,Cookware,316.98,Houston,One Size,Purple,Spring,4.32,Yes,Next Day,Credit Card,No,No,21,Aster,Weekly,Yes
CUST-3731,Male,57,Sports,Fitness Tracker,291.39,Chicago,L,Green,Fall,4.96,Yes,Standard,Cash,Yes,No,11,Luma,Bi-Weekly,Yes
CUST-3732,Female,51,Clothing,T-Shirt,135.14,Los Angeles,One Size,Red,Spring,4.15,No,Next Day,Bank Transfer,No,No,3,Summit,Quarterly,No
CUST-3733,Male,66,Beauty,Serum,215.77,Miami,S,Red,Fall,4.35,No,Next Day,Debit Card,No,No,10,Horizon,Bi-Weekly,No
CUST-3734,Male,21,Clothing,Jacket,128.81,Miami,XL,Blue,Fall,3.94,Yes,Next Day,Bank Transfer,No,No,4,Vivid,Quarterly,No
CUST-3735,Male,56,Clothing,Dress,182.95,Miami,One Size,Green,Winter,3.12,No,Standard,Cash,Yes,No,16,Summit,Quarterly,No
CUST-3736,Male,69,Electronics,Headphones,297.49,Miami,One Size,Red,Spring,4.06,No,Next Day,Cash,Yes,No,5,Northwind,Monthly,Yes
CUST-3737,Male,45,Beauty,Brush Set,129.6,Los Angeles,M,Black,Summer,3.94,No,Pickup,Credit Card,Yes,Yes,1,Horizon,Monthly,No
CUST-3738,Male,53,Clothing,T-Shirt,268.54,Chicago,L,Green,Winter,5.0,No,Standard,Bank Transfer,No,No,20,Luma,Annually,No
CUST-3739,Male,65,Beauty,Brush Set,280.63,Houston,One Size,Blue,Winter,4.12,No,Pickup,Debit Card,Yes,No,23,Horizon,Weekly,Yes
CUST-3740,Female,33,Beauty,Makeup Kit,180.66,New York,M,Green,Winter,4.61,No,Express,Cash,No,No,8,Aster,Annually,No
CUST-3741,Male,30,Clothing,T-Shirt,183.44,Los Angeles,M,Purple,Spring,3.93,No,Express,Credit Card,Yes,No,19,Summit,Annually,No
CUST-3742,Male,34,Clothing,Jacket,188.85,Houston,L,White,Fall,3.82,No,Next Day,Credit Card,No,No,23,Aster,Bi-Weekly,No
CUST-3743,Non-binary,38,Home,Desk,295.23,Boston,XL,Gold,Winter,4.23,No,Standard,PayPal,Yes,Yes,23,Vivid,Bi-Weekly,Yes
CUST-3744,Female,35,Clothing,T-Shirt,232.74,Seattle,One Size,Blue,Fall,4.0,Yes,Next Day,Bank Transfer,No,No,21,Summit,Quarterly,No
CUST-3745,Male,71,Home,Chair,314.26,Seattle,One Size,Red,Spring,4.91,No,Next Day,Debit Card,Yes,Yes,18,Vivid,Bi-Weekly,Yes
CUST-3746,Female,50,Clothing,T-Shirt,192.33,Seattle,One Size,Red,Summer,3.63,No,Pickup,PayPal,No,No,10,Vivid,Monthly,No
CUST-3747,Female,18,Beauty,Makeup Kit,213.42,Chicago,S,Blue,Summer,4.29,Yes,Next Day,Debit Card,No,No,13,Vivid,Bi-Weekly,No
CUST-3748,Female,21,Sports,Yoga Mat,190.14,Seattle,L,Gold,Summer,3.46,Yes,Standard,Debit Card,Yes,No,16,Aster,Weekly,No
CUST-3749,Female,35,Beauty,Brush Set,197.27,New York,M,Red,Spring,4.68,No,Standard,Cash,Yes,No,7,Aster,Bi-Weekly,No
CUST-3750,Male,48,Electronics,Smartwatch,292.86,Miami,S,Green,Summer,4.46,No,Express,Credit Card,Yes,Yes,7,Luma,Bi-Weekly,Yes
CUST-3751,Male,25,Clothing,Jacket,224.32,Chicago,M,Green,Winter,5.0,No,Express,Bank Transfer,No,No,22,Aster,Bi-Weekly,No
CUST-3752,Male,70,Books,Cookbook,208.59,Miami,M,White,Winter,4.78,No,Next Day,Bank Transfer,Yes,No,12,Horizon,Monthly,No
CUST-3753,Female,23,Electronics,Tablet,283.5,Boston,M,Green,Spring,4.25,Yes,Next Day,Credit Card,Yes,No,7,Summit,Monthly,Yes
CUST-3754,Female,55,Sports,Yoga Mat,210.98,Chicago,One Size,Purple,Fall,4.3,No,Standard,Cash,Yes,Yes,8,Aster,Annually,No
CUST-3755,Female,18,Clothing,Jeans,155.76,Miami,One Size,Gold,Fall,3.79,Yes,Standard,Bank Transfer,Yes,No,5,Vivid,Weekly,No
CUST-3756,Male,46,Electronics,Phone,251.31,Chicago,S,Purple,Spring,3.88,No,Express,Credit Card,Yes,Yes,1,Luma,Bi-Weekly,No
CUST-3757,Male,19,Books,Cookbook,153.25,Los Angeles,M,Red,Fall,4.5,No,Express,PayPal,Yes,Yes,16,Summit,Bi-Weekly,No
CUST-3758,Female,35,Sports,Fitness Tracker,220.43,Houston,XL,White,Winter,4.15,No,Express,Bank Transfer,No,No,15,Horizon,Monthly,No
CUST-3759,Male,67,Clothing,Jacket,226.23,Miami,L,Red,Fall,3.46,No,Pickup,Credit Card,No,No,23,Northwind,Monthly,No
CUST-3760,Male,32,Books,Self-help,187.2,Los Angeles,XL,Green,Winter,4.75,Yes,Express,PayPal,Yes,Yes,14,Northwind,Monthly,No
CUST-3761,Male,70,Electronics,Laptop,341.75,Seattle,M,White,Fall,5.0,No,Standard,Credit Card,No,No,8,Aster,Monthly,Yes
CUST-3762,Male,51,Home,Chair,315.61,Miami,S,Green,Summer,4.06,Yes,Express,Cash,No,No,18,Horizon,Weekly,Yes
CUST-3763,Male,50,Electronics,Phone,337.73,Houston,M,White,Summer,4.29,Yes,Next Day,PayPal,No,No,19,Vivid,Annually,Yes
CUST-3764,Female,29,Clothing,Dress,228.47,Austin,S,Green,Summer,4.77,No,Standard,Cash,No,No,17,Northwind,Weekly,No
CUST-3765,Female,36,Electronics,Laptop,317.08,Miami,M,Purple,Spring,3.72,No,Pickup,Debit Card,No,No,10,Northwind,Weekly,Yes
CUST-3766,Female,69,Beauty,Perfume,109.99,Boston,XL,Gold,Summer,3.04,No,Next Day,Cash,Yes,No,5,Northwind,Quarterly,No
CUST-3767,Female,63,Clothing,Jacket,207.2,Chicago,L,Red,Winter,1.96,Yes,Next Day,Credit Card,No,No,15,Summit,Quarterly,No
CUST-3768,Female,27,Clothing,Jacket,171.62,Boston,M,Red,Summer,4.92,No,Express,Bank Transfer,Yes,No,9,Luma,Quarterly,No
CUST-3769,Male,34,Home,Cookware,249.69,Chicago,L,Purple,Summer,4.86,No,Next Day,Debit Card,Yes,No,14,Summit,Weekly,No
CUST-3770,Female,41,Home,Cookware,241.94,Miami,XL,Blue,Fall,4.18,Yes,Pickup,Cash,Yes,Yes,21,Horizon,Annually,No
CUST-3771,Male,19,Beauty,Serum,239.12,Miami,XL,White,Spring,4.11,No,Standard,Debit Card,No,No,15,Summit,Weekly,No
CUST-3772,Female,61,Sports,Dumbbells,315.76,Houston,One Size,White,Summer,4.14,No,Next Day,Cash,No,No,24,Aster,Weekly,Yes
CUST-3773,Female,56,Clothing,Jacket,205.67,Chicago,M,Black,Summer,4.21,No,Express,Debit Card,Yes,No,18,Vivid,Annually,No
CUST-3774,Female,54,Beauty,Brush Set,240.81,New York,S,White,Spring,5.0,Yes,Next Day,Debit Card,No,No,9,Northwind,Annually,No
CUST-3775,Female,47,Sports,Running Shoes,245.13,Houston,One Size,Blue,Spring,3.39,Yes,Standard,Cash,Yes,No,17,Aster,Monthly,No
CUST-3776,Male,20,Electronics,Smartwatch,309.11,Boston,M,Black,Winter,4.91,Yes,Express,Debit Card,Yes,No,5,Horizon,Bi-Weekly,Yes
CUST-3777,Male,57,Clothing,Jeans,210.5,New York,L,White,Summer,4.89,No,Standard,Debit Card,No,No,1,Northwind,Weekly,No
CUST-3778,Female,64,Clothing,T-Shirt,213.59,Seattle,L,Purple,Winter,4.3,Yes,Pickup,Debit Card,No,No,12,Summit,Bi-Weekly,No
CUST-3779,Female,65,Clothing,Sweater,142.21,Seattle,M,Red,Fall,4.31,No,Express,PayPal,Yes,No,8,Luma,Annually,No
CUST-3780,Male,67,Electronics,Phone,286.49,Austin,M,Purple,Winter,3.67,No,Express,PayPal,No,No,3,Northwind,Bi-Weekly,Yes
CUST-3781,Male,69,Books,Self-help,162.14,Seattle,XL,White,Winter,4.84,No,Express,Credit Card,No,No,2,Aster,Bi-Weekly,No
CUST-3782,Female,23,Beauty,Perfume,242.54,Houston,S,Black,Summer,3.55,Yes,Pickup,Debit Card,Yes,No,24,Luma,Bi-Weekly,No
CUST-3783,Male,19,Beauty,Brush Set,130.7,Houston,L,Green,Fall,3.52,No,Express,Debit Card,Yes,Yes,8,Northwind,Quarterly,No
CUST-3784,Male,33,Home,Cookware,240.3,Seattle,One Size,Gold,Summer,4.52,No,Express,Debit Card,Yes,No,24,Summit,Annually,No
CUST-3785,Male,25,Beauty,Perfume,189.85,Seattle,XL,Purple,Spring,4.82,No,Express,Debit Card,No,No,6,Northwind,Annually,No
CUST-3786,Female,50,Home,Cookware,289.76,Seattle,One Size,Purple,Winter,4.36,Yes,Express,Credit Card,No,No,22,Aster,Quarterly,Yes
CUST-3787,Female,28,Clothing,Dress,264.03,Austin,XL,Green,Summer,5.0,No,Express,Debit Card,No,No,20,Vivid,Bi-Weekly,No
CUST-3788,Female,31,Clothing,Dress,183.08,Austin,S,Green,Summer,3.85,Yes,Standard,Bank Transfer,Yes,No,10,Summit,Weekly,No
CUST-3789,Non-binary,49,Sports,Fitness Tracker,260.32,Austin,M,Green,Winter,4.96,No,Next Day,Bank Transfer,Yes,Yes,13,Summit,Monthly,No
CUST-3790,Male,61,Clothing,T-Shirt,191.42,Austin,M,Purple,Fall,3.56,No,Pickup,Credit Card,No,No,19,Summit,Annually,No
CUST-3791,Male,71,Beauty,Skincare Set,259.93,Boston,M,Blue,Spring,4.75,No,Pickup,Debit Card,No,No,14,Summit,Bi-Weekly,No
CUST-3792,Male,51,Electronics,Laptop,391.68,Los Angeles,S,Black,Fall,5.0,No,Express,Credit Card,Yes,No,23,Luma,Bi-Weekly,Yes
CUST-3793,Male,38,Sports,Cycling Bottle,156.72,Los Angeles,XL,Gold,Spring,4.65,No,Next Day,Bank Transfer,Yes,Yes,2,Vivid,Annually,No
CUST-3794,Female,67,Beauty,Makeup Kit,207.97,Los Angeles,S,Black,Winter,5.0,No,Pickup,Bank Transfer,Yes,No,24,Summit,Annually,No
CUST-3795,Male,33,Home,Storage Bin,246.13,Miami,M,Gold,Winter,4.33,No,Pickup,Bank Transfer,Yes,No,15,Summit,Annually,No
CUST-3796,Male,39,Beauty,Serum,162.04,Houston,L,Blue,Spring,5.0,No,Standard,Cash,No,No,3,Summit,Monthly,No
CUST-3797,Female,51,Home,Chair,250.94,Houston,S,Black,Spring,4.24,No,Express,PayPal,Yes,Yes,16,Luma,Quarterly,No
CUST-3798,Male,61,Sports,Yoga Mat,283.9,Boston,XL,Blue,Winter,4.34,No,Next Day,Cash,Yes,No,13,Horizon,Weekly,Yes
CUST-3799,Female,44,Sports,Fitness Tracker,293.83,Miami,XL,Blue,Winter,3.4,No,Pickup,Cash,No,No,18,Northwind,Weekly,Yes
CUST-3800,Female,57,Clothing,Jacket,215.98,Los Angeles,M,Red,Spring,4.13,No,Express,Debit Card,Yes,No,16,Horizon,Bi-Weekly,No
CUST-3801,Male,39,Home,Cookware,223.9,Austin,One Size,Purple,Winter,5.0,No,Express,PayPal,Yes,Yes,5,Horizon,Quarterly,No
CUST-3802,Female,54,Books,Science Book,120.92,Houston,M,Red,Summer,3.78,No,Next Day,Cash,Yes,No,5,Aster,Monthly,No
CUST-3803,Female,42,Sports,Running Shoes,315.6,Chicago,M,Purple,Winter,5.0,No,Express,Cash,Yes,Yes,23,Aster,Weekly,Yes
CUST-3804,Male,65,Sports,Yoga Mat,205.41,Seattle,L,Blue,Summer,4.82,No,Pickup,Bank Transfer,No,No,1,Vivid,Annually,No
CUST-3805,Female,50,Home,Desk,200.61,New York,L,White,Summer,3.71,No,Standard,Bank Transfer,No,No,8,Aster,Quarterly,No
CUST-3806,Male,58,Sports,Dumbbells,278.17,Boston,S,Gold,Spring,4.83,No,Standard,Credit Card,No,No,15,Aster,Bi-Weekly,Yes
CUST-3807,Female,43,Electronics,Laptop,271.94,Chicago,One Size,Black,Fall,4.81,Yes,Pickup,Credit Card,Yes,Yes,10,Aster,Annually,No
CUST-3808,Male,35,Books,History Book,148.43,Houston,XL,Gold,Summer,3.91,No,Pickup,Bank Transfer,No,No,9,Summit,Quarterly,No
CUST-3809,Male,58,Sports,Running Shoes,217.61,Seattle,One Size,Red,Fall,3.51,Yes,Express,Debit Card,Yes,No,13,Vivid,Weekly,No
CUST-3810,Female,36,Clothing,Dress,189.34,Los Angeles,M,White,Spring,4.35,Yes,Pickup,Debit Card,No,No,13,Luma,Quarterly,No
CUST-3811,Male,41,Electronics,Phone,277.55,Seattle,L,Gold,Fall,4.6,Yes,Standard,Bank Transfer,Yes,Yes,12,Aster,Bi-Weekly,Yes
CUST-3812,Female,51,Beauty,Serum,312.88,Houston,XL,Purple,Spring,4.3,No,Next Day,Cash,No,No,19,Summit,Weekly,Yes
CUST-3813,Male,44,Sports,Running Shoes,279.84,Houston,L,Purple,Fall,3.76,Yes,Express,Cash,No,No,22,Northwind,Annually,Yes
CUST-3814,Male,47,Electronics,Laptop,338.19,New York,One Size,Blue,Winter,4.57,Yes,Next Day,Cash,No,No,10,Aster,Monthly,Yes
CUST-3815,Male,43,Clothing,Jacket,180.11,Seattle,One Size,Blue,Winter,3.81,Yes,Next Day,Bank Transfer,Yes,Yes,14,Northwind,Annually,No
CUST-3816,Female,39,Sports,Running Shoes,294.96,Boston,M,Purple,Summer,4.53,No,Express,Cash,No,No,16,Northwind,Bi-Weekly,Yes
CUST-3817,Non-binary,30,Electronics,Smartwatch,282.32,Seattle,L,White,Winter,4.51,No,Express,Debit Card,Yes,No,9,Northwind,Weekly,Yes
CUST-3818,Male,39,Home,Lamp,208.43,New York,L,Gold,Summer,4.24,No,Pickup,Debit Card,No,No,10,Summit,Annually,No
CUST-3819,Male,64,Home,Cookware,216.4,New York,M,Red,Winter,3.54,No,Next Day,Cash,Yes,Yes,3,Aster,Quarterly,No
CUST-3820,Male,41,Beauty,Makeup Kit,220.09,New York,M,Green,Fall,4.07,No,Express,PayPal,Yes,No,19,Aster,Bi-Weekly,No
CUST-3821,Male,46,Home,Desk,173.05,New York,M,Black,Winter,2.62,No,Express,Debit Card,No,No,3,Summit,Annually,No
CUST-3822,Female,48,Books,Cookbook,151.16,Seattle,One Size,Green,Spring,3.56,No,Standard,Cash,Yes,Yes,12,Horizon,Quarterly,No
CUST-3823,Female,40,Electronics,Headphones,381.21,Los Angeles,M,White,Winter,5.0,No,Express,Bank Transfer,No,No,10,Horizon,Weekly,Yes
CUST-3824,Female,32,Home,Lamp,238.64,Houston,L,White,Fall,4.85,No,Express,Credit Card,Yes,No,9,Vivid,Bi-Weekly,No
CUST-3825,Male,63,Electronics,Smartwatch,384.35,New York,L,Gold,Spring,5.0,Yes,Standard,Bank Transfer,Yes,No,23,Summit,Bi-Weekly,Yes
CUST-3826,Male,40,Home,Lamp,317.21,Austin,L,White,Spring,5.0,Yes,Express,Credit Card,No,No,14,Northwind,Bi-Weekly,Yes
CUST-3827,Male,52,Electronics,Smartwatch,298.75,Boston,S,Gold,Spring,4.66,No,Express,Credit Card,Yes,Yes,8,Luma,Quarterly,Yes
CUST-3828,Male,30,Electronics,Headphones,386.31,Miami,L,Purple,Spring,4.86,Yes,Pickup,Debit Card,No,No,18,Vivid,Weekly,Yes
CUST-3829,Female,67,Clothing,Jeans,208.35,Los Angeles,One Size,Green,Summer,3.51,Yes,Standard,Cash,Yes,No,11,Vivid,Quarterly,No
CUST-3830,Female,62,Clothing,T-Shirt,235.38,Boston,L,Red,Winter,4.04,No,Pickup,Debit Card,Yes,Yes,24,Northwind,Monthly,No
CUST-3831,Male,64,Sports,Dumbbells,289.28,New York,M,Gold,Fall,4.29,Yes,Standard,PayPal,No,No,12,Vivid,Weekly,Yes
CUST-3832,Male,55,Clothing,Jacket,124.55,Chicago,M,Red,Summer,3.26,No,Express,Debit Card,Yes,No,1,Aster,Annually,No
CUST-3833,Non-binary,68,Clothing,Dress,243.41,New York,L,White,Fall,4.18,No,Standard,Debit Card,No,No,19,Luma,Quarterly,No
CUST-3834,Male,31,Sports,Running Shoes,259.69,Miami,M,White,Summer,5.0,No,Next Day,Bank Transfer,No,No,20,Aster,Annually,No
CUST-3835,Male,59,Books,Novel,183.74,Austin,XL,Gold,Summer,4.75,No,Next Day,Credit Card,Yes,No,18,Northwind,Annually,No
CUST-3836,Male,63,Electronics,Laptop,336.59,Chicago,M,White,Fall,4.08,Yes,Next Day,Cash,No,No,12,Vivid,Bi-Weekly,Yes
CUST-3837,Female,20,Sports,Running Shoes,252.69,Miami,L,White,Summer,4.36,No,Express,Credit Card,No,No,16,Aster,Weekly,No
CUST-3838,Male,40,Electronics,Phone,332.69,Boston,M,White,Winter,4.58,Yes,Next Day,Debit Card,Yes,No,7,Aster,Weekly,Yes
CUST-3839,Female,61,Clothing,Sweater,241.2,Houston,L,Purple,Fall,4.6,Yes,Standard,PayPal,Yes,No,17,Northwind,Monthly,No
CUST-3840,Female,31,Clothing,Dress,179.98,Seattle,M,Purple,Spring,4.65,Yes,Pickup,PayPal,Yes,No,8,Luma,Monthly,No
CUST-3841,Female,28,Electronics,Smartwatch,256.03,Seattle,XL,Gold,Spring,4.95,No,Next Day,PayPal,Yes,No,5,Horizon,Monthly,No
CUST-3842,Male,33,Clothing,Dress,190.91,Seattle,S,Green,Spring,4.74,Yes,Next Day,PayPal,Yes,No,17,Luma,Monthly,No
CUST-3843,Female,21,Clothing,Dress,109.77,Seattle,XL,Gold,Fall,3.83,No,Pickup,Credit Card,Yes,Yes,5,Northwind,Annually,No
CUST-3844,Female,25,Electronics,Smartwatch,300.9,New York,XL,Blue,Fall,4.26,Yes,Next Day,Credit Card,No,No,6,Northwind,Weekly,Yes
CUST-3845,Female,36,Electronics,Phone,321.5,Miami,M,Black,Summer,4.76,Yes,Standard,Bank Transfer,No,No,11,Luma,Annually,Yes
CUST-3846,Non-binary,54,Beauty,Makeup Kit,206.44,Miami,L,Purple,Summer,3.62,No,Standard,PayPal,No,No,20,Aster,Annually,No
CUST-3847,Female,58,Home,Chair,263.45,Boston,S,Black,Fall,3.87,Yes,Express,Cash,No,No,15,Luma,Annually,No
CUST-3848,Female,60,Sports,Dumbbells,211.69,Austin,L,Blue,Spring,3.91,No,Standard,Bank Transfer,Yes,No,5,Luma,Weekly,No
CUST-3849,Male,57,Clothing,Jacket,139.78,New York,M,Gold,Winter,2.91,No,Express,Cash,No,No,4,Northwind,Annually,No
CUST-3850,Male,47,Beauty,Perfume,244.9,Austin,XL,White,Summer,5.0,No,Express,Debit Card,Yes,Yes,20,Summit,Annually,No
CUST-3851,Male,57,Electronics,Tablet,295.49,Miami,One Size,Purple,Fall,5.0,No,Next Day,PayPal,Yes,No,9,Summit,Annually,Yes
CUST-3852,Female,60,Home,Chair,313.7,Chicago,One Size,Blue,Summer,5.0,Yes,Standard,PayPal,Yes,No,6,Aster,Monthly,Yes
CUST-3853,Male,50,Sports,Cycling Bottle,264.14,Chicago,XL,Gold,Fall,5.0,No,Standard,PayPal,Yes,No,19,Summit,Weekly,No
CUST-3854,Female,31,Sports,Cycling Bottle,180.99,New York,XL,Red,Fall,4.71,No,Pickup,Cash,Yes,Yes,13,Horizon,Monthly,No
CUST-3855,Female,26,Electronics,Tablet,271.49,Austin,L,Black,Winter,3.91,No,Express,PayPal,Yes,Yes,9,Northwind,Bi-Weekly,No
CUST-3856,Male,27,Electronics,Phone,320.41,Austin,One Size,Black,Spring,3.4,No,Pickup,Credit Card,No,No,22,Vivid,Weekly,Yes
CUST-3857,Male,58,Beauty,Skincare Set,201.84,Houston,XL,White,Fall,4.86,Yes,Express,Cash,Yes,Yes,5,Aster,Quarterly,No
CUST-3858,Male,55,Clothing,T-Shirt,223.18,Chicago,M,Purple,Spring,4.79,Yes,Pickup,Cash,Yes,No,14,Vivid,Quarterly,No
CUST-3859,Male,59,Sports,Cycling Bottle,213.46,New York,L,Blue,Fall,5.0,No,Next Day,Bank Transfer,No,No,14,Horizon,Monthly,No
CUST-3860,Female,62,Books,Self-help,174.99,Seattle,S,Blue,Spring,4.78,Yes,Standard,Credit Card,Yes,Yes,6,Summit,Bi-Weekly,No
CUST-3861,Female,52,Electronics,Phone,353.8,Miami,One Size,Black,Fall,4.91,No,Express,Credit Card,No,No,23,Summit,Annually,Yes
CUST-3862,Female,53,Books,Novel,235.12,Seattle,XL,White,Winter,3.88,No,Standard,PayPal,No,No,24,Summit,Annually,No
CUST-3863,Male,38,Electronics,Tablet,343.68,Houston,L,Black,Summer,4.05,No,Next Day,Cash,Yes,Yes,18,Summit,Bi-Weekly,Yes
CUST-3864,Female,18,Sports,Yoga Mat,205.32,Boston,L,Green,Fall,5.0,No,Pickup,Cash,Yes,No,13,Horizon,Monthly,No
CUST-3865,Female,54,Clothing,Jeans,236.97,Los Angeles,XL,Red,Fall,5.0,No,Express,PayPal,Yes,Yes,24,Aster,Quarterly,No
CUST-3866,Female,42,Clothing,Jeans,193.99,New York,M,Gold,Spring,4.45,No,Standard,Cash,Yes,Yes,12,Summit,Annually,No
CUST-3867,Female,64,Electronics,Headphones,342.02,Chicago,XL,Red,Winter,4.55,No,Express,Debit Card,Yes,No,20,Vivid,Bi-Weekly,Yes
CUST-3868,Male,54,Home,Cookware,239.15,Austin,M,Black,Winter,3.72,Yes,Pickup,Cash,Yes,Yes,10,Horizon,Annually,No
CUST-3869,Male,58,Clothing,T-Shirt,244.53,Austin,M,Red,Fall,4.72,Yes,Standard,Credit Card,No,No,21,Summit,Bi-Weekly,No
CUST-3870,Male,61,Books,Novel,244.12,Miami,S,Red,Winter,4.43,Yes,Pickup,Debit Card,Yes,No,21,Northwind,Quarterly,No
CUST-3871,Male,20,Home,Cookware,136.28,Los Angeles,S,White,Spring,3.46,No,Pickup,Debit Card,Yes,Yes,5,Horizon,Annually,No
CUST-3872,Male,39,Electronics,Tablet,228.43,Boston,L,Blue,Summer,2.66,Yes,Next Day,PayPal,Yes,Yes,8,Summit,Monthly,No
CUST-3873,Female,48,Books,Cookbook,227.18,Chicago,S,Blue,Spring,5.0,Yes,Pickup,Cash,Yes,No,23,Northwind,Quarterly,No
CUST-3874,Male,19,Electronics,Phone,329.74,Houston,L,Gold,Fall,4.65,No,Next Day,Debit Card,Yes,Yes,21,Luma,Bi-Weekly,Yes
CUST-3875,Female,65,Beauty,Brush Set,185.5,Houston,One Size,Red,Winter,3.82,No,Pickup,Debit Card,No,No,2,Northwind,Quarterly,No
CUST-3876,Female,71,Clothing,Dress,166.04,Miami,XL,Green,Fall,4.06,No,Standard,Credit Card,Yes,Yes,12,Summit,Annually,No
CUST-3877,Male,71,Home,Lamp,250.27,Austin,M,Red,Fall,4.05,Yes,Pickup,Cash,Yes,Yes,6,Luma,Monthly,No
CUST-3878,Female,20,Home,Desk,211.19,Miami,XL,Purple,Summer,4.2,No,Express,Debit Card,No,No,6,Northwind,Weekly,No
CUST-3879,Female,32,Beauty,Skincare Set,170.99,Boston,L,Green,Spring,3.07,No,Standard,Credit Card,Yes,No,6,Horizon,Bi-Weekly,No
CUST-3880,Female,62,Home,Cookware,249.39,Houston,S,Gold,Spring,3.6,Yes,Next Day,Cash,Yes,Yes,3,Summit,Bi-Weekly,No
CUST-3881,Male,64,Clothing,Jeans,204.77,New York,XL,Green,Winter,4.03,No,Pickup,PayPal,Yes,No,15,Summit,Quarterly,No
CUST-3882,Male,44,Electronics,Laptop,281.06,Houston,L,Red,Winter,2.98,Yes,Pickup,Debit Card,Yes,No,1,Aster,Bi-Weekly,Yes
CUST-3883,Male,27,Sports,Yoga Mat,168.67,New York,One Size,White,Winter,4.42,No,Pickup,PayPal,Yes,Yes,8,Aster,Monthly,No
CUST-3884,Male,47,Home,Lamp,207.01,Austin,M,Purple,Spring,4.31,Yes,Express,Debit Card,Yes,No,6,Aster,Quarterly,No
CUST-3885,Male,59,Sports,Yoga Mat,267.2,Austin,S,Purple,Fall,4.86,Yes,Express,Cash,No,No,8,Northwind,Weekly,No
CUST-3886,Female,23,Clothing,Jacket,138.61,Seattle,M,Green,Winter,4.89,No,Pickup,Credit Card,No,No,7,Summit,Monthly,No
CUST-3887,Male,30,Clothing,Dress,200.47,Seattle,M,Green,Winter,5.0,Yes,Standard,Cash,Yes,Yes,15,Horizon,Annually,No
CUST-3888,Female,42,Beauty,Serum,302.17,Boston,One Size,White,Winter,4.37,Yes,Express,Bank Transfer,No,No,17,Vivid,Weekly,Yes
CUST-3889,Female,66,Beauty,Makeup Kit,332.24,Seattle,One Size,Blue,Fall,4.87,No,Pickup,Debit Card,No,No,21,Aster,Weekly,Yes
CUST-3890,Female,26,Home,Lamp,179.86,Austin,L,Blue,Summer,3.85,Yes,Pickup,PayPal,Yes,No,4,Horizon,Weekly,No
CUST-3891,Male,56,Electronics,Laptop,348.13,Los Angeles,XL,Gold,Winter,5.0,Yes,Standard,Credit Card,Yes,No,17,Vivid,Monthly,Yes
CUST-3892,Male,22,Home,Desk,197.96,Boston,S,Black,Winter,3.72,Yes,Express,Cash,Yes,No,10,Aster,Monthly,No
CUST-3893,Female,51,Home,Desk,292.87,New York,L,Blue,Fall,5.0,No,Next Day,Credit Card,No,No,24,Luma,Quarterly,Yes
CUST-3894,Male,66,Beauty,Serum,185.34,Los Angeles,M,Green,Fall,3.51,No,Express,Debit Card,Yes,No,9,Horizon,Quarterly,No
CUST-3895,Male,40,Clothing,Sweater,207.19,Boston,M,Gold,Spring,3.78,No,Standard,Credit Card,Yes,No,19,Horizon,Weekly,No
CUST-3896,Male,71,Clothing,Jacket,165.86,Miami,M,Green,Winter,4.9,Yes,Standard,Bank Transfer,Yes,Yes,6,Northwind,Annually,No
CUST-3897,Female,35,Clothing,T-Shirt,192.27,Seattle,S,Purple,Fall,4.61,Yes,Standard,Cash,Yes,No,20,Aster,Monthly,No
CUST-3898,Male,54,Beauty,Brush Set,231.49,Seattle,XL,Purple,Winter,3.66,No,Next Day,PayPal,No,No,14,Northwind,Annually,No
CUST-3899,Female,38,Clothing,Jeans,277.32,Miami,One Size,Gold,Summer,5.0,No,Standard,Debit Card,No,No,24,Luma,Weekly,Yes
CUST-3900,Male,28,Books,Science Book,159.81,Chicago,One Size,Green,Winter,3.28,No,Pickup,Credit Card,No,No,14,Luma,Monthly,No
